theme,name,author,abstract,source,date,database,quote,download
低空经济,低空经济的空间生产逻辑——基于马克思主义政治经济学的阐释,郑吉伟;初传凯,"低空经济是在低空空域内，通过各类航空载运与作业装备技术开展的经济活动。低空经济遵循的是空间生产逻辑，即利用“空间修复”和“时空压缩”,将低空空域从“未开发资源”转化为“战略资产”,达到缓解平均利润率下降趋势的目的。它以技术革命性突破和生产要素的创新性配置为前提，在劳动力和生产资料的“空地”组合跃升过程中，完成生产方式的“区域立体化”重构。为推动我国低空经济发展，必须构建社会主义市场经济框架下的空间生产路径，将社会主义制度优越性与新质生产力深度融合，在确保空域资源的公有化配置的基础上，将放大国有资本功能与释放市场潜力相结合，大力推进科技创新，构建低空经济的区域产业集群，实现对低空经济的常态化监管，完善多元协同治理格局。",内蒙古社会科学,2025/9/4,期刊,,
低空经济,低空经济视域下交通运输拔尖创新人才培养改革研究,王党雄;辛莉峰;韩飞;郑瑞峰;郑净,随着低空空域管理改革深化和无人机物流、城市空中交通（UAM）等新业态快速发展，传统交通运输人才培养面临空域认知缺失、多模态协同能力不足等突出问题，导致低空经济下的新型交通运输行业的持续发展在人才储备方面后劲不足。该文通过构建“空-地-信”深度融合的人才培养模型，提出三维课程体系重构、虚实协同实训平台建设、适航认证导向评价改革等创新路径。最后通过上海工程技术大学和湖南蔚蓝航校等案例的验证，验证改革路径的可行性和有效性。该研究可为有效提升交通运输拔尖创新人才培养质量提供理论支撑。,高教学刊,2025/9/4,期刊,,
低空经济,低空经济企业突破式创新与高质量发展,单伟;谢文彬;孙一中;程长风,作为我国战略性新兴产业，低空经济正成为培育新质生产力的关键领域。基于TOE框架，通过建立整合QCA与回归分析的复杂中介模型，系统探究低空经济领域企业突破式创新的驱动路径及其对高质量发展的作用机制。研究发现：（1）突破式创新能力的形成遵循多重并发因果逻辑，不存在单一必要条件；（2）企业创新存在研发驱动型、数字驱动型、环境驱动型、协同驱动型及创新试错型五类驱动范式；（3）复杂中介检验表明，除创新试错型外，其余四类范式基本均可通过赋能突破式创新能力，进而促进企业高质量发展。研究结果填补了低空经济微观机制的理论空白，并为企业优化创新战略和政府构建产业生态提供决策依据。,科学学研究,2025/8/29 14:48,期刊,,519
低空经济,低空经济赋能乡村振兴：价值意蕴、现实梗阻及优化路径,贾政霖;李波,作为经济发展的新动能，低空经济在推动战略新兴产业与未来产业发展方面具有关键作用，成为经济增长与科技创新的新引擎。作为新兴生产要素载体，低空经济通过生产力价值形态跃升、产业链协同模式创新与服务价值新生态培育的三维变革，在农业生产要素重组、产业组织形态升级与新兴服务生态构建等层面形成系统性创新，推动传统农业向技术集成化、系统智能化与业态多元化的高质量发展。当前面临经济管理体制机制的深层矛盾、专业化人力资本储备不足、智能基础设施网络化滞后等现实约束，制约低空经济赋能效能释放。突破路径在于构建空域资源弹性化治理框架，打造低空经济创新人才培育体系，构建乡村低空经济基础设施协同发展体系，为农业农村现代化注入高质量发展动能。,新疆农垦经济,2025/8/28 16:26,期刊,,196
低空经济,低空经济与道路联运融合发展问题研究,徐笑阳,低空经济作为新兴战略性产业，道路联运则是传统交通运输体系的重要构成部分，低空经济延伸了空中网络，道路联运完善了地面网络，二者各有优势。本文首先阐述了低空经济与道路联运的含义及联系，其次分析了低空经济的现状与局限，然后在此基础上，进一步分析了低空经济与道路联运融合的价值，最后从政策、基建、技术、市场等多维度提出低空经济与道路联运融合的措施。本文采用系统论的方法分析低空经济与道路联运的关系、现状，以及存在的问题，目的在于分析最佳的融合措施，以期望通过融合协调能显著提升运输效率、拓展运输网络。,中国企业经营管理知识仓库,2025/8/28 15:30,期刊,,49
低空经济,高校低空经济复合型人才培养路径探索,李鹏;时晓洋,"作为经济高质量发展的新引擎,低空经济对复合型人才的需求日益迫切。当前,高校低空经济专业人才培养规模与产业需求不匹配,且存在不同学科缺乏有效联动、实践教学内容相对滞后、产教协同机制不够完善、低空政策教育深度不足等问题。因此,高校需强化学科交叉融合,完善实践教学体系,深化产教协同机制,重视低空政策教育,培育符合我国国情的低空经济人才。",河南财政金融学院学报(哲学社会科学版),2025/8/27 10:57,期刊,,101
低空经济,高技术产业集聚能否助力低空经济高质量发展？,热依汗古丽·依沙克;睢党臣;吕心妍,以2012—2022年我国30个省级面板数据为样本，采用固定效应模型实证检验高技术产业集聚对低空经济高质量发展的影响，并进一步探讨技术创新的中介作用。实证结果表明：高技术产业集聚不仅能直接促进低空经济高质量发展，还可通过激发技术创新推动低空经济高质量发展，即高技术产业集聚通过提升区域创新能力，间接促进低空经济高质量发展；区域异质性分析发现，中西部地区的正向效应高于东部地区。为此，建议依据各地经济基础差异，精准布局高技术产业集群，完善创新激励机制，构建协同创新平台；加大对中西部地区的财政与制度支持力度，推动区域间均衡发展与创新驱动共进。,技术经济与管理研究,2025/8/26,期刊,,129
低空经济,低空经济推动农业现代化的路径探索——国际经验与中国实践,杜佳信;钟超;郜亮亮,【目的】本文旨在系统识别我国农业低空经济在发展过程中所面临的核心制度障碍，揭示其由试验性技术向系统化发展转型过程中的关键约束机制，并借鉴国际先进经验，为我国农业现代化政策路径构建提供理论支持与实践参考。【方法】通过内在逻辑分析与国际经验综述，围绕农业低空经济技术应用和制度环境展开核心挑战分析，选取欧盟、以色列、日本、美国、荷兰为典型经济体或国家，分别分析其在空域管理、技术适配、服务制度、人才支撑与数据平台方面的政策响应路径，提炼可供我国农业现代化借鉴的制度经验。【结果】精准生产体系重构、资源利用效率提升、技术与制度协同演化、可持续发展范式转型共同推动了农业低空经济的应用边界拓展，以及农业现代化的多维进展。与此同时，技术应用的结构性矛盾和制度环境的系统性障碍共同制约了我国农业低空经济的发展潜力。【结论】农业低空经济的高质量发展，既需突破技术发展的现实瓶颈，也需构建与之相适应的制度框架与治理体系。应立足我国现实情况，聚焦规范技术体系建设和优化制度框架设计两个主要维度，充分发挥低空经济在农业领域的潜力，为农业现代化注入新动力。,资源科学,2025/8/25 13:44,期刊,,304
低空经济,中国低空经济政策演进及区域差异,杜德林;谭文蔚;王姣娥;陈卓,【目的】低空经济是新质生产力的典型代表，受到了学术界和各级政府部门的广泛关注。本文旨在梳理中国低空经济发展的相关政策，识别其演进过程与区域差异，为理解低空经济发展的制度背景、完善相关政策制定提供参考。【方法】本文在各级政府部门与相关机构的官方网站检索获取了截至2025年2月20日的低空经济相关政策文本与标准文件，通过空间统计与词频分析的方法，探究低空经济政策的演进阶段、特征变化与空间差异等。【结果】(1)中国低空经济政策经历了探索发展、起步发展和加速发展的演进阶段，关注点从注重安全转向安全与发展并重，从相互独立转向统筹协调，政策内容从低空空域、低空基础设施和低空载体等单要素逐渐向涵盖多要素的场景应用拓展。(2)长三角、粤港澳大湾区和成渝地区是出台低空经济政策较多的地区，西部地区大部分省份的政策出台相对较少。(3)各省份的政策均强调了无人机等内容，但侧重点有所差异，可归纳为以广东为代表的综合发展型、以北京为代表的创新驱动型和以福建为代表的场景应用型，这与地方的自然环境、经济基础、产业发展、创新资源、特色经济等基础条件密切相关。【结论】各级政府部门出台了一系列政策推动低空经济发展，然而顶层...,资源科学,2025/8/25 13:27,期刊,,456
低空经济,低空经济的地理学释义与低空人地系统理论解析,王姣娥;杜德林,随着人类活动从地表空间向低空立体空间深度拓展，低空空域资源价值得以激活并由此推动了低空经济发展。由于低空-地表-人类活动的交互作用复杂，亟需发挥地理学学科优势，开展低空人地系统研究，为人地系统的可持续发展与低空经济的科学落地提供指导。本文通过概念辨析、文献梳理与理论解析的方法，阐述低空经济的概念内涵与地理特征，对低空人地系统进行要素结构与理论解析，并提出未来应重点关注的研究议题。低空已从单纯的大气空间概念延伸至具有自然、社会和经济属性的资源要素，低空人类活动与低空地理环境交互形成的复杂低空-地表-人类活动系统成为人地系统研究的新对象。本文构建了低空人地系统的概念，即低空人地系统是由低空资源、低空地理环境和低空人类活动及其交互作用构成。其中，低空资源是以低空空域开发利用为核心，与地表-人类活动交互作用中形成的各类有形资源与无形资源，其容量测度是低空经济发展的基础；低空地理环境受边界层气象、下垫面状况、地形地貌、地表建筑、生态环境和人类活动等因素的影响，具有区域性、复杂性、动态性、综合性特征；低空人类活动是人类为了生存发展和提升生活水平，围绕低空资源进行的一系列活动，会产生经济、社会和环境...,资源科学,2025/8/25 13:27,期刊,,141
低空经济,低空经济试点的交通新业态智慧监管研究,王佩佩,"低空经济无人机物流和城市空中出行创新模式迅速崛起,但空域管理复杂、监管技术落后、法规政策不够健全制约着行业安全可持续发展。本文从低空经济试点实践现状出发,对交通新业态的运营模式,空域利用,安全监管等特征进行剖析,系统地揭示了智慧监管存在技术滞后、数据孤岛、法规执行力不高等主要问题,提出构建智能监管体系,促进数据共享协同和健全法规政策机制等三个优化对策；同时,着重指出引入大数据、人工智能、区块链等先进技术建设多源信息融合平台并实现跨部门协同治理,能够显著提高监管效率与风险防控能力。",中国航务周刊,2025/8/25,期刊,,32
低空经济,低空经济驱动下地方高校机器人专业教学创新研究,陈敏;吴志刚,我国低空经济已进入快速发展阶段，作为新质生产力的典型代表，“机器人—无人机”产业是其重要支撑。基于学校特色和区域实际，面向江西省低空经济发展需求，创新性地构建了“教学—竞赛—产业”多层次协同培养模式，提出了一套低成本、高效益的教学改革方案。该研究为资源受限的地方高校开展“机器人—无人机”人才培养提供了可复制的实施路径，对服务区域低空经济发展具有重要实践价值。,工业和信息化教育,2025/8/25,期刊,,12
低空经济,低空经济背景下交叉学科人才培养创新模式研究,陈龙;魏晓娜;杨富春;唐韵青;李星,为适应低空经济迅猛发展背景下行业对高质量人才的需求，基于低空经济背景下人才培养模式特点，总结创新模式及人才培养成果，讨论人才培养模式在低空经济背景下的适用性和可行性，探索低空经济背景下交叉学科人才培养创新模式，助力低空经济背景下我国高质量复合型人才的培养模式改革。,工业和信息化教育,2025/8/25,期刊,,30
低空经济,低空经济背景下“无人系统安全”课程立体化教学改革与实践,刘亦石;洪晟,随着低空经济产业的爆发式增长，无人系统安全已成为支撑产业可持续发展的核心技术领域。“无人系统安全”作为学习智能无人系统的主干课程，承担着培养“低空经济+安全”复合型人才的重任。在“新工科”及产业升级背景下，针对传统教学中存在的教育理念和思路的问题，授课团队不断探索新的教学方式，构建了“理论—实验—场景”三维立体化教学体系，推动教学改革与实践创新。,工业和信息化教育,2025/8/25,期刊,,19
低空经济,面向低空经济的“仪器开发与创新”课程内涵建设,尚振东;杨晓康;胡向义;胡志刚;蔡海潮,为解决部分研究生课程思政教育薄弱、教学内容不成体系、研究生创新能力培养不足等问题，课程组面向低空经济以“仪器开发与创新”课程为例，进行硕士研究生课程内涵建设，以习近平新时代中国特色社会主义思想为核心内容，把马克思主义世界观和方法论、科学精神、家国情怀、法治意识、社会责任、职业伦理、生态文明、人文素养等，有机融入课程教学并贯穿始终；反映我国科学技术突飞猛进的现实，改革课程教学内容，将高端仪器总体设计、仪器创新设计和仪器可靠性设计作为课程教学内容；贯彻现代教育理念，采用先进教育教学技术，综合运用案例式教学、线上线下结合、项目制教学、翻转课堂等方式方法，提高研究生仪器开发与创新能力。,工业和信息化教育,2025/8/25,期刊,,2
低空经济,低空经济背景下产教融合育人体系构建与协同机制创新研究,胡敏;周福泠,基于创新生态系统理论，构建“教育链—产业链—人才链”三链协同模型，提出分层化的人才培养体系与标准化对接机制，建立了三重螺旋向四维协同的进化路径。通过对青岛蓝谷通航产业园、粤港澳无人机产业带的实践进行双重差分分析(DID)，实证发现，通过“设备共享池+生产性实训”模式校企共建航空飞行营地，使大型设备利用率从52%提升至88%，单位人才培养成本下降了34%。“订单式培养”模式依托岗位能力图谱开发技术，降低企业用工成本28%。研究建议，通过设立国家产教融合试验区、构建职业能力标准框架、完善三维激励政策等系统性举措，推动人才供给与产业需求深度耦合。,工业和信息化教育,2025/8/25,期刊,,22
低空经济,贵州地区低空经济对玉米生产的影响及应对措施,王太航;田洪敏;何文超,探讨了贵州地区低空经济（特别是通用航空产业及其在农业领域的应用）对玉米生产的影响，在气候变化和地理条件等因素的影响下，玉米种植产量呈现波动趋势。基于大数据分析方法，对比了不同地区低空经济对玉米生产情况的影响。提出了相应的应对策略，包括优化种植结构等，推动科技创新，提升贵州低空经济对玉米生产的正面作用。,当代农机,2025/8/20,期刊,,66
低空经济,低空经济视角下南通无人机物流产业高质量发展研究,孙一珩,本文从低空经济特征及发展趋势出发，对南通无人机物流产业发展现状进行分析，并提出南通无人机物流产业高质量发展路径，为推动南通无人机物流产业发展、提升低空经济发展水平提供积极参考。,中国航务周刊,2025/8/18,期刊,,172
低空经济,低空经济产业现状与对策研究,刘震磊;王浩;吕勤云;李月月;齐纪,<正>国家未来产业发展的重要方向。在全球经济格局大幅度调整、科技迅速发展的大背景下，低空经济产业作为新兴战略领域快速崛起[1-2]，世界各国争先发展低空经济，抢占产业制高点[3]。我国加速发展低空经济的意义重大，既顺应国际竞争态势，提升航空领域话语权与竞争力，助力构建开放型经济新体制，又关联国家战略，合理开放空域可支撑军事训练、推动军民融合与国防科技创新，同时带动高端制造产业、现代服务产业升级，促进区域协调发展，为落后地区谋跨越发展[4]。,航空动力,2025/8/18,期刊,,
低空经济,商业银行赋能低空经济产业链的创新路径,孟添;陆岷峰;施亚东,低空经济作为我国经济转型的重要新兴形态，其产业链特性催生差异化金融服务需求。商业银行在解决产业链融资难题和创新投融资模式方面具有关键作用。基于低空经济金融需求特征，商业银行应通过优化信贷服务、发展数字供应链金融、提供全生命周期资本服务、推进场景化金融创新及金融科技赋能等手段提供精准支持。同时，为应对市场不确定性、技术风险及跨领域协同挑战，商业银行需提升风险筛查能力，构建技术导向型风控体系并强化协同机制。,区域金融研究,2025/8/15 12:41,期刊,,
低空经济,商业银行赋能低空经济产业链的创新路径,孟添;陆岷峰;施亚东,低空经济作为我国经济转型的重要新兴形态，其产业链特性催生差异化金融服务需求。商业银行在解决产业链融资难题和创新投融资模式方面具有关键作用。基于低空经济金融需求特征，商业银行应通过优化信贷服务、发展数字供应链金融、提供全生命周期资本服务、推进场景化金融创新及金融科技赋能等手段提供精准支持。同时，为应对市场不确定性、技术风险及跨领域协同挑战，商业银行需提升风险筛查能力，构建技术导向型风控体系并强化协同机制。,区域金融研究,2025/8/15 12:41,期刊,,273
低空经济,启航低空经济，赋能千行百业——2025国际低空经济博览会圆满闭幕,于云霞,<正>为期四天的2025国际低空经济博览会于7月26日圆满落幕。作为聚焦低空经济全产业链为核心的国际性展会，本届博览会以“启航低空经济，赋能千行百业”为主题，吸引了近300家参展商，覆盖无人机、eVTOL（电动垂直起降飞行器）、飞行汽车、低空基础设施等低空全产业链，展出面积突破6万平方米，累计接待观众超5.52万人次。博览会期间，共达成包括17.5亿美元订单在内的多项战略合作，预示着低空经济从技术探索开始迈向规模化商业应用。,中国会展,2025/8/15,期刊,,56
低空经济,低空经济赋能乡村振兴：机理、挑战和应对路径,王淑鹤,当下，我国低空经济发展势头迅猛，为农业农村现代化、实现乡村振兴提供了重要机遇。低空经济作为农业新质生产力的典型代表，正在不断突破乡村振兴进程中的壁垒，并为“三农”发展提供系统性解决方案。研究表明，低空经济可以为乡村振兴提供坚实的人力保障、智力支持和产业供给，但是也面临着人才资源短缺、技术普及不均衡和产业融合深度不足等问题。因此，需要构建“人力—技术—产业”三维实践路径，培育更多专业人才，弥合城乡技术鸿沟，促进多元产业融合发展，以期实现“低空经济+农业+”产业体系高质量发展，激发乡村振兴内生动力。,产业创新研究,2025/8/15,期刊,,60
低空经济,沧州低空经济发展研究,李玮,沧州市作为河北省低空经济发展的重要试点城市，需以政策为引领，构建契合区域发展的低空经济体系，推动其全面充分发展。当下，需要从农林、物流以及医疗等民生领域入手，通过优化监控剂体系、扩展应用场景、加强技术研发等方式，实现沧州低空经济的稳定发展，全面打造符合沧州市发展的经济产业链条，为城市发展注入新动能。,上海商业,2025/8/15,期刊,,31
低空经济,金融支持低空经济的国际经验与对中国的启示,邵科;叶怀斌;马天娇,当前，全球低空经济快速增长，金融发挥了关键作用：第一，政策性金融作为关键时刻的支撑，建立完备的信用担保体系，运用财政杠杆撬动社会资金；第二，商业银行发挥综合金融支持作用，围绕各细分领域重点支持，提升产品适配性；第三，多层次资本市场是最重要的融资来源，活跃的股权市场是核心支撑，风险投资是技术商业化的关键推动力。我国金融业持续加大对低空经济的支持力度，但仍存在一定的问题及挑战，例如，银行产品和服务创新不足、市场反应相对滞后，资本市场不完善、多渠道融资能力相对受限，产融协同不足加剧资源错配等。借鉴国际经验，我国可以形成政策性金融、商业银行体系和多层次资本市场协同支持的良好局面，更好地推动低空经济的发展。,国际金融,2025/8/15,期刊,,23
低空经济,合肥市低空经济发展战略多维演进研究:现状审视、挑战破局与未来图景,姜文;杨洁;徐洋,"低空经济是引领未来的战略性新兴产业,对构建现代产业体系、推动经济高质量发展具有重要意义。本研究梳理了合肥市低空经济发展现状,剖析了其在产业链协同、空域管理改革、技术标准体系及资金投入等方面面临的挑战,并就未来发展前景进行了展望。研究认为,合肥市应着力强化产业链上下游协同配套,深化低空空域管理改革,加快关键技术标准研制,拓宽多元化投融资渠道,推动低空经济从概念验证走向商业化运营,加速构建“制造+服务”双轮驱动的现代产业生态,打造全国领先的区域产业集聚区。以期为合肥市加快建设具有国际影响力的“低空之城”、推动区域经济高质量发展提供决策参考。",厦门科技,2025/8/15,期刊,,15
低空经济,低空经济赋能乡村振兴：价值意蕴、现实梗阻及优化路径,贾政霖;李波,作为经济发展的新动能，低空经济在推动战略新兴产业与未来产业发展方面具有关键作用，成为经济增长与科技创新的新引擎。作为新兴生产要素载体，低空经济通过生产力价值形态跃升、产业链协同模式创新与服务价值新生态培育的三维变革，在农业生产要素重组、产业组织形态升级与新兴服务生态构建等层面形成系统性创新，推动传统农业向技术集成化、系统智能化与业态多元化的高质量发展。当前面临经济管理体制机制的深层矛盾、专业化人力资本储备不足、智能基础设施网络化滞后等现实约束，制约低空经济赋能效能释放。突破路径在于构建空域资源弹性化治理框架，打造低空经济创新人才培育体系，构建乡村低空经济基础设施协同发展体系，为农业农村现代化注入高质量发展动能。,新疆农垦经济,2025/8/15,期刊,,13
低空经济,护航低空经济，5G-A“编织”低空安全防护网,陈向荣;王仕豪;郑荣辉;余烽,<正>近年来，随着无人机、轻型航空器等低空飞行器的快速普及，低空领域成为社会治理的新盲区。“黑飞”无人机干扰机场航班起降、闯入重大活动安保空域、偷拍涉密场所等事件频发，给公共安全、国家安全带来严峻挑战。为破解低空治理难题，浙江省公安厅联合浙江移动，依托浙江省数字经济发展优势，率先启动5G-A低空公共安全管理平台（下称“平台”）项目。,信息化建设,2025/8/15,期刊,,13
低空经济,空中交通管控与低空经济发展技术应用,李晓宇,围绕空中交通管控治理，旨在解决当前低空空域管理中的系统性问题，提高空域资源利用效率，为无人机物流、城市低空出行等场景的规模化应用提供保障。系统梳理了当前低空空域管理的现状：低空经济规模不断扩大；无人机低空防护系统、寒区无人机智能机库等技术得到初步应用；多省试点政策和《无人驾驶航空器飞行管理暂行条例》构建了管理机制的雏形。为促进低空经济安全高效发展，从技术、制度、体系三个维度协同优化：协调创新无人机反制技术，通过构建一体化综合监管服务平台，实现全域感知体系和层次化对策；完善低空空域运行标准、对策责任追溯机制和《无人驾驶航空器飞行管理暂行条例》实施细则；构建资源适配、跨场景协同的低空智能管控体系，依托不同平台实现多部门数据互联、空域动态调度，为低空经济发展提供实践路径。,黑龙江交通科技,2025/8/15,期刊,,5
低空经济,低空经济视域下有关高职生低空管制技能培养的思考,裘群禄,随着无人机产业的快速发展，低空空域的安全管理与资源优化配置成为关键问题。本文聚焦低空经济背景下低空管制技能型人才的培养。研究提出，高职院校航空类专业群应嵌入低空管制技能课程，通过“低空空域安全”与“低空空域资源配置及利用”两大模块，培养学生的空管技能。本文旨在为我国低空经济的健康发展提供人才支持，确保低空空域的安全与高效利用。,塑料包装,2025/8/15,期刊,,1
低空经济,低空经济背景下气象无人机系统研究,高山;张高健;窦建虎;孙涛,文章设计并实现了一套基于无人机的高精度气象监测系统，旨在弥补传统气象观测手段的不足。该系统通过多光谱成像、高精度气象站和气体监测仪等设备，实现了对气象要素、大气环境和生态环境的多维度监测。采用系统设计方法，构建了包括硬件选型、软件开发和数据处理的完整架构，并通过实际应用验证了系统的有效性。研究结果表明，该系统能够显著提升低空飞行的气象监测精度，为低空经济活动提供有力支持。未来可以在数据融合、精细化气象服务等方面加以改进，为低空经济的可持续发展提供技术保障。,气象水文海洋仪器,2025/8/15,期刊,,
低空经济,湖北机场集团：发力共建低空经济综合试验区,郑玮,<正>在湖北机场集团办公楼4楼，超大电子屏正实时更新湖北低空经济各板块运行情况。该数据平台是湖北省低空飞行服务平台，是湖北低空发展“大脑”。湖北机场集团相关负责人表示，围绕省委战略布局，该集团牵头组建了湖北省低空综合服务有限责任公司（以下简称“省低空公司”），统筹湖北低空空域协同运行和飞行服务管理，组织实施低空空域、航路航线、监视通信网络规划建设。,支点,2025/8/15,特色期刊,,
低空经济,物流职业本科教育与低空经济发展的融合路径研究,寇振国,在无人机技术的推动下，低空经济已经成为经济增长的新引擎。然而，传统物流职业本科教育却难以匹配低空经济的技术与产业需求。鉴于此，采用文献研究、案例分析等方法，深入剖析二者融合的现状、价值、困境及实践路径。研究发现，物流职业本科教育与低空经济发展的融合面临课程设置脱节、实践资源匮乏、师资不足、产业合作机制不完善、政策法规制约等问题。为此，提出了优化课程体系、加强实践基地建设、强化师资队伍建设、完善产业合作机制、加强政策研究与执行等融合路径。通过这些举措，可有效推动物流职业本科教育与低空经济深度融合，为低空经济发展提供专业人才，促进区域经济与产业协同进步。,现代职业教育,2025/8/13,期刊,,58
低空经济,低空经济赋能高质量发展的内在机理与现实路径,沈映春;李昂,低空经济作为依托低空空域资源的产业体系与价值网络，蕴含多维核心要素，是推动经济高质量发展的重要引擎。作为新兴经济形态，现阶段的低空经济在发展过程中面临制度体系尚不健全、基础设施建设滞后、科技创新存在短板、专业人才无法满足市场需求、商业模式欠成熟等困境。为破解困境、释放低空经济发展潜力，文本基于低空经济赋能高质量发展的内在机理，从技术创新、场景创新及制度创新等维度提出建议，旨在强化低空经济政策支撑，有效克服发展障碍，为中国经济高质量发展注入新动能。,新疆师范大学学报(哲学社会科学版),2025/8/12 11:23,期刊,,941
低空经济,标识重塑低空经济应用和管理范式,周静娴;刘江华;朱伟杰;胡键伟,<正>近年来，我国将低空经济纳入国家战略性新兴产业范畴，政策支持力度持续加大。2023年，国务院出台《关于推动低空经济高质量发展的指导意见》，重点部署空域资源向经济价值转化的路径。在中央政策引导下，地方政府积极响应，截至2024年，全国已有至少25个省份制定了专项实施方案，形成了“国家指导、地方探索”的协同发展模式。从市场发展态势来看，低空经济正呈现多元化发展特征：在物流配送领域，主要电商平台的无人机配送业务年均增速超过150%；在城市交通方面，电动垂直起降飞行器（eVTOL）试点范围持续扩大；在公共服务领域，无人机在消防、巡检等场景的应用规模突破80亿元。这些新兴业态的快速发展，使低空经济成为区域经济新的增长点。,通信世界,2025/8/10,期刊,,67
低空经济,低空经济发展中安全生产的机遇挑战和建议,王义林;潘晨雨;明银龙,低空经济的高速发展为安全生产带来了重要机遇，本文认为低空经济能显著提高安全管理效能，大幅完善监测预警体系，进一步优化非现场执法应用，但同时低空经济也面临配套设施建设不足、产业链风险点多面广、监管制度体系不完善等问题，亟须以科技引领为核心，大力推动基础设施建设，培育“低空+安全”专业力量，完善低空管理体系，以高水平低空安全护航高质量经济发展。,质量与认证,2025/8/10,期刊,,137
低空经济,低空经济对TIC行业的影响与挑战,刘欣欣;李彧超;许少轩,随着空域管理改革和飞行器技术进步，我国低空经济正逐步由试点示范迈向规模化应用，对TIC服务提出了从静态检测向系统运行保障延伸的新要求。本文梳理了低空经济构成与发展趋势，系统分析了其对TIC服务在内容结构、能力体系和标准支撑等方面的深刻影响，识别出了能力结构不匹配、标准支撑不足、采信机制缺位等关键问题。在此基础上，本文提出加强平台能力建设、复合型人才培养、标准引领和采信机制构建等策略，推动低空经济下TIC服务的高质量协同发展。,质量与认证,2025/8/10,期刊,,34
低空经济,低空经济赋能农业新质生产力发展的内在逻辑与实践路径,刘星,低空经济是赋能农业新质生产力发展的重要引擎和推动农业农村现代化转型的关键抓手。作为战略性新兴产业，低空经济具有空间立体性、数字生态性、产业融合性等显著特征。低空经济赋能农业新质生产力蕴含着以技术创新塑造新优势、以要素更新释放新动能、以空间革新开创新领域的内在逻辑。为进一步发挥低空经济对于农业新质生产力发展的赋能作用，就必须以加快培育新型劳动队伍、推动升级新型劳动资料、深挖广拓新型劳动对象为着力点，筑牢和提升农业新质生产力发展的坚实基础和强劲动力。,当代农村财经,2025/8/10,期刊,,190
低空经济,基于文本挖掘与熵值测度的山东省低空经济产业发展现状、问题与对策研究,谢先驰;刘桐宇;丁怡宁;金奕彤,本文聚焦山东省低空经济产业，通过文本挖掘与熵值测度等方式对其发展现状和潜力展开研究。基于山东省A股上市公司年报关键词词频统计，发现该省低空经济发展呈现区域差异显著的特征，半岛城市群和鲁中地区发展领先，鲁西北、鲁西南发展滞后。运用熵值法对16个地级市财政、产业、科技及基础设施等10项指标进行分析后，得出区域低空经济发展潜力呈现“双核极化、梯度分化、结构失衡”的特点。研究指出，山东省低空经济存在政策体系不完善、基础设施薄弱、技术创新不足、区域发展失衡等问题。为此，本文提出山东省低空经济发展建议，旨在为山东省低空经济产业高质量发展提供理论支持与实践指导。,老字号品牌营销,2025/8/10,期刊,,44
低空经济,低空经济发展的现状、机遇与挑战,王冠军,作为新兴的新质生产力，低空经济自2024年首次写入政府工作报告以来，便一直是各级政府、企业、用户眼中的热点领域。本文整理了最新数据，总结了全球以及我国低空经济的发展现状，从政策、应用场景、经济价值三方面分析了我国低空经济的机遇，并从安全、空域开放、监管、储能技术、算力五方面剖析了现阶段低空经济发展面临的挑战。本文通过对一系列具有时效性的数据观点的归纳，带领广大读者洞见低空经济领域的过去、现在和未来。,老字号品牌营销,2025/8/10,期刊,,107
低空经济,辽宁省低空经济高质量发展路径研究,刘震磊;赵慧敏;李月月;齐纪,在国家政策的推动下，低空经济逐渐成为我国经济社会发展的重要动力。作为新中国航空工业的“摇篮”，辽宁省在促进低空经济发展方面，既迎来了前所未有的机遇，也面临着一定的挑战。文章结合辽宁省低空经济的现实背景和发展优势，精准洞察辽宁省低空经济存在的关键问题与核心挑战，提出符合辽宁省区域特色与优势的低空经济高质量发展路径。,中国工程咨询,2025/8/10,期刊,,59
低空经济,新质生产力视角下低空经济在农业领域发展应用研究,童万菊,作为新质生产力代表，低空经济在农业领域显现出强大的战略性地位，特别是以无人机为智能农机的典型应用，低空经济发展加速变革传统农业生产效率，创新并延伸出多种场景功能。研究提炼农产品物流、农业植保、农业应急救援、农业文旅四类低空经济涉农应用场景与模式，并梳理农业领域低空经济发展阻碍因素，提出贯通顶层设计政策、完善基础设施建设、构建法律制度保障体系和强化科技人才培育的农业低空经济发展应用策略。农业低空经济高质量发展可促进农业农村现代化、智能化和数字化，助力乡村振兴。,农机使用与维修,2025/8/10,期刊,,56
低空经济,低空经济赋能黑龙江省农业高质量发展对策建议,李国林,"研究表明，无人机植保、遥感监测、智能物流等低空技术可有效缓解农村劳动力短缺，提升农业生产效率15%～30%,降低农药使用量20%以上，兼具显著经济生态效益。当前黑龙江省低空经济面临技术适配不足、基础设施薄弱、政策体系待完善等制约因素。为此提出了构建“技术研发-场景应用-产业协同”创新体系、推行差异化发展策略与“售卖+服务”商业模式、建设低空基础设施网络、完善空域管理及财政补贴政策等对策；重点建议突破智能感知与精准作业技术，拓展寒地特色应用场景，分阶段推进示范工程，培育“低空+农业”全产业链，打造寒地智慧农业示范基地，为区域农业现代化提供新动能。",农机使用与维修,2025/8/10,期刊,,27
低空经济,低空经济绿色发展问题研究：基于产业链与空间视角,娄伟;钟佳珉,低空经济绿色发展的基本原理是以电动化、智能化、轻量化技术为核心驱动力，通过点对点直达、替代高污染场景、高效空域管理和系统集成等模式实现经济发展与生态环保的协调统一。与传统运输航空及地面交通经济相比较，低空经济具有一定的“原生绿色”优势，但是在绿色发展过程中，仍面临产业链协同和全生命周期环保压力较大、资源节约与高效利用能力不足等挑战。有效处理这些瓶颈问题，需要结合低空经济绿色发展的原理来探讨应对路径和模式：从产业链视角来看，需将场景驱动、设计即循环等内在发展逻辑转化为发展优势，并且通过强化上中下游产业横向协同实现系统不断优化；从空间视角来看，需要利用分布式布局和时空压缩等特征，完善敏捷响应机制，并且通过“空天地”纵向一体化推动多方联动。,阅江学刊,2025/8/8 16:48,期刊,,339
低空经济,中国低空经济发展动力机制的优化路径研究,韩昱,低空经济作为一种新兴经济形态，依托低空空域资源开发与技术创新，正在重塑区域经济格局，并逐步成为中国新质生产力的重要组成部分。低空经济具有显著的新模式和新场景等特征，其发展高度依赖制度、技术和市场三元动力的协同驱动，目前面临与既有体制机制不适应、科技创新方向不确定性强和市场空间有待开拓等挑战，亟待通过适应性制度设计实现可持续发展。推动低空经济成为中国经济高质量发展的新增长极，需要深化制度创新以释放发展空间、强化协同创新实现技术持续突破以创造供给能力、推动应用场景落地以激活市场需求，实现低空经济发展动力机制的优化。,阅江学刊,2025/8/8 14:37,期刊,,325
低空经济,我国低空经济发展现状及应用场景分析,蓝程杰,低空经济作为我国战略性新兴产业，具有显著的创新驱动特征和广阔的发展前景。文章分析了我国低空经济的发展和演变历程，从低空经济的产业布局、产业图谱、国内重点省级相关政策支撑等方面探讨低空经济发展现状，并深入分析了低空经济在物流、旅游、农业、应急等方面的场景应用，展现了低空经济广阔的应用前景和市场潜力，同时指出其发展仍面临空域管理、技术标准、安全保障等多重挑战，需要政府、企业和社会各界协同推进。,中国市场,2025/8/8,期刊,,73
低空经济,安全管理是发展低空经济的核心问题,董博远,<正>低空经济发展现状空域资源开放与产业机遇的叠加随着低空空域的逐步开放，我国低空资源的战略价值日益凸显。低空空域覆盖范围广、空间丰富，是未来通用航空、物流无人机、空中交通（UAM）等新兴产业的重要承载空间。低空经济的兴起不仅是交通运输体系的重构，更与制造、能源、旅游、通信等多产业协同关联，具备显著的乘数效应。,中国商界,2025/8/8,期刊,,6
低空经济,低空经济发展：新兴安全风险与敏捷治理,王庆,低空经济是新质生产力的重要组成，低空经济的良性与可持续发展应注重对安全的严格保障。低空经济活动衍生的新兴安全风险具有多元类型和多样特性，完整的风险演变逻辑链条表明其与低空经济发展本身存在互动。既有治理制度、治理机制以及治理行为等无法有效应对不断发展和扩张的新兴安全风险。敏捷治理的迅捷响应、快速迭代、以人为本等禀赋显现出其与新兴安全风险的天然互洽关系。为平衡低空经济发展与低空安全保障，未来应坚持低空经济发展安全风险的敏捷治理路径，优化治理制度以构建包容协调的治理制度体系，健全治理机制以促进多元利益攸关主体的协同共治，革新治理工具以发挥新兴技术的风险自治潜力。,科学学研究,2025/8/6,期刊,2,817
低空经济,农垦低空经济高质量发展分析与建议,庄卫东;谢欣宇,低空经济已成为农业农村现代化进程的新引擎。本文针对低空经济赋能农垦新质生产力发展进行探讨，系统分析了农垦低空经济的低空作业、信息感知、物流运输、农文旅融合等典型应用场景，提出了农垦低空经济发展建议，推动农垦低空经济实现创新、协调、绿色、开放、共享多方面高质量发展。,中国农垦,2025/8/5,期刊,,132
低空经济,低空经济：驱动产业升级与开拓城市发展新空间,王飞飞,近日，北京清华同衡规划设计研究院智慧城市研究所所长、高级工程师王飞飞受邀出席“同衡学术·日新讲坛”2025年第4期活动，以《低空经济：驱动产业升级与开拓城市发展新空间》为题作学术讲座。王飞飞所长从全球产业竞争格局的宏观视角切入，系统剖析低空经济在政策支持、设施布局、产业链生态、多元应用场景拓展等维度的实践突破，揭示其对城市空间结构、经济地理格局优化及治理模式的影响，为推动城市产业能级跃升与空间治理范式迭代提供前瞻性思考。,新型城镇化,2025/8/5,期刊,,10
无人机,应急无人机架构和资源约束优化研究,李海军;南作用;王珏;钟志刚;李家京,针对应急无人机承载通信基站面临的资源约束所带来的挑战，提出异构融合架构并开展资源优化研究；首先根据应急无人机子系统特性，构建空天地一体化异构融合应急通信体系框架，其次根据资源约束提出了具体性能指标和功能要求，并针对性地提出干扰解决方案，最后通过链路预算和实测验证，初步确定了建议速率下的覆盖范围。确保应急无人机在关键时候“飞得远、看得清、管得住、用得好”，助力低空经济健康发展。,航天控制,2025/8/31,期刊,,6
无人机,产业链视角下中国无人机企业空间分布与协同关系,陈锦晗;杜德林;王姣娥,【目的】无人机作为低空飞行活动的重要支撑，其产业发展与低空经济密切相关。本文旨在识别无人机产业链上中下游的企业分布格局与协同关系，为优化产业空间布局、促进低空经济高质量发展提供参考。【方法】本文基于企业大数据，通过关键词检索与数据清洗，构建了截至2024年12月31日经营状态正常的中国无人机企业数据库，覆盖了无人机产业链上中下游；在此基础上，采用空间分析方法识别无人机企业空间分布特征，并识别上中下游协同关系。【结果】(1)中国无人机产业以上游原材料供应、零部件制造、核心系统企业较多，其次为下游服务提供商企业，中游整机制造的企业数量相对较少，空间上表现出“东密西疏、南多北少”的格局，以珠三角密度最高，其次为长三角和成渝等地区。(2)上游和中游企业具有显著的空间集聚性，其中以上游企业的集聚系数相对较高。下游企业面向市场，区域分布的差异相对较小。(3)基于各城市的产业链上中下游企业分布，可归纳为协调型、需求型、引导型与培育型城市。其中，协调型城市的产业链相对完整、发展优势显著；需求型与引导型城市则是在部分产业链环节具有优势，但也存在一定短板；培育型城市的上中下游企业数量均相对较少，此类城市数...,资源科学,2025/8/25 16:24,期刊,,199
无人机,面向“空天信基”强交叉特性的无人机本科人才培养模式探索与实践,吴坤;王养柱;兰巍;邱华鑫;孟杨,根据无人机“空天信基”强交叉特性，探索面向无人驾驶航空器系统工程专业的“汇智夯基、科研赋能、实践拓界”人才培养模式，以期培养具备总师潜质的系统级无人机设计与架构师。以高阶实践项目贯通全流程研发，解决实验碎片化问题；组建科教融合团队，将前沿科研转化为教学内容；推行项目制教学，联合企业开展顶岗实习和真实项目毕业设计，解决多学科整合不足、科研反哺滞后、理论实践脱节等问题，为我国空天领域人才培养树立标杆范式，助力低空经济与国防建设。,工业和信息化教育,2025/8/25,期刊,,9
无人机,基于多智能体图神经网络的城市无人机配送路径优化,周星宇;李姝涵;薛锋,【背景】随着智慧城市建设和低空经济的快速崛起，城市多机巢无人机配送系统在智能物流与城市低空经济发展中潜力巨大，但是同时面临路径规划、静态禁飞区避障与恒定风场影响等复杂问题，这些因素显著增加了调度优化的难度。【目标】针对多机巢无人机配送中的复杂约束，设计路径配送算法，以实现配送路径最短、能耗最低且避障安全的综合调度优化。【方法】构建多目标混合整数规划模型，综合考虑配送需求、飞行时间窗、静态禁飞区避让与风场影响；引入多智能体图神经网络算法（MAS-GNN），融合图神经网络与群智能优化方法以高效求解模型。【结果】基于30个客户点、10个配送中心的合成数据与典型静态禁飞区、风场模拟场景的试验表明，多智能体图神经网络算法（MAS-GNN）在复杂多约束无人机配送调度任务中展现出优于深度强化学习（DRL）方法和基于Transformer的规划模型的解质量与稳定性，优化后的路径能够充分顺应城市复杂空间结构，合理避让静态禁飞区并兼顾飞行安全，全面降低了配送任务成本。【结论】MAS-GNN算法在城市复杂场景下展现出高效全局寻优能力，为城市低空物流的调度提供了可靠的智能优化支持。【应用】该优化框架可应用于城...,交通运输工程与信息学报,2025/8/21 13:35,期刊,,302
无人机,无人机红外目标检测技术：现状与展望,徐倩;韩楠;董文安;胡海;苟浩淞,随着低空经济的快速发展，无人机在物流、安防、应急救援等领域的应用日益广泛，而无人机目标检测技术作为维护低空交通秩序、保障公共安全的核心支撑，具有重要的研究和应用价值。介绍了无人机红外目标检测技术的研究背景和意义；详细剖析了传统算法与基于深度学习算法的原理、步骤及各自的优劣；对无人机红外目标检测的关键技术进行了分析，包括小目标检测技术、复杂背景适应技术、实时性优化技术和轻量级模型设计；探讨了无人机红外目标检测技术所面临的核心挑战及未来发展趋势，为低空经济场景下的算法选型及工程部署提供了有益参考。,无线电工程,2025/8/15 9:04,期刊,,252
无人机,低空经济背景下气象无人机系统研究,高山;张高健;窦建虎;孙涛,文章设计并实现了一套基于无人机的高精度气象监测系统，旨在弥补传统气象观测手段的不足。该系统通过多光谱成像、高精度气象站和气体监测仪等设备，实现了对气象要素、大气环境和生态环境的多维度监测。采用系统设计方法，构建了包括硬件选型、软件开发和数据处理的完整架构，并通过实际应用验证了系统的有效性。研究结果表明，该系统能够显著提升低空飞行的气象监测精度，为低空经济活动提供有力支持。未来可以在数据融合、精细化气象服务等方面加以改进，为低空经济的可持续发展提供技术保障。,气象水文海洋仪器,2025/8/15,期刊,,
无人机,低空信控与监视下的无人机自主通感与航迹规划方法,张智博;常青;陈乐言;邢进,面向低空经济规模化运行中频谱稀缺、空域复杂与动态障碍并存的安全瓶颈，本文提出了一种“通感—信控—监视—航迹”四元耦合的无人机（Unmanned Aerial Vehicle，UAV）自主决策框架。首先，构建城市低空基站的地空信控性能地图与雷达监视性能地图，分别量化控制链路的可用性与雷达探测的可靠性；通过引入累计中断约束，实现“可飞”与“可控”的双重安全闭环，并以UAV感知地面车辆三维点云数据作为实时先验信息，最大化空地数据传输速率。针对传统凸优化难以应对的不确定性动态场景，本文设计基于深度Q网络的强化学习算法：利用点云深度网络与卷积网络并行提取环境特征，联合离散动作空间实时决策下一航迹点与车辆接入向量，并借助经验回放、固定目标网络与惩罚奖励机制保障训练稳定性。仿真结果表明：所提方法在8 000轮训练后奖励收敛、损失稳定，UAV可在信控与监视强区内高效巡航，显著规避了信号盲区与雷达失捕区域。,遥测遥控,2025/8/14 17:55,期刊,,86
无人机,应急物资“火车-卡车-无人机”协同运输优化,钟导峰;尹传忠;梁亚莉;何舒挺,"针对面向中长距离应急物资的“火车-卡车-无人机”协同运输，以总运输成本最小为目标，构建“火车-卡车-无人机”协同运输的整数规划模型。提出一种由自适应K-means聚类算法和变邻域模拟退火算法构成的两阶段算法进行求解，设计了7种不同规模的算例进行仿真，仿真结果表明，相较于卡车-无人机运输，加入铁路后，减少卡车行驶里程397 km，整体运输成本平均降低26.49%、运输时间平均减少12.06%、卡车行驶里程平均减少62.17%。随着应急物资运输OD距离增加，运输成本和时效性的优势越发显著，位于[900,1000] km时出现了拐点；当铁路运输速度达到130 km/h时，运输的时效性达到最大，表明加强铁路应急货物列车运输组织具有重要实践价值。研究可为铁路融入低空经济提供参考。",铁道运输与经济,2025/8/12,期刊,,164
无人机,面向网联无人机的低空安全防控策略研究,张勇;黄沁,在无人机赋能千行百业的进程中，其伴生的低空安全问题已成为不容忽视的现实挑战。现有的无人机防控体系可以有效应对常规消费级无人机威胁，但是难以应对网联无人机这一新型威胁。通过论述现有无人机防控技术优缺点，分析现有防控技术与装备难以有效探测和反制网联无人机。研究面向网联无人机的低空安全防控应对策略与技术方案，通过地理和通信信息融合建模、多模态侦测预警、电子围栏自动生成、感通导控一体化芯片、应急处置预案智能生成、空天地一体化监测网、智慧指挥控制系统、便携式执法终端等策略防范化解网联无人机带来的低空安全风险，推动以高水平低空安全护航低空经济高质量发展。,无线电工程,2025/8/7 16:58,期刊,,174
无人机,应急药品无人机低空运输配送服务共识（2025年版）,吴钦水;陈艳芳;刘韬;黎小妍;梁渝敏,目的 促进无人机在应急救援等领域的运用，拓展“低空+医疗”救护，推动“低空+医疗”配送服务规范化、标准化。方法由广州市红十字会医院（广州市应急医院）作为牵头单位，组织国内多学科专家共68位参与编写和审定。采用名义群体法讨论确定共识编写大纲，形成共识初稿；采用德尔菲法进行专家咨询，对专家意见进行分析和修订，形成《应急药品无人机低空运输配送服务共识（2025年版）》（以下简称《共识》）。结果与结论 最终制定的《共识》包括《共识》目的、原则和适用场景，应急药品低空运输配送服务的基本要求和操作流程，特殊管理药品、易碎药品、温度敏感型药品的配送要求和注意事项，适合低空运输配送的应急药品配备等内容。《共识》的发布将为“低空+应急药品”配送服务的规范化、标准化以及低空经济在医疗卫生领域的应用服务提供指导和帮助。,中国药房,2025/8/4 17:19,期刊,,125
无人机,基于超级SIM卡与盲化ECDSA的轨道交通无人机智能检测与认证方案,孔令南;冯国栋;钱振东;孙彭轩,"为满足轨道交通设备安全监测与维护过程中高效、低功耗且安全的认证机制需求，本文对跨域身份认证的实现展开系统研究。设计一种以超级SIM卡为身份载体、结合低功耗蓝牙技术实现设备间快速数据交互的系统架构，在此基础上提出一种融合盲化椭圆曲线数字签名算法(elliptic curve digital signature algorithm,ECDSA)的高效匿名身份认证方案，并将该方案与可监管匿名认证方案等现有方法在计算和通信开销方面进行对比。研究结果表明：与基于NIST标准的ECDSA和传统椭圆曲线密码(elliptic curve cryptography,ECC)算法相比，本文方案在签名生成阶段表现更优，综合运行时间最短；相比可监管匿名认证方案，在认证效率方面提升43.8%，验证了本文方案的有效性和可行性。研究结果可为低空经济与轨道交通领域设备的智能化安全监测与维护提供参考。",都市快轨交通,2025/8/4,期刊,,37
无人机,无人机技术驱动下低空经济的发展研究,刘广为;毛荣;卢建明,本文系统探讨无人机技术对低空经济发展的驱动作用，基于低空全域感知平台、警航一体化指挥平台和低空交通调度平台的应用实践，分析无人机技术在城市治理、警务工作及交通管理中的效能与挑战。研究发现，无人机技术通过智能化、实时化的数据采集与分析，显著提升了管理效率和应急响应能力，但面临数据孤岛、基础设施成本高、技术瓶颈及监管不足等问题。对此，本文提出加强核心技术研发、构建统一数据标准、优化基础设施布局、完善人才培养体系及健全安全监管框架等对策，为低空经济高质量发展提供理论与实践支撑。,价值工程,2025/7/29,期刊,,374
无人机,纵横股份 领跑工业无人机赛道 打造低空经济新生态,李丹,<正>经过十余年的发展，纵横股份已确立了其在低空经济，特别是工业级垂直起降固定翼无人机领域的显著地位。在成都全力推进工业招引、构建现代产业体系的浪潮中，扎根成都高新区的成都纵横自动化技术股份有限公司（简称：纵横股份），以硬核实力诠释了“成都造”在低空经济赛道的底气—它不仅是国内首家以无人机为主营业务的上市公司，更在垂直起降固定翼无人机领域跻身全球领先行列。,产城,2025/7/28,期刊,,28
无人机,低空经济下无人机应用技术专业人才培养体系的创新与实践,于成,随着低空经济的发展，无人机的应用范围日益广泛，但当前无人机应用技术专业人才培养体系还不完善。该文通过分析低空经济与无人机发展的关系及人才培养的理论依据，从课程体系优化和教学方法创新等方面提出创新人才培养体系，包括多学科交叉融合课程设置、实践课程与项目合作、AI场景化教育与数字技术应用、校企合作与产学研平台建设、深化国际合作与交流和完善人才评价体系。,创新创业理论研究与实践,2025/7/25,期刊,,18
无人机,低空经济背景下无人机航电系统的技术演进与产业化战略研究,田野;周强;张祖耀,智能化、模块化、通用化是未来无人机航电系统的核心发展方向，而建立完善的适航认证体系、精细化低空资源配置机制与全生命周期数据合规管理体系对推动产业高质量发展具有关键作用。本研究基于低空经济发展背景，系统分析了我国无人机航电系统的技术发展路径及面临的产业化挑战。接着，通过对国内外航电技术发展趋势的比较研究，提出了面向低空运行场景的航电体系架构设计方法，构建了包含技术标准、空域管理、数据安全、产业准入及知识产权的五位一体产业发展框架，为相关政策制定与企业战略规划提供了理论参考。,中国战略新兴产业,2025/7/20,特色期刊,,8
无人机,无人机在低空经济中的应用综述,廖勇;覃录智;刘思其,低空经济是我国的战略性新兴产业，有希望成为促进经济社会发展的新动能。无人机作为低空经济的关键组成部分、核心载体和基础设备，对低空经济的发展起着决定性的作用。为此，本文对低空经济中的无人机应用进行了综述。首先，论文分析和归纳了无人机在低空经济中的代表性应用，包括农林植保、基础设施巡检、物流、生态保护和灾难预防与救援领域；其次，探讨了无人机在低空经济应用中存在的问题与挑战；最后，展望了其未来的发展趋势。,贵州大学学报(自然科学版),2025/7/15,期刊,,225
无人机,城市物流末端卡车-无人机协同运输研究综述,陈群;李超,随着电子商务的高速发展，城市物流需求持续增长，进而加剧了城市交通拥堵与配送效率下降等问题。低空经济政策的逐步推进为无人机配送的实际应用提供了重要契机。作为提升新质生产力的关键手段之一，无人机因其灵活、高效等优势受到广泛关注。然而，受限于其续航里程与载重能力，在复杂城市环境中无人机单独执行配送任务仍存在诸多瓶颈。近年来，学术界围绕无人机配送模式展开了大量研究，尤其是在与传统运输工具协同作业方面取得了显著进展。本研究旨在系统分析卡车-无人机配送模式的研究现状，为解决城市末端物流“最后一公里”难题提供理论参考，并为推动新质生产力发展探索创新路径。通过文献综述与比较分析法，对国内外无人机配送领域的最新研究成果进行系统梳理。重点聚焦四类典型配送模式，从技术可行性、经济成本和适用场景等维度建立评价框架，深入比较各类模式的优势与局限性。同时结合城市物流需求特点，探讨未来无人机与其他运输工具协同作业的优化方案。,长沙理工大学学报(自然科学版),2025/7/10 15:11,期刊,,415
无人机,低空经济下无人机助力智慧农业发展,董凌,无人机技术正以其高效、智能的特性全面助力低空农业经济发展，展现了巨大的创新应用潜力。通过搭载深度学习算法，无人机能够实时识别作物病虫害，为精准农业管理提供数据支持；多光谱成像技术则使无人机可以对农作物营养状况进行全面诊断，优化资源利用；与物联网的结合构建了智能农田管理平台，实现了农业数据采集、传输、分析的全流程自动化管理；激光雷达技术为农作物三维建模提供了高精度方案，在复杂地形中表现尤为突出；边缘计算的引入则提升了无人机数据处理的实时性和效率，减少了传统云计算的延迟和成本。这些创新应用不仅推动了农业生产的智能化与数字化转型，还在提高效率、降低成本和促进可持续发展方面产生了深远影响。,河北农机,2025/7/10,期刊,,12
无人机,面向低空经济的无人机增强技术分析与应用,孙向前;宋爱慧;赵慧麟;王雯倩,<正>低空经济是指在与正下方地平面相距1000米以下的低空（根据不同地区特点和实际需要可延伸至3000米），以各种有人驾驶和无人驾驶航空器的各类低空飞行活动为牵引，辐射带动航空器研发、生产、销售以及与低空飞行活动相关的基础设施运营、飞行保障、衍生综合服务等相关领域产业融合发展的综合性经济形态。低空经济以无人机产业为主导，是战略性新兴产业和新质生产力的典型代表，具有高科技主导、高效能运营以及高质量发展等新质生产力的核心特征。,通信世界,2025/7/10,期刊,,64
无人机,基于构建城市低空空域的无人机航路网对策研究,黎涛;王洵;雷雨,为了在不影响无人机产业发展的前提下解决无人机因使用数量的急剧陡增而出现的碰撞、失控概率显著上升的问题，文章在地面交通设施的基础上提出一种立体化的低空航路网。首先，基于城市主干道构建第一层级航路网；其次，利用正约束条件构建第二层级航路网；最后，通过负约束条件构建第三层级航路网。通过3个层级的航路网，既保证了无人机在飞行作业时的安全性，又为低空经济的发展提供了一种新方案。,科技创新与生产力,2025/7/10,期刊,,46
无人机,低空经济视域下醉酒驾驶无人机行为的刑法规制,苑天乐,在低空经济视域下，无人机及其驾驶员大规模涌入市场，相关飞行活动引发的刑事风险不容忽视。围绕法理基础、现实困境及完善进路三方面，运用规范分析、文献分析、对比分析等方法，对醉酒驾驶无人机行为的刑法规制问题进行了研究。醉酒驾驶无人机行为具有刑法规制的必要性、正当性及可行性。对此，应当在刑法中对醉酒驾驶无人机行为进行特殊规定；遵循比例原则，积极探索无人机分级分类的刑法规制；保持刑法谦抑性，合理统筹发展与安全。,北京工业职业技术学院学报,2025/7/7,期刊,,140
无人机,低空无人机系统关键技术与应用前景,李兢尧;王宝军;李轩;王战玺;罗子彦,无人机在低空经济中属于核心载体和关键驱动力，无人机产业已经逐步成为兼顾新质生产力和产业创新协同发展的战略性新兴产业。本文结合我国低空无人机发展现状，分析了当前低空无人机产业规模和管理分类。通过分析低空无人机大规模商业化应用的主要技术瓶颈，总结未来行业发展需聚焦无人机动力能源、5G卫星融合通讯和空域智能管理三大战略性技术领域，围绕低空经济环境飞行器动力解决方案、无人机通信与数据处理技术、低空空域管理与安全技术展开讨论，综述了技术突破与产业升级间的协同效应，可以有效赋能构建智能化、高效化的低空经济产业，是解锁低空经济巨大潜力和保障其安全可靠运行的关键所在。,航空工程进展,2025/7/3 13:18,期刊,,1106
无人机,低空经济蓬勃发展 安全与发展两翼并行——低空经济背景下无人机及反制安防应用不断拓宽,,<正>作为新质生产力的代表之一，低空经济正日益成为国家聚力发展的产业“新赛道”。据研究机构预测，2025年我国低空经济市场规模将达1.5万亿元。得益于国家政策的大力推动、新一代信息技术的持续赋能及市场应用需求的极大释放，作为低空经济的重要组成部分、发展引擎以及重要产业载体，我国无人机市场发展潜力巨大，在地理测绘、农林植保、巡检探测、通信中继、安防监控、应急救灾、物流运输等领域的应用不断深入，“无人机+行业应用”模式已成为主流形态。其中，无人机安防应用释放出巨大的发展潜力和广阔的应用前景。,中国安防,2025/7/1,期刊,,190
无人机,无人机在智慧边防中的创新应用及市场前景展望,伍刚;涨潮波,<正>随着低空经济的深化发展，无人机正深度赋能智慧边防建设，成为新时代边境治理的智能化利器。作为低空经济的重要组成部分，低空数字经济正成为推动经济社会发展的新引擎，而智慧边防建设正是这一新兴经济形态的重要应用领域。低空经济按应用场景可划分为低空交通（载人）、低空物流（载物）以及低空数字经济三大领域。其中，低空数字经济作为基础设施和关键技术支撑，不仅是低空经济发展的必由之路，更是人工智能技术的重要应用战场。在这一背景下，智慧边防建设依托低空数字经济的技术架构，通过“无人机+AI+云平台”的创新模式，正在重塑传统边境管理模式。,中国安防,2025/7/1,期刊,,60
无人机,文博场所无人机反制系统技术需求探析及应用展望,郑成军;陕博洋,<正>近日，云南大理千年古塔因无人机失控坠落事件，再次引发了社会对文博场所无人机管控问题的关注。作为国家历史记忆和文化遗产的重要载体，文博单位建筑不仅是重点文物保护对象，其馆藏文物更具有不可替代的历史价值。然而，密集的人流和频繁的公共活动，使这些场所成为无人机违规飞行的“重灾区”。现实中，部分游客无视“禁飞”规定强行操作无人机，导致安全事故频发——非法拍摄、投掷物品甚至失控坠落等行为，不仅威胁文物安全，还可能危及游客生命及场馆运营秩序。,中国安防,2025/7/1,期刊,,87
无人机,基于无人机三维网络分析的城中村社区低空配送研究,张纯;梁凯轩;陈梦珂;潘天鹭;吴文坤,无人机在城市空间中广泛应用于地理测绘、空域物流等领域，对提升城市生活品质具有重要意义。研究其三维路径可优化配送效率与应用场景。目前，针对城市复杂地区无人机配送路径与服务区的研究较少。本研究以深圳城中村为例，采用三维网络分析法，结合无人机倾斜摄影、实景建模及ArcGIS Pro平台网络分析模型，探究低空经济下无人机的三维网络分析与服务分区技术。首先，利用无人机倾斜摄影构建实景三维模型，识别城市形态要素，建立可分析模型。其次，基于城市形态要素生成避让路线，分析最短、最优三维路径。最后，结合社区社会经济属性，确定合理飞行距离与时间，精确评估服务覆盖范围与需求。本研究为无人机路径规划及低空经济发展提供技术支持与借鉴。,西部人居环境学刊,2025/6/30,期刊,,323
无人机,基于无人机机场的低空空域划分及航线设计研究,郑岘;吴会军;谭忻康;汪月新,介绍了一种通过标准格网对低空空域进行划分和编码以及通过划分的低空空域情况制定无人机飞行航线的方法，旨在通过这种方法来规范无人机机场运行，以期改变目前无人机测绘作业无序飞行的现状，提高飞行安全性和作业效率。本方法在以大疆机场2代为载体的“城市智眼”无人机机场系统上进行了可行性验证，并取得了良好的效果，可以为无人机机场运行和在城市测绘中的应用提供科学参考。,城市勘测,2025/6/28,期刊,,134
无人机,智能科技视角下无人机在体育旅游中的融合应用与发展策略研究,罗平;魏豪,"无人机技术作为智能科技的代表、新质生产力的典型载体,正深度重构体育旅游的产业生态格局。本文采用文献资料法、逻辑分析法等方法,基于智能科技革命带来的变革,从无人机在体育旅游中的动力核心地位出发,研究聚焦无人机赋能体育旅游发展的潜力,探讨其多维价值体系,系统性分析其在体育摄影、赛事直播、景区管理、安全监测及低空旅游产品开发等场景的融合应用,以及存在的瓶颈问题,并以""技术-制度-场景-生态""四维目标为导向,提出技术优化、政策协同、市场创新与人才培养的立体化发展策略,旨在为体育旅游的智能化转型提供理论支撑与实践路径。",2025第三届四川省体育科学大会论文报告会论文集（1）,2025/6/28,中国会议,,18
无人机,无人机组网遥感：“高频次迅捷”到“全时全域”演进,廖小罕;汤安琪;岳焕印;黄吴蒙;叶虎平,随着无人机平台技术与载荷能力不断突破，无人机遥感得到广泛应用。无人机遥感在分辨率和重访周期层面有效补充了卫星遥感的短板，但在短时间大范围数据覆盖能力、海量数据融合处理能力上仍然有欠缺。为此，无人机组网遥感技术因此应运而生。从“十三五”到“十四五”阶段，无人机与遥感科技创新互相促进、技术前沿经历了从“高频次迅捷”到“全时全域”的演进。“十三五”及以前阶段，无人机临场组网遥感多见于应急搜救、灾害监测和毁损评估等等应用场景；无人机区域组网遥感在电网巡检、测绘、生态与农情监测等得到了广泛应用；该阶段基本打通了无人机遥感高频次、迅捷响应所需的全部技术环节，但在智能化和实时性方面仍然存在缺陷。这些缺陷限制了无人机组网遥感技术在更复杂的地理环境、更需要时效性场景中发挥应用。随着技术进步和国家大力发展低空经济的政策支持，进入“十四五”阶段，无人机组网遥感水到渠成发展到了全时全域智能化遥感，自主、智能化遥感成为遥感无人机发展最新研究前沿。本文在总结无人机组网遥感技术及应用演进趋势的同时，对未来发展关键技术、政策、标准等作了发展方向分析。,遥感学报,2025/6/25,期刊,,34
无人机,地铁巡检场景的无人机安全风险评估机制研究,戴融;武昊,无人机能够有效提高地铁巡检效率，在地铁安全保障中发挥日益重要的作用。鉴于地铁巡检环境复杂，无人机在执行飞行任务时遭遇的安全隐患不容忽视。首先分析地铁巡检无人机面临的安全问题，针对飞行前、飞行中、飞行后的不同阶段，分别从人员、设备、环境等方面评估影响运行安全的因素，接着分析空域、气象、通信、导航、山地和高层建筑等客观条件对无人机飞行安全的影响，最后对影响无人机飞行安全的评估项进行总结，并制定缓解/消除措施，建立完善安全管理制度，为地铁无人机巡检飞行安全提供借鉴。,铁路通信信号工程技术,2025/6/25,期刊,,154
无人机,中日联合发布无人机感知与避障国际标准——助力低空经济安全发展,,<正>2025年4月25日，由中日联合主导制定的无人机领域国际标准ISO15964《无人机感知与避障系统》正式发布。这一标准的落地，成功填补无人机感知避障领域国际标准的空白，为无人机产业规范化、安全化发展奠定了坚实的基础，形成具有广泛共识的全球标准规范。,航空标准化与质量,2025/6/15,期刊,,6
无人机,复杂场景下基于计算机视觉分析技术的无人机智能运维应用,吴越;杨迎卯;厉万力;黄相辉;马冬木,在“低空经济”的政策引导下，基于计算机视觉分析技术的无人机智能运维应用是结合了无人机技术与轨道交通管理需求的创新解决方案。通过利用无人机的灵活性和高效性，结合计算机视觉分析算法，为轨道交通系统提供全方位的复杂场景下的运维服务，从而提高轨道维护效率，降低运营成本，并保障轨道交通的安全运行。,城市轨道交通,2025/6/15,期刊,,35
无人机,城市无人机航线路径规划研究,王迅,<正>低空经济是国家培育新质生产力的战略性新兴产业，无人机作为低空经济的重要组成部分，正在全国各大城市稳步推进，在商业配送、交通出行、环境监测等各个领域的创新应用不断涌现。随着无人机在城市应用需求的不断丰富以及应用场景复杂度的持续提高，航线规划的重要性日益突出，并成为制约无人机进一步发展的关键因素。因此，本文从城市空域角度出发，总结城市发展对无人机的需求以及国内外城市空域规划的经典案例经验，并结合我国实际情况，,中国电信业,2025/6/15,期刊,,117
无人机,低空经济赋能乡村振兴：无人机与农村物联网的融合应用,李梦洁,低空经济是依靠无人机、通用航空等技术的新兴经济形态，在全球科技革命与乡村振兴战略双重驱动下，成为推动农业农村现代化的重要技术引擎，是推动乡村振兴重要的新质生产力。通过分析无人机在精准农业和智能农业、绿色发展和生态保护、防灾、减灾和应急管理、乡村健康服务和智慧养老四个方面的运用状况和存在的不足，提出通过政策激励、技术创新和人才培养，加快无人机在农村地区的应用，以促进农业现代化和城乡一体化发展，助力乡村振兴。,农村经济与科技,2025/6/15,期刊,,99
无人机,低空经济背景下高速公路无人机的应用价值与应用场景,耿瑶,低空经济与高速公路的深度融合，正催生交通基础设施的革新浪潮。首先，系统阐明政策红利释放、公路痛点与技术成熟共同构成驱动力，推动低空经济将高速公路视为核心试验场。其次，从经济层面、社会层面和管理层面三个维度揭示了无人机重构路网价值的底层逻辑。再次，从智能巡检、应急指挥、施工监管、信息服务、资源调度等五个方面详细讨论了高速公路无人机的全链条应用场景，描述了“空天地”协同的立体化服务网络。最后，从空域资源动态化交易平台、车路空一体化协同决策系统、分布式能源自组织网络、数字孪生资产跨境流通等四个方面对低空经济背景下高速公路无人机的应用前景进行了展望，推动高速公路从物理通道向数字生态平台转型，为区域经济高质量发展注入新动能。,河北企业,2025/6/10,期刊,,361
无人机,无人机在农业低空经济中的应用与技术创新,韩喆;卢薇青;王安可,<正>在云南的崇山峻岭中，传统的香蕉运输依赖人力或马驮，效率低下且成本高昂。随着低空经济的发展，当地农户利用无人机精准悬停、挂钩和吊运香蕉，不仅提高了工作效率，还大幅降低了成本。然而，要实现全面自动化和智能化作业，农业低空经济仍需解决诸如无人机控制精度、工作流自动化程度低及目标识别困难等问题。通过现有的技术创新应用，形成更为系统的解决方案，成为行业发展破题的优选。,上海信息化,2025/6/10,期刊,,147
无人机,国网辽宁电力：完成大载重无人机带电作业物资运输,,<正>2025年5月22日，国网辽宁省电力有限公司与河南中云嘲风公司联合研发的大载重无人机在辽阳地区220千伏张峨Ⅰ、Ⅱ线带电作业现场成功完成首飞任务，顺利将100千克带电作业物资从山下运送至山顶作业区域。随着低空经济快速发展，无人机在电力系统的应用不断深化。传统电力物资运输方式在复杂地形条件下存在诸多局限。此次应用的大载重无人机有效解决了山区大重量物资运输难题，既提高了运输效率，又减少了对环境的破坏。,农电管理,2025/6/10,期刊,,30
无人机,低空经济视域下的无人机产业发展研究,高尚,2024年，低空经济首次被写入《政府工作报告》，各地纷纷出台低空经济高质量发展行动方案，“低空经济”一词成为各界关注热点，种种现象表明，低空经济正站在产业爆发的临界点。无人机是低空经济的重要载体，各类“无人机+”的应用场景是推动低空经济新业态高质量发展、促进传统产业新旧动能转换的核心驱动力。在低空经济视域下，从劳动者、劳动资料、劳动对象等角度出发，分析了无人机产业发展的意义，并在深入分析无人机产业发展存在问题的基础上，讨论无人机产业的发展路径。,现代工业经济和信息化,2025/5/30,期刊,,96
无人机,低功耗公路检测无人机系统设计与应用研究,陆宇,"文章提出了一种低功耗无人机公路巡检系统，重点优化了系统的能耗管理策略。通过集成环境复杂度评估与帧率自适应调整算法，可根据巡检环境动态调整感知精度与计算负荷有效降低系统能耗。应用结果表明，相较现有无人机系统，该系统功耗降低约6%,续航时间显著延长，提升了无人机在公路巡检中的效率。",西部交通科技,2025/5/28,期刊,,6
无人机,依规加强无人机监管 为低空经济发展保驾护航,,<正>近期以来，数起因无人机“黑飞”及操作不当而影响公共安全的案件相继发生，引起了社会关注。如何切实加强无人机监管，有效消除无人机“黑飞”等带来的安全隐患，成为低空经济发展进程中迫切需要解决的问题。今年3月9日，北京通州警方发现有人在马驹桥镇某公交站附近操控无人机，将无人机操控人员姜某抓获。经询问，姜某如实陈述了其未经空管部门审批便擅自放飞无人机的违规行为。依据相关规定，通州警方对姜某作出没收无人机并处罚款的行政处罚。,中国无线电,2025/5/26,期刊,,130
无人机,《低空经济发展趋势报告》:2030年我国无人机产业将率先实现万亿规模,,"<正>中国低空经济联盟发布《低空经济发展趋势报告》,报告分别从空域管理、低空经济与通用航空产业、空中和地面飞行保障设施、无人机、eVTOL、应用场景等六大方面做了深度分析。关于低空经济与通用航空,报告认为低空经济主要是发展中国家的产物,对一二三产业的带动作用非常明显,具有辐射能力强,科技含量高等优点。",中国宽带,2025/5/22,期刊,1,1000
无人机,低空经济新生态：共享无人机,惠宁宁,<正>从生活中随处可见的“共享单车”“共享充电宝”，到悄然兴起的“共享菜园”，共享模式在各领域的实践不断刷新。当“共享”遇上“低空经济”，会碰撞出怎样的火花？近日，多地出现“共享无人机”。“扫码即可取用，像租借充电宝一样简单。”旅行爱好者赵奇（化名）告诉《法人》记者。她刚在江苏南京体验了一次租用无人机航拍。“飞了20分钟，花费60元。”便捷的租用方式，亲民的租赁费用，让更多人实现了航拍自由。但是，也有一些新手对操作技术和安全性表示担忧。,法人,2025/5/15,期刊,,227
无人机,竹智凌云——低成本轻量化可降解竹制无人机探索,孙瀚;田薇;刘焱赫;姚高明;庄育荣,近年来，我国低空经济发展势头迅猛，无人机作为低空经济的重要组成部分得到长足发展。目前市面上无人机机架常用的非金属材料主要包括塑料与碳纤维复合材料两大类，存在着生产能耗高、难降解等问题，与绿色航空理念不符；而无人机行业小规模应用的轻木等天然材料又存在强度不足和成本较高而无法满足航空使用需求的问题。针对此问题，通过复合模压工艺优化竹纤维方向性，结合多向力学实验与飞行仿真，成功开发出高比强度、低密度、低成本的竹纤维复合材料。在此基础上，通过“设计-仿真-迭代”的闭环流程完成一款竹制多旋翼无人机设计，在其非动力结构实现100%竹材替换，并实现了相较市场上同级别多旋翼无人机机架成本的大幅降低，完成无人机全生命周期节能减排。目前，该无人机已转化为产品并被下游合作单位多次试用。,大众文艺,2025/5/15,期刊,,61
无人机,低空经济对体育产业生态的影响——以无人机竞速为例,周静;辛宗雪;胡乘铭,本文以无人机竞速为例，探讨低空经济对体育产业生态的影响。首先阐述了低空经济与无人机竞速的发展现状，指出低空经济规模增长快、应用广的特点，无人机竞速在全球迅速推广；接着从产业结构优化、市场主体多元化、消费需求激发、技术创新驱动四方面分析影响机制；然后通过实证分析，说明无人机竞速在赛事运营、用品制造、培训教育方面的积极作用；最后指出低空经济背景下体育产业生态面临政策法规不健全、技术标准缺失、安全隐患大等挑战，并从构建法律法规体系、制定技术标准体系、建立安全管理体系三方面提出对策，为体育产业生态发展提供理论依据。,文体用品与科技,2025/5/8,期刊,,304
无人机,低空经济热潮下无人机飞手成就业新宠,宗哲,<正>前不久，一则“00后女生做无人机飞手年入40万”话题引发广泛关注，迅速登上热搜。这位“0 0后”女生通过操作无人机从事播种、施肥、打农药等保值工作。她透露，一天农药能打300亩，一亩带收费9～15元，一天8个小时亦可以挣2500元，年收费将近40万。“00后”女飞手火出圈是我国低空经济爆发式增长的一个缩影。,中国物流与采购,2025/5/2,期刊,,88
无人机,无人机末端配送常态化 做好布局摘“鲜果”——访中国科协航空科学传播首席专家张聚恩,陈梦瑶,<正>警惕“天上掉馅饼”的时代终将过去。因为当下，已开启“从天而降”的外卖模式。甚至“叮咚，您有一份无人机外卖即将送达，请注意查收”将会取代“您好，已将您的快递投放至驿站，请凭取件码取件”。自然科学研究员，中国科协航空科学传播首席专家、中国航空学会名誉副理事长，中国航空工业集团公司原科技部长张聚恩接受了本刊记者专访，他坦言：“在农业与工业应用之外，物流配送是我心目中最有可能率先形成规模化、常态化的无人机应用场景落地典范。”,劳动保护,2025/5/1,期刊,,38
无人机,电力无人机智能巡检的安全之道,卢宁;赵丽;张慧;赵东辉,<正>连续两年（2024年、2025年），“低空经济”被中国政府工作报告纳入，并在今年强调“安全健康发展”，这标志着低空经济已进入规范化、高质量发展的新阶段。在此背景下，低空经济不仅为相关产业创新注入强劲动力，更对关系国计民生的电力行业，尤其是在构建新型电力系统的进程中，带来了前所未有的发展机遇。作为低空经济的关键技术载体，无人机与电力系统的深度融合与应用，正引领传统电力运维模式向智能化、高效化和安全化的方向发生深刻变革。,劳动保护,2025/5/1,期刊,,53
无人机,低空经济视域下消防订单班课程建设——以“无人机救援技术”课程为例,马志新;夏昊天;季肖枫;许鹏鹏,为加快培养“无人机+”消防应急救援人才队伍，南通市消防救援支队携手江苏航运职业技术学院，在无人机应用技术专业的基础上设立消防订单班。以“无人机救援技术”课程为例，从教学整体设计、教学实施过程、学生学习效果和特色与创新等方面分析低空经济视域下消防订单班的课程建设，旨在促进消防订单班专业课程高质量发展，创新低空经济视域下“无人机+”消防救援人才培养新模式。,今日消防,2025/4/28,期刊,,75
无人机,浙江无线电中心联合台州无管局开展无人机企业调研,潘陆岩,<正>为深化低空经济产学研协同创新，推动农业无人机产业规范发展，3月10日，浙江省无线电监测中心联合台州市无线电管理局、电子科技大学长三角研究院（湖州），赴国家级专精特新“小巨人”企业——浙江文信机电制造有限公司开展专题调研，共商共探无人机安全高效服务农业农村发展的路径。调研中，无线电监管部门介绍了无线电技术在保障低空飞行安全中的关键作用，重点强调了规范使用无线电设备对维护空中电波秩序的重要性。,中国无线电,2025/4/26,期刊,,23
无人机,面向TOD的小型无人机配送服务空间模式——以深圳美团试点为例,陈瑶瑶;刘泉;洪晓苇;高文秀,以深圳美团无人机外卖试点项目为研究对象，探讨面向TOD的小型无人机配送服务空间模式。在低空经济蓬勃发展的背景下，城市中无人机快递物流等活动逐渐兴起，将对城市低空空域利用、城市空间布局和公共设施建设产生新的影响，然而相关空间布局模式缺乏规划设计视角的深入研究。研究发现，TOD模式与小型无人机配送模式在模式和结构上相互兼容，融合创新体现在服务场景、建筑设施、空间尺度三方面。通过调研深圳美团无人机外卖试点项目，梳理出其以配送设施与航线布局为骨架、以综合体与多元功能单元组合为结构、以服务可达范围为尺度的空间模式。研究表明，小型无人机配送为TOD模式的智慧发展提供技术支撑，拓展服务范围，有望推动城市规划范式与生活方式的变革。,城市发展研究,2025/4/26,期刊,,1002
生产力,内蒙古新材料与能源行业标准化发展应用浅析——基于新质生产力协同视角,姚建辉;赵晓洁;王晓宇;刘志盛,"为积极响应国家工业和信息化部实施《标准提升引领原材料工业优化升级行动方案(2025—2027)》,强化“标准指挥棒”作用,规范工业供给端,助力新质生产力发展,内蒙古作为国家能源与新材料产业基地,凭借稀土、风能、太阳能资源,肩负国防科技工业配套重任,在《新材料标准领航计划》引领下,标准化工作机制全面转向“缺标补标、低标提标、优标转标、有标贯标”管理体系,实现全过程标准化覆盖,军民标准通用化对边疆高质量发展具有深远的战略意义,有助于提升边疆地区的整体防御能力和社会稳定,为经济发展创造良好的外部环境,对促进边疆地区的技术创新和产业升级,特别是在新材料领域,通过整合军民用技术资源,加速科研成果转化,推动边疆经济向高端化、智能化、绿色化方向发展。",中国标准化,2025/8/20,期刊,,
生产力,新质生产力驱动宁波低空物流差异化发展,唐新贵;张静雨,在全球数字经济与绿色低碳转型背景下，低空物流作为新质生产力的重要载体，正通过技术创新与场景突破推动物流产业变革。宁波作为长三角低空经济先行区，依托政策支持、基建布局与特色场景探索，初步构建了“政策牵引—基建支撑—场景突破”的发展路径。然而，与深圳等标杆城市相比，宁波在空域管理、产业链完整度及末端配送效率方面仍存在显著差距，空域开放比例不足、政策体系分散、下游运营场景薄弱等问题制约其规模化发展。例如，深圳通过专项立法与智能空域系统实现75%空域开放及250条无人机航线覆盖，而宁波仅局部试点单条航线，日均配送量不足深圳的25%。对此，本文提出“空域—政策双引擎赋能”“产业链联动升级”“立体网络构建”三大对策，通过军民协同开放低空走廊、专项立法完善政策闭环、强化中上游技术攻关与下游场景规模化，推动宁波在港口物流、跨境电商等领域形成差异化优势，加速低空物流与城市战略的深度协同。,产业创新研究,2025/8/15,期刊,,23
生产力,低空经济：新质生产力的“空中引擎”,马亚男;陈文会,<正>低空经济从概念走向现实，从“空中飞”走向“落地用”，迎来新的发展机遇，可通过技术突破、场景革命和制度创新构建新质生产力的“空中引擎”。低空经济作为前景广阔的战略性新兴产业，是新质生产力的典型代表，低空经济相关产业政策的核心在于通过科学划分和开放低空空域资源，培育壮大以无人机、城市空中交通等为代表的新兴产业，释放经济增长新动能，同时驱动航空科技、人工智能等前沿领域创新，提升高端制造水平，赋能应急救援、物流配送、农业植保等公共服务领域，提高社会运行效率和民生福祉，并在保障国防安全的前提下实现空域资源的高效、合理利用，促进安全与发展的动态平衡。,产城,2025/7/28,期刊,,59
生产力,新质生产力视角下内蒙古低空经济高质量发展策略,其其格,<正>低空经济作为新型的产业业态，代表着新质生产力的发展方向，以空域使用权为核心，以低空经济活动为主导产业，与其他行业或产业链协同发展为导向，将社会经济活动由平面空间走向立体空间，旨在推动生产力与科技创新的全新经济形态。低空经济是指以1000米以下（在不同空域根据实际需要可延伸至不超过3000米）的低空空域为载体，以各类低空飞行器（包括有人驾驶和无人驾驶航空器、滑翔伞、热气球等）飞行活动为牵引，具有空间立体性、区域依赖性、数字生态性、产业融合性以及辐射带动性等特征。在政策支持层面，2021年2月发布的《国家综合立体交通网规划纲要》首次把“低空经济”正式写入国家规划。,当代县域经济,2025/7/28,期刊,,176
生产力,低空经济赋能新质生产力：系统机理、现实困境与优化路径,朱长兵;陆晨,[研究目的]新质生产力作为全面建设社会主义现代化国家的关键支撑，对增强国家核心竞争力、实现经济高质量发展具有重大战略意义。低空经济作为当代经济发展的全新领域，与新质生产力存在互为表里的紧密联系。探讨低空经济驱动新质生产力发展的内在逻辑，剖析制约二者协同发展的关键瓶颈，提出针对性突破路径，以期为推动经济高质量发展提供理论参考。[研究方法]围绕“低空经济驱动新质生产力”核心命题，构建“技术—要素—产业”分析框架，结合政策文本解读与产业案例分析，系统阐释低空经济赋能新质生产力的作用机理，并梳理低空经济发展面临的现实困境。[研究结论]低空经济通过推动技术革命性突破、优化生产要素配置、促进产业深度转型三维路径赋能新质生产力发展，但存在政策协同不足、核心技术受制、市场培育滞后等现实困境；应通过构建新型政策协同体系、突破核心技术瓶颈、释放市场潜力动能等举措，实现低空经济与新质生产力的协同发展。,科技智囊,2025/7/25,期刊,,93
生产力,广州市：加快推进新兴领域立法赋能新质生产力发展,,<正>党的二十届三中全会提出，健全因地制宜发展新质生产力体制机制，加强新领域新赛道制度供给，完善推动战略性产业发展政策和治理体系，引导新兴产业健康有序发展。面对新一轮科技革命和产业变革，广州市人大常委会充分发挥地方立法探索性功能，以敢“啃硬骨头”的决心、勇闯“无人区”的坚韧，加快推进新兴领域立法，为培育壮大新质生产力打开法律空间。,人民之声,2025/7/20,期刊,,12
生产力,新质生产力赋能县域经济因地制宜发展的路径探析——基于江西省G县低空经济产业的考察,殷知行;白明宇;谢欣萍;潘萍艳,在全面推进中国式现代化的战略背景下，如何因地制宜促进新质生产力赋能县域经济高质量发展是亟待探索的重要议题。基于对江西省G县低空经济产业园的考察，发现县域经济的高质量发展是通过政策势能差驱动、要素禀赋重构以及创新生态网络三维协同的复合驱动机制来实现的。这一过程依托于制度供给适配度的提升、资源编排的动态性优化以及生态培育的系统性推进，实现产业形态的跃迁、经济质效的提升以及发展韧性的增强。研究发现，县域经济高质量发展需要构建政策解码、要素激活与生态培育的协同机制。通过因地制宜的制度供给，精准匹配县域经济的产业需求，优化内外部资源的编排，实现产业要素的价值跃迁，并借助创新网络促进技术的扩散与应用，这为后发地区突破资源约束、培育发展新动能提供了启示。,佛山科学技术学院学报(社会科学版),2025/7/15,期刊,,51
生产力,新质生产力驱动下 辽宁农业低空经济发展的机遇与挑战,于海超;曹海怡;于秀丽,在新质生产力快速崛起的背景下，以无人机技术、人工智能、5G通信为核心的农业低空经济正成为推动农业现代化和乡村振兴的战略性力量。低空经济作为战略性新兴产业，正成为农业现代化和乡村振兴的重要引擎。本文以辽宁省为例，分析新质生产力背景下农业低空经济的应用场景、发展机遇与挑战，提出对策建议，为辽宁省抢占低空经济高地、推动农业高质量发展提供参考。,当代农村财经,2025/7/10,期刊,,315
生产力,低空经济与新质生产力协同发展：逻辑机理、结构框架与关键路径,王珏,随着新质生产力培育和发展的逐步推进，低空经济因其以科技创新为核心、以资源高效利用为目标、以产业融合为主要表现成为新质生产力的典型代表。低空经济与新质生产力内在逻辑的高度一致性决定了二者具有高度协同性，并在生产力三要素上有所体现：基于劳动者智力化协同形成新动能；基于劳动工具智能化协同构建产业体系；基于劳动对象数字化协同打造发展生态。由于低空经济尚处于起步阶段，在发展过程中仍存在基础设施薄弱、管理体系滞后和安全管控平台缺失等问题，要进一步加强低空智联网建设、体制机制创新和产业体系构建，推动低空经济与新质生产力协同发展。,新疆师范大学学报(哲学社会科学版),2025/7/8 14:34,期刊,,1590
生产力,绿色是新质生产力的贵州标识,黄勇,<正>绿色发展是高质量发展的底色，新质生产力本身就是绿色生产力。培育和发展新质生产力，必须深刻把握世界科技革命和产业变革前沿趋势，加快绿色科技创新和先进绿色技术推广应用。,当代贵州,2025/7/8,期刊,,1
生产力,新质生产力视域下浙江低空经济高质量发展的路径探析,邱硕,在新一轮科技革命与产业变革纵深推进的背景下，新质生产力作为驱动经济高质量发展的核心引擎，其战略地位日益凸显。低空经济作为新质生产力在空域资源开发领域的重要实践载体，正处于战略性发展机遇窗口期。积极探索新质生产力视域下低空经济高质量发展路径，对于构建现代化产业体系、培育区域经济新增长极具有重大战略价值。基于新质生产力与低空经济发展的理论框架，深入剖析浙江在低空经济发展方面所具备的坚实基础与独特优势，全面挖掘运用新质生产力促进浙江低空经济高质量发展的有效策略，对浙江经济社会全面进步具有重大意义。,观察与思考,2025/7/5,期刊,,138
生产力,新质生产力驱动黑龙江省低空经济高质量发展,郗鹏,在全球新一轮科技革命与产业变革加速演进的背景下，新质生产力作为重塑经济发展格局的核心动力，正推动低空经济成为战略性新兴产业的重要增长极。2025年政府工作报告明确提出“建设全国寒地低空经济示范区”的战略目标，为黑龙江省低空经济发展赋予了国家战略使命。基于新质生产力理论框架，系统剖析黑龙江省低空经济发展的现实基础与突出矛盾，发现其依托航空制造底蕴、寒地资源禀赋和跨境区位优势，已在智慧农业、冰雪文旅、跨境物流等领域形成特色应用场景，但同时面临低空基础设施布局失衡、核心技术自主创新不足、复合型人才供给短缺等结构性挑战，从而提出以技术创新为核心驱动力、以产业链协同为发展路径、以场景融合为价值载体、以人才培育为支撑保障的高质量发展体系，为寒地资源型地区构建新质生产力驱动的低空经济发展范式提供理论参考与实践指导。,黑龙江国土资源,2025/6/28,期刊,,68
生产力,低空经济助力新质生产力培育的核心路径、现实约束与破局之策,杨琴,低空经济在技术创新驱动、要素资源优化与产业模式优化中的独特作用，成为经济体系变革的重要增长动力。在低空经济快速崛起过程中也面临诸多深层次挑战，包括新型劳动者适应能力不足、新型劳动对象转化效率低下、新型劳动资料生态优化滞后以及生产要素协同机制的系统性矛盾，制约低空经济赋能新质生产力的实际效能。本文从理论与实践双重维度出发，提出构建低空经济创新生态、完善低空空域管理与技术标准、推动技能培训与劳动者保障体系升级，优化资源整合与市场化运行机制的综合策略。通过技术突破、制度完善和生态协同，低空经济可有效激发新质生产力的潜能，为高质量发展与中国式现代化提供重要支撑。本文从系统性分析框架出发，为低空经济在新质生产力生成中的理论探索与实践路径提供深刻洞见与可操作性方案，推动其在全球化与可持续发展的双重目标下释放更大的经济与社会价值。,管理现代化,2025/6/24 9:12,期刊,,1145
生产力,低空经济与人工智能融合下的新质生产力跃升路径,陈柳钦,为探究低空经济与人工智能深度融合对驱动新质生产力跃升的作用，分析其在农业、物流、城市交通等领域引发生产力变革的重要性，以及推动产业智能化、绿色化转型和全球经济高效可持续发展的意义。文章围绕低空经济、人工智能展开研究，重点针对低空经济与人工智能融合对提升新质生产力的作用机制，并提出低空经济与人工智能融合下新质生产力跃升的实践路径。研究结果显示：人工智能的应用实现了低空经济智能化、自动化水平的提升，优化了生产流程，显著提高资源利用效率、降低能耗，推动绿色生产力发展；加速了低碳技术的行业应用，深化了两者融合度，提升了整体行业效能。文章为全球经济实现高效可持续发展提供了新路径。,企业科技与发展,2025/6/23 14:35,期刊,,682
生产力,向千米低空要生产力,本刊评论员;岳振,<正>当前，作为新兴产业中的佼佼者，低空经济成为不少地方产业布局的重点关注方向。“向天空要产能”的产业雄心，源自数字技术、遥感科技的加速进步以及航空器制造、低空消费升级的市场趋势。而无人机应用的逐渐普及、低空文旅的兴起，以及各种低空飞行航空器开始进入人们的生产生活，产业竞争已飞向地上千米的广阔空域，形成了一条饱含未来科技革命和产业变革力量的空中赛道。,当代贵州,2025/6/22,期刊,,
生产力,新质生产力视角下四川革命老区低空经济发展现状与策略研究,郑晓霞;何先定;周仁建;唐斌,以四川省革命老区为研究对象，基于新质生产力发展视角，系统探讨了该地区低空经济的发展路径。首先，通过政策文本分析和实地调研，梳理了国家和四川省关于低空经济发展的政策导向，阐释了革命老区发展低空经济对区域经济转型升级的重要意义。其次，采用定量与定性相结合的研究方法，从产业规模、产业链条、基础设施、企业生态和应用场景五个方面，深入分析了四川革命老区低空经济的发展现状，从中提出消费市场培育不足、政策标准缺失、基础设施薄弱、人才与产业短板、应用场景受限等关键问题。最后，基于问题导向，提出了一套系统化的发展策略体系，包括：创新消费市场培育模式、完善政策标准体系、夯实基础设施与产业配套支撑、强化人才支撑、深化应用场景创新等具体措施。研究成果不仅为四川革命老区低空经济发展提供了理论参考和实践指导，也为同类地区培育新质生产力提供了可借鉴的发展范式。,成都航空职业技术学院学报,2025/6/19,期刊,,106
生产力,新质生产力下新能源产业与低空经济的跨界耦合发展,韩强,在新质生产力下，新能源产业与低空经济的耦合发展对地方经济发展非常重要。这种耦合不仅能够推动新能源技术在低空领域的应用，还能够借助低空经济的快速发展，为新能源产业开辟新的市场需求和发展空间。两者相互促进，共同推动技术创新和产业升级，为实现可持续发展目标提供有力支撑。主要针对新质生产力下新能源产业与低空经济的跨界耦合发展进行探讨。,能源与节能,2025/6/16,期刊,,459
生产力,低空经济赋能文旅行业新质生产力发展研究,刘增祥;刘培祥;顾至欣,文旅行业新质生产力是随着科技与文化的深度融合而诞生的全新概念。以低空数字智联系统为基础支撑，将低空经济与文旅行业相结合，能够从低空角度驱动和激活文旅资源，创新文旅出行游览新形态，赋能文旅饮食新模式，激发文旅娱乐新体验，不仅能够为游客提供全新的旅游体验，也为文旅产业的发展注入了新的活力。,通信管理与技术,2025/6/15,期刊,,44
生产力,低空经济、新质生产力与现代化产业体系建设,李学彦;李鑫,低空经济能够持续深化低空技术在各行各业的应用程度，已成为传统产业转型升级、新兴产业发展壮大的强劲动能，对于构建现代化产业体系具有重要现实意义。选取中国30个省级行政单位面板数据，以2008-2023年为研究周期，定量考察低空经济对现代化产业体系建设的作用效果，研究发现：低空经济能够显著赋能现代化产业体系建设。低空经济能够催生新业态新模式，创造大量高质量就业岗位，为新质生产力发展提供广阔平台，促进传统产业转型升级、不断培育壮大战略性新兴产业与未来产业，继而赋能现代化产业体系建设。东部地区在人才储备、低空经济技术研发等方面均处于领先地位，有助于充分发挥低空经济对现代化产业体系建设的赋能效应；自“十三五”规划实施以来，政策环境优化、技术不断进步、市场需求增长等均有助于促进低空经济高质量发展，故而在2017-2023年低空经济对现代化产业体系建设的促进作用更强。低空经济对现代化产业体系建设的驱动作用存在正向空间溢出效应。基于此，国家应积极培育低空经济发展新增长极、激活新质生产力发展动力源、打造现代化产业体系差异化发展带，加快推进现代化产业体系建设。,深圳大学学报(人文社会科学版),2025/6/12 10:48,期刊,,2785
生产力,低空经济赋能新质生产力发展：作用机制、现实挑战与突破路径,顾元吉;张燕,在全球科技革命与产业变革背景下，低空经济作为战略性新兴产业，凭借其技术密集性、空间立体性及强产业关联性，成为培育新质生产力的重要载体。通过从理论框架、作用机制与现实挑战三个维度展开研究，揭示低空经济赋能新质生产力的内在逻辑：一方面，低空经济通过高附加值产品研发、立体网络布局与创新外溢效应，推动生产要素重组与产业生态重构；另一方面，低空经济以技术创新驱动链式突破、产业融合促进生态共生、政策适配释放治理效能的三重路径，加速新质生产力的跃迁。研究发现，当前我国低空经济发展面临核心技术依赖、复合型人才断层、空域管理碎片化等瓶颈，制约其对新质生产力的赋能效果。对此，提出系统性突破路径：构建“政产学研用”协同创新联合体攻克技术壁垒，打造“低空+”多场景融合示范区优化产业生态，构建制度创新体系强化战略引领和治理优化，深化空域智能调配与数字平台建设提升资源效能，并通过参与国际规则制定提升全球话语权。,改革与战略,2025/6/9 14:26,期刊,,759
生产力,低空经济赋能物流新质生产力内涵及应用研究,翁勤晴,"低空物流作为数字经济时代新型要素载体,通过三维空间资源再配置与技术创新扩散,正在重构现代物流的价值创造范式。本文基于技术经济范式理论,深入揭示低空经济与现代物流“技术跃迁―制度调适―网络重构”的协同演化机制,论证现代物流在突破传统物流平面约束、实现物流网络时空压缩与价值涌现方面的理论内核,为研究数字经济时代物流产业升级提供系统性理论框架与实践指导意义。",中国航务周刊,2025/5/26,期刊,,420
生产力,新质生产力视角下成都市低空经济高质量发展路径研究,商黎疆;肖怡然;杜鹏飞,在新质生产力加速重构全球经济格局的背景下，低空经济作为融合新能源、人工智能与先进制造的战略性新兴产业，成为推动高质量发展的重要引擎。以成都市为例，基于新质生产力视角，从技术、要素、制度、场景四个方面系统剖析低空经济高质量发展的内在逻辑。成都市发展低空经济具有核心优势并取得了突出成效，但也存在技术瓶颈、管理体制机制不完善、应用场景局限等问题。因此，从新质生产力与低空经济的耦合逻辑出发，强化技术攻坚与融合创新、完善低空管理体制机制、培育市场化应用生态，以期进一步推动成都市低空经济高质量发展。,经济研究导刊,2025/5/25,期刊,,52
生产力,供应链新质生产力与低空经济融合发展研究,许幸华;王凌峰,该文重点探究供应链新质生产力与低空经济的特点、发展趋势及两者融合的基础、关键领域、挑战与风险，并提出相应的融合发展策略。首先，该文指出供应链新质生产力以信息化、数字化、智能化为驱动，能提高供应链效率，降低运营成本。随后，分析低空经济的发展现状与未来趋势。该文同时指出两者的融合发展面临的挑战与风险，例如法规政策不完善、技术安全与隐私保护问题及市场竞争与商业模式创新难题等。因应策略包括加强政策引导与支持力度、提升技术创新能力与应用水平，以及构建产业协同发展生态体系。,通化师范学院学报,2025/5/20,期刊,,188
生产力,新质生产力视角下低空经济从概念到实践的探索——以天津市宁河区为例,佟晓松,低空经济连续两年写入政府工作报告，并纳入国家培育新兴产业和未来产业重点任务之一，工业和信息化部等四部门联合印发的《通用航空装备创新应用实施方案（2024—2030年）》提出，到2030年通用航空装备将全面融入人民生产生活各领域，形成万亿级市场规模。宁河区地处京津唐城市群几何中心，在这一战略机遇期，凭借独特的区位优势、丰富的资源和科研力量，通过完善政策机制、加强基础设施建设、吸引企业入驻和不断探索并拓展“低空+”多领域应用场景，推动低空经济与其他产业深度融合，实现“低空+”新业态的示范应用，产业集聚效应初步显现，低空经济从概念逐步转化为具有实际经济效益和社会价值的产业，形成低空经济生态体系和全产业链“叠加效应”，逐渐成为推动经济高质量发展的新质生产力，为区域经济发展注入新动力。,天津经济,2025/5/20,期刊,,173
生产力,优化生产力空间布局推动区域高质量协调发展,周绍东;刘阳,因地制宜发展新质生产力，在区域上就表现为优化生产力的空间布局。社会主义基本经济制度的建立、市场作用和政府功能的合理分工，是优化生产力空间布局的生产关系保证。以生产力发展的阶段性调整为线索，将新质生产力发展过程划分为新技术萌发、新产业扩散、新模式涌现和新动能汇聚四个阶段。新质生产力发展四阶段在空间布局上表现为新型增长极的出现、区际发展轴的呈现、产业集群和城市群的衍生以及“生态—产业”国内大循环的塑造。因地制宜地发展新质生产力，根本目的是要在全国范围构建起统一大市场，通过高效配置资源修复人与自然关系的时空断裂，实现区域高质量协调发展。,宁夏社会科学,2025/5/20,期刊,,246
生产力,新质生产力赋能低空体育产业发展:价值、挑战与路径——以河南省安阳市为例,田贞;魏玉,本文采用文献资料法、逻辑分析法等研究方法，以河南省安阳市为例，深入剖析新质生产力赋能安阳市低空体育产业发展的价值与挑战，并提出相应发展路径。研究认为：新质生产力不仅能促进安阳市低空体育产业的品牌化进程，还为其提供全新的发展思路，成为其产业高质量发展的动力源泉。然而，新质生产力赋能安阳市低空体育产业仍面临劳动者配置比例亟待优化、宣传力度不足、平台建设与协同需要加强、安全监管与风险防控力度较弱等挑战。据此，本文提出激活新质生产力动能、转变产业发展理念、推动数据资源高效流通、筑牢低空体育运动安全监管防线等发展路径。,体育科技文献通报,2025/5/20,期刊,,126
生产力,低空经济赋能新质生产力的作用机理、现实梗阻与实践路径,李波;贾政霖,在构建现代化经济体系进程中，低空经济作为战略性新兴产业的重要构成，正成为推动新质生产力发展的关键载体。低空经济通过新型基础设施驱动、产业链重构、资源要素优化配置，正加速形成多维度、立体化的产业生态体系。然而，低空经济在赋能新质生产力发展过程中，仍需着重破解治理体系制度创新滞后、核心技术自主性不足、专业人才储备相对薄弱等现实困境。为此，应健全低空经济治理现代化制度创新与协同机制，强化关键领域技术攻关，完善低空经济人才培养机制，持续增强低空经济赋能新质生产力发展的支撑效能。,改革与战略,2025/5/18,期刊,,9
生产力,“产业—技术”协同式发展：低空经济高质量发展的新质生产力逻辑及其路径,张青兰;蒋永强,低空经济高质量发展是我国培育壮大战略性新兴产业、推进中国式现代化的重要方面，以科技创新为核心的新质生产力对其具有明显的赋能效应。低空经济高质量发展的核心在于低空飞行技术与相关产业的良性互动、协同发展，而新质生产力所蕴含的新理念、新技术、新要素则为其提供了方向指引、内在驱动和核心支撑，能在新型劳动者的主体建构、新型劳动资料的创新升级、新型劳动对象的丰富拓展中实现“产业—技术”一体化、协同式发展。从新质生产力的内在要素和赋能低空经济高质量发展的现实境遇看，我国仍存在着专业人才缺乏、基础设施和创新技术落后、资本支持不足的困境。新征程上，必须要针对现有问题，切实在加强人才建设、完善基础设施、发展耐心资本等方面取得进展，提升新质生产力赋能低空经济的主体基础、物质保障和资金支持。,当代经济研究,2025/5/15,期刊,1,1856
生产力,基于区位与资源禀赋的新疆低空经济发展路径研究——新质生产力的区域实践,鲁西帅,新疆作为丝绸之路经济带核心区及西部门户，凭借独特区位优势和空域、旅游、农业资源，为低空经济与旅游、物流、农业的融合提供了发展空间。发展低空经济既是培育新质生产力、推动经济转型的关键，更是服务“一带一路”建设、提升边疆治理水平的重要路径。本文基于“新质生产力”理论框架，系统分析新疆低空经济发展潜力、挑战与实践路径。当前，区位优势、资源禀赋、产业需求及政策支持构成核心动能，但基础设施薄弱、空域管理滞后、人才短缺和产业链协同不足制约了发展。基于此，本文提出“空域开放创新+特色场景驱动”发展策略，构建“干支通”联动基础设施网络，深化“低空+文旅/农业”产业融合，推进监管体系改革与标准建设，加强技术研发与产教融合人才培养。研究可为边疆地区通过新质生产力培育经济增长极提供理论与实践参考。,上海商业,2025/5/15,期刊,,71
生产力,聚焦新质生产力 推动产业融合 为汽车强国建设贡献广汽力量,,<正>今年的《政府工作报告》提出，大力发展智能网联新能源汽车、人工智能手机和电脑、智能机器人等新一代智能终端以及智能制造装备，并多次提到人工智能+、大模型应用、低空经济等。2024年，我国经济总量首次突破130万亿元，实现5%的经济增速，高质量发展成色十足。党中央、国务院因时因势加大逆周期调节力度，部署实施“两重”“两新”等务实有效政策举措，极大提振了发展信心，激发了内需潜力。以汽车产业为例，2024年全国汽车以旧换新超过了680万辆，,中国机关后勤,2025/5/15,期刊,,5
生产力,勇当新质生产力先行者 为江西高质量发展注智赋能,杨洋,<正>党的二十届三中全会提出，要健全因地制宜发展新质生产力的体制机制，健全促进实体经济和数字经济深度融合制度。习近平总书记在今年全国两会参加江苏代表团审议时指出，科技创新和产业创新是发展新质生产力的基本路径。加快形成和发展新质生产力已经成为推动高质量发展的时代意蕴与实践对策。,通信世界,2025/5/10,期刊,,36
生产力,“场景革命”与“技术赋能”：新质生产力驱动下低空经济高质量发展路径探究,林峻德,在全球产业变革与技术革命交织的背景下，低空经济作为新质生产力的重要载体，正成为重塑经济地理格局的关键力量。从2024年全国两会首次将低空经济写入政府工作报告，到2025年全国两会政府工作报告的再次提出，这一战略性新兴产业的发展已上升至国家战略层面，发展前景可期。然而，低空经济当前仍面临空域划分困难、基础设施建设不足等难题。因此，本文立足新质生产力的理论框架，结合场景革命与技术赋能的双轮驱动逻辑，建议以场景创新驱动市场扩容，技术突破加速产业升级，制度优化保证生态协同，为全球竞合背景下低空经济高质量发展提供创新路径。,老字号品牌营销,2025/5/10,期刊,,172
生产力,低空经济与高速公路领域新质生产力融合发展场景研究,宋宁宁;庞京成;赵子雪,通过解析低空经济这一战略性新兴产业概念及产业链组成情况，研究阐述交通产业新质生产力内涵与重点发展方向，并以高速公路领域为例展开与低空经济融合发展的检测、应急救援、客货运输等典型场景分析，最后从政策法规体系、低空改革体制机制、融合发展路径等方面提出低空经济助力高速公路领域培育新质生产力的意见建议。,山东交通科技,2025/4/25,期刊,,51
生产力,北京航空航天大学杭州创新研究院 引领“空天地信”融合技术创新 为低空产业新质生产力发展注入强劲动能,郑青墨,<正>2024年12月15日，杭州奥体中心“大莲花”迎来年末最后一场大型演唱会。而场馆外，“滨江机警”的“现身”也成为了众人关注的焦点。警用无人机在空中盘旋、巡逻机器狗紧随人后、携带装备的无人车从面前驶过……让人仿佛置身于科幻大片中。这是北京航空航天大学杭州创新研究院低空空域安全防控体系团队应滨江公安需求，专门研发的“滨江机警”空地一体、人机一体协同安全防控体系。在“滨江机警”的高效协同下，民警能快速发现并精准处置警情，破解了以往仅依靠人盯人战术处置“黄牛”警情的困局，而这速度的背后正是用北航“空天地”一体的防控智能体技术织就的一张细细密密的“平安网”。,今日科技,2025/4/22,期刊,,67
生产力,低空经济赋能新质生产力发展,沈俊杰,<正>新质生产力强调科技创新驱动、要素高效匹配、产业体系优化，低空经济的深度发展成为其支撑力量。低空经济依托智能飞行器、低空空域管理等技术体系，构建高效能运行模式。新质生产力以科技创新为核心驱动力，依赖高技术密集型、数字化运营、智能协同体系，形成全要素融合、全流程优化、全链条升级的产业形态。低空经济赋能新质生产力发展的路径涉及技术突破、产业生态构建、市场拓展等多个层面，决定新兴产业形态的演进趋势。基于此，本文围绕低空经济与新质生产力的互动机理，提出实践策略，为低空经济高质量发展提供理论支撑。,云端,2025/4/22,特色期刊,,28
生产力,低空经济赋能新质生产力的逻辑、挑战及路径,董超,低空经济作为战略性新兴产业和未来产业的关键构成部分，正逐步演变为中国经济增长的重要驱动力，展现出对新质生产力的显著推动与发展潜力。低空经济对新质生产力的赋能效应主要体现在技术创新驱动、核心要素支撑和应用场景孵化三个方面。然而，低空经济在赋能新质生产力的过程中存在低空安全监管体制机制亟待完善、低空软件硬件制造技术发展不同步、低空经济相关专业人才队伍短缺、低空经济技术与应用的融合度不高等挑战。为此，要健全低空安全监管体制机制的顶层设计、推动低空软件硬件制造技术的协同发展、加快低空经济领域的人才培养体系建设、推进低空经济技术与应用场景的深度融合，以促进低空经济对新质生产力的赋能作用。,辽宁经济,2025/4/20,期刊,,128
生产力,关于加快打造辽宁省低空经济未来产业新赛道培育新质生产力发展新优势的政策建议,林艳丽;朱悦宏;王新雨,低空经济作为战略性新兴产业，对辽宁省经济增长、科技创新和旅游业发展具有重要意义。对于低空经济，辽宁省在政策支持、产业基础等方面取得了一定成果，但仍面临政策法规不完善、应用领域有限、基础设施不足等挑战。为助力辽宁全面振兴，应从政策支持、应用拓展、基础设施建设、技术创新以及人才培养等多方面入手，全力推动辽宁省低空经济高质量发展。,辽宁经济,2025/4/20,期刊,,123
生产力,新质生产力背景下河北低空经济发展策略,暴平菊,新质生产力起主导作用的是创新，特征为高科技、高效能、高质量，是符合新发展理念的先进生产力质态。发展新质生产力是关系全局和长远的大事，低空经济作为以创新驱动发展，是新质生产力的代表之一，拥有广阔的前景，河北应把握时代的机遇，发展低空经济。,价值工程,2025/4/18,期刊,,622
生产力,新发展理念下低空经济驱动新质生产力发展的内在逻辑机制与路径选择,李德明,低空经济是发展新质生产力的关键领域之一，也是中国式现代化进程中的重要组成部分。为深入探讨低空经济在发展新质生产力中的关键作用及其赋能逻辑，文章采用理论分析与逻辑推演相结合的方法，对低空经济的重要性、作用范围及其对新质生产力的驱动价值与内在机制进行了系统分析。结果表明，低空经济作为发展新质生产力的关键领域，不仅能培育经济增长新动能、拓展高质量发展新空间，而且能满足人民美好生活需要、助推新型城镇化建设，并促进低空民航业转型升级、提升全要素生产率。其赋能新质生产力的逻辑主要体现在重构生产要素组合、激活产业协同效应、促进新能源航空崛起及释放普惠性价值。基于此，文章提出低空经济驱动新质生产力发展的路径，即强化低空创新驱动以突破关键技术、优化空域资源配置以提升协同效能、完善政策法规体系以拓宽全球视野、培育专业人才队伍以激发创新活力，为推动新质生产力发展提供理论指导。,企业科技与发展,2025/4/17 14:54,期刊,,1129
生产力,新质生产力视角下低空经济发展战略探索,田泽昊;张咪乐,随着新一轮科技革命和产业变革的深入发展，新质生产力在推动经济发展中发挥着愈加重要的作用。低空经济是经济的重要类型，属于新兴经济形态。为激发经济发展活力，推动产业发展，政府应当重视低空经济，充分利用新质生产力支持低空经济发展，使其成为经济增长的引擎，提高国民经济发展水平。通过分析新质生产力与低空经济理论，研究了新质生产力视角下低空经济发展面临的挑战，提出了新质生产力视角下低空经济发展战略，旨在使新质生产力为低空经济发展赋能，强化低空经济发展效果，满足人民对低空经济的发展需求，助力社会经济高质量发展。,科技经济市场,2025/4/15,期刊,,6
生产力,南京公交乘“数”而上，赋能打造新质生产力,王彤彦,<正>2023年12月31日，国家数据局、交通运输部等17部门联合印发《“数据要素×”三年行动计划（2024—2026年）》，旨在通过推动数据在多场景应用，提高资源配置效率，创造新产业新模式，培育发展新动能，从而实现经济发展倍增效应。南京公交结合自身改革转型发展实际和“创一流公交企业”行动计划，聚集重点工作探索挖掘数据典型应用场景，推动数据要素赋能，打造“公交新质生产力”，为企业可持续发展注入新动能。,城市公共交通,2025/4/15,期刊,,42
生产力,两会聚焦：助力低空经济蓄势高飞！飞出新质生产力加速度！,,<正>低空经济作为战略性新兴产业，具有产业链长、科技含量高、创新要素集中等特点，有望成为推动新质生产力发展的“关键增量”。自2024年首次被写入《政府工作报告》，低空经济正逐步形成从政策布局到产业生态的全新发展格局。中国航空工业集团作为承接国家航空战略的“国家队”和“主力军”，积极响应国家绿色航空制造业发展战略，将低空经济列入主责主业，全面贯彻新发展理念、抢抓新变革机遇、加快培育航空新业态。在今年全国两会上，来自中国航空工业集团代表委员们积极发声、主动作为，为低空经济发展建言献策。,航空标准化与质量,2025/4/15,期刊,,78
生产力,"政府工作报告:因地制宜发展新质生产力,加快建设现代化产业体系",,"<正>国务院总理李强3月5日在政府工作报告中介绍今年政府工作任务时提出,因地制宜发展新质生产力,加快建设现代化产业体系。推动科技创新和产业创新融合发展,大力推进新型工业化,做大做强先进制造业,积极发展现代服务业,促进新动能积厚成势、传统动能焕新升级。培育壮大新兴产业、未来产业。深入推进战略性新兴产业融合集群发展。开展新技术新产品新场景大规模应用示范行动,推动商业航天、低空经济等新兴产业安全健康发展。建立未来产业投入增长机制,培育生物制造、量子科技、具身智能、6G等未来产业。深化先进制造业和现代服务业融合发展试点,加快发展服务型制造。加强产业统筹布局和产能监测预警,促进产业有序发展和良性竞争。加快国家高新区创新发展。梯度培育创新型企业,促进专精特新中小企业发展壮大,支持独角兽企业、瞪羚企业发展,让更多企业在新领域新赛道跑出加速度。",生产力研究,2025/4/15,期刊,,96
生产力,推动科技创新和产业创新深度融合 因地制宜培育壮大新质生产力,宁波,<正>党的十八大以来，习近平总书记三次亲临安徽考察，重点聚焦科技创新，勉励安徽坚定不移下好创新“先手棋”，在科技创新和产业创新上走在前列。芜湖市牢记习近平总书记殷殷嘱托，围绕产业链部署创新链、围绕创新链布局产业链，加快构建以先进制造业为支撑的现代化产业体系，因地制宜培育壮大新质生产力，推动高质量发展迈出坚实步伐。2024年，芜湖市实现地区生产总值5120.5亿元，经济增速6.4%，全社会研发经费投入占GDP比重达4.28%、居安徽首位，其中90%以上的研发投入来自企业。,旗帜,2025/4/15,期刊,,26
生产力,跨越进行时：新质生产力的浙江答卷,徐意棋;本刊综合,<正>2025年新年伊始，绍兴市新昌县万丰航空小镇飞机装配车间里便异常忙碌，一架架身形优美、通体锃亮的钻石DA40飞机正在安装和调试，订单甚至排到了两年后。这是浙江万丰奥特控股集团“幸福的烦恼”，也是近年来新质生产力的代表之一——低空经济“扶摇直上”的缩影。刚结束的2025年全国两会上，政府工作报告中明确提出“因地制宜发展新质生产力，加快建设现代化产业体系”。在浙江这个经济大省，企业已经成为新质生产力最活跃的“主战场”，各类新质生产力竞相涌现，“新质”浙江真实、具体、丰富。托举新兴产业，“新质”浙江有强链基础无人机在西湖边“空投”情书、通用飞机载着游客空中打卡浙东唐诗之路、“海岛快巴”起降在朱家尖和嵊泗列岛……浙江的天空变得越来越繁忙。,浙江画报,2025/4/15,特色期刊,,13
生产力,推动人工智能与实体经济深度融合加快发展新质生产力,苏美文;杨文爽;李博文;任飞宇;易美妮,人工智能技术的爆发和大模型、大数据功能的跃升，及其与未来产业和传统产业的深度融合，极大地推动了新质生产力的发展。下面刊发的8篇文章，从“大数据功能视角的全要素生产率理论创新”，到“大数据驱动新质生产力发展”，从“供应链数字化转型推动企业增效”，到“新质生产力视域下传统产业转型升级”，从“我国6G工业互联网发展战略”，到“人工智能驱动新质生产力发展的实践路径”，从“大模型落地背景下的低空经济”，到“基于大模型的脑机接口产业发展”，深刻揭示了人工智能与实体经济深度融合前景，勾勒出新质生产力赋能高质量发展蓝图。,工业技术经济,2025/4/1,期刊,4,2145
生产力,以低空经济产业赋能新质生产力发展的对策研究——以太仓港经济技术开发区为例,吴建国;王永健;杜心月,经济高质量发展的趋势下，各地区纷纷转变发展方式。但随着要素成本上升、资源环境压力加大、产能过剩及发达国家再工业化等多重挤压，许多地区的经济增长已触及瓶颈。文章以太仓港经济技术开发区为例，通过分析太仓港区的现有优势和企业成功案例，论证了以低空经济带动全产业链发展的可行性，探讨了通过低空经济产业促进新质生产力发展的现实路径。最后，文章结合当前太仓港区低空经济产业存在的问题，提出相应对策，即从建设特色产业园、打造产业高地、提升创新水平、拓展应用场景、建设基础设施5个方面着手，推动形成低空特色产业集群，实现新质生产力的有效转化。,江苏科技信息,2025/3/30,期刊,1,421
生产力,以低空经济推动安徽宿州因地制宜发展新质生产力研究,王馨,<正>一、前言2024年被称作“低空经济元年”。这一年，从《政府工作报告》首次把低空经济列为“新增长引擎”，到党的二十届三中全会提出“发展通用航空和低空经济”，从各地积极布局、资本竞相涌入，再到国家发展改革委成立低空经济发展司，我国发展低空经济的政策日益有力，路线愈发清晰，动力更加充足。当前，低空经济不再是特定省市的“试水”领域，而是全面扩展为全国各地争相进入的未来产业新赛道。从国家层面的政策导向，到安徽省级出台实施方案，宿州响应号召布局低空经济。宿州以低空经济因地制宜发展新质生产力面临诸多现实问题，涵盖基础设施建设、产业发展定位、立体交通意识与应用场景探索四大方面。基于此，从机场分类运营、培育头部企业、培养低空人才、探索“低空+农产品物流”四个方面探索切实的对策，有助于推动低空经济为宿州带来新的经济增长点。,环渤海经济瞭望,2025/3/25,期刊,,244
生产力,冯兴亚：利用产业融合 培育新质生产力,温昕,<正>在今年全国两会上，多位“汽车人”为我国汽车产业的高质量发展建言献策。全国人大代表，广汽集团董事长、总经理冯兴亚十分关注新能源汽车产业的可持续发展，围绕动力电池回收、换电模式推广、低空经济等方面提出了多项建议。全国人大代表，广汽集团董事长、总经理冯兴亚今年重点关注培育新质生产力、推动新能源汽车产业可持续发展和践行汽车行业社会责任等内容，为推动汽车行业高质量发展、建设汽车强国建言献策。,智能网联汽车,2025/3/25,期刊,,15
生产力,新质生产力引导下广东低空经济高质量发展路径研究,张婷;柳仪;黄昕;沈慧玥,"全球低空经济战略布局不断加速,我国已将低空经济纳入国家发展规划。凭借完整的全球无人机产业生态链及产业协同联动的优势,广东在低空物流、低空载人交通等领域取得了突破。但由于技术水平有限、法规滞后、区域之间不平衡,低空经济无法全面开展。珠三角的技术水平比较高,但是可能会出现生态耗竭的情况;粤东西北地区水平相对较弱,区域发展相对滞后。解决以上问题的主要途径是:技术梯度布局,深化制度创新、优化生态协同、补齐产业链条、夯实数字底座、协同区域发展。先做好全省从极化发展到全域协同,再以此为基点,提供高质量发展的范式,带动全国的低空经济发展。",第二届智能工程与经济建设学术研讨会论文集（二）,2025/3/25,中国会议,,4
高质量发展,低空经济企业突破式创新与高质量发展,单伟;谢文彬;孙一中;程长风,作为我国战略性新兴产业，低空经济正成为培育新质生产力的关键领域。基于TOE框架，通过建立整合QCA与回归分析的复杂中介模型，系统探究低空经济领域企业突破式创新的驱动路径及其对高质量发展的作用机制。研究发现：（1）突破式创新能力的形成遵循多重并发因果逻辑，不存在单一必要条件；（2）企业创新存在研发驱动型、数字驱动型、环境驱动型、协同驱动型及创新试错型五类驱动范式；（3）复杂中介检验表明，除创新试错型外，其余四类范式基本均可通过赋能突破式创新能力，进而促进企业高质量发展。研究结果填补了低空经济微观机制的理论空白，并为企业优化创新战略和政府构建产业生态提供决策依据。,科学学研究,2025/8/29 14:48,期刊,,519
高质量发展,高技术产业集聚能否助力低空经济高质量发展？,热依汗古丽·依沙克;睢党臣;吕心妍,以2012—2022年我国30个省级面板数据为样本，采用固定效应模型实证检验高技术产业集聚对低空经济高质量发展的影响，并进一步探讨技术创新的中介作用。实证结果表明：高技术产业集聚不仅能直接促进低空经济高质量发展，还可通过激发技术创新推动低空经济高质量发展，即高技术产业集聚通过提升区域创新能力，间接促进低空经济高质量发展；区域异质性分析发现，中西部地区的正向效应高于东部地区。为此，建议依据各地经济基础差异，精准布局高技术产业集群，完善创新激励机制，构建协同创新平台；加大对中西部地区的财政与制度支持力度，推动区域间均衡发展与创新驱动共进。,技术经济与管理研究,2025/8/26,期刊,,129
高质量发展,低空经济视角下南通无人机物流产业高质量发展研究,孙一珩,本文从低空经济特征及发展趋势出发，对南通无人机物流产业发展现状进行分析，并提出南通无人机物流产业高质量发展路径，为推动南通无人机物流产业发展、提升低空经济发展水平提供积极参考。,中国航务周刊,2025/8/18,期刊,,172
高质量发展,低空经济赋能高质量发展的内在机理与现实路径,沈映春;李昂,低空经济作为依托低空空域资源的产业体系与价值网络，蕴含多维核心要素，是推动经济高质量发展的重要引擎。作为新兴经济形态，现阶段的低空经济在发展过程中面临制度体系尚不健全、基础设施建设滞后、科技创新存在短板、专业人才无法满足市场需求、商业模式欠成熟等困境。为破解困境、释放低空经济发展潜力，文本基于低空经济赋能高质量发展的内在机理，从技术创新、场景创新及制度创新等维度提出建议，旨在强化低空经济政策支撑，有效克服发展障碍，为中国经济高质量发展注入新动能。,新疆师范大学学报(哲学社会科学版),2025/8/12 11:23,期刊,,941
高质量发展,农垦低空经济高质量发展分析与建议,庄卫东;谢欣宇,低空经济已成为农业农村现代化进程的新引擎。本文针对低空经济赋能农垦新质生产力发展进行探讨，系统分析了农垦低空经济的低空作业、信息感知、物流运输、农文旅融合等典型应用场景，提出了农垦低空经济发展建议，推动农垦低空经济实现创新、协调、绿色、开放、共享多方面高质量发展。,中国农垦,2025/8/5,期刊,,132
高质量发展,高水平标准引领高质量发展2025青岛国际标准化大会成功举办,靳吉丽,<正>7月9日，2025青岛国际标准化大会在青岛国际会议中心开幕。大会由青岛市人民政府主办，青岛市市场监督管理局承办，主题是“高水平标准引领高质量发展”。国家市场监督管理总局副局长、国家标准化管理委员会主任邓志勇，山东省副省长王桂英，青岛市委副书记、市长任刚出席开幕式并致辞，青岛市副市长赵胜村主持开幕式。,中国标准化,2025/8/5,期刊,,17
高质量发展,人工智能时代低空经济高质量发展的挑战和应对策略,王淑鹤,人工智能与低空经济具有互补性、共享性、动态性的耦合特征，在赋能低空经济高质量发展时展现出了巨大潜力，但同时也存在技术层面、制度层面、社会层面的现实困境，因此必须加快核心技术攻关，共享低空数据，不断完善相应的政策法规和监管机制，同时合理配置低空资源，保障社会公平正义与和谐稳定，推动人工智能时代低空经济的可持续发展。,产业创新研究,2025/7/22,期刊,,366
高质量发展,“低空经济”助推文旅产业高质量发展刍议,戚红年;孙富,低空经济如何赋能相关产业实现高质量发展，特别是如何赋能文旅产业发展，是当前我国面临的重要研究课题。本文从我国文旅产业发展的问题出发，通过分析文旅产业发展趋势、低空经济发展动态，探讨在新质生产力视角下如何实现“低空经济”与“文旅产业”的融合发展，提出了低空经济从文旅行业转型、产品体系构建、传统项目变革、现代场景打造、产业业态创新、服务水平提升等六个方面赋能文旅产业高质量发展的建议，助推低空+文旅的安全、绿色发展，以期为低空文旅项目的决策者提供启示。,产业创新研究,2025/7/22,期刊,,307
高质量发展,基于低空经济视角的物流产业高质量发展路径研究,郝婷婷,"低空经济作为国家战略性新兴产业,正深度重构物流产业运行模式。本文聚焦低空经济对物流产业的技术赋能与制度创新双重驱动机制,揭示其在配送效率提升、服务场景拓宽及生态效益优化中的核心价值。基于政策导向与产业实践的双重逻辑,提出通过法规框架完善、核心技术突破、网络节点优化及人才梯队建设四个维度构建新型物流体系,旨在为突破传统物流行业地理约束、能耗瓶颈及服务同质化问题提供解决方案,为产业转型升级提供理论支撑与实践指引。",中国航务周刊,2025/7/21,期刊,,207
高质量发展,乘“低空经济”东风，探地区高质量发展的差异化路径,胡陈业;王俊颖,党的二十届三中全会明确提出大力发展通用航空与低空经济。当下，低空经济在全球迅速崛起，作为战略性新兴产业，正为各地高质量发展注入新活力。本文聚焦不同地区，深入探寻低空经济赋能高质量发展的差异化路径。通过分析各地资源禀赋、产业基础、市场需求等差异，提出因地制宜的策略，挖掘低空经济潜力，推动地区经济可持续增长与创新发展，积极响应全会要求，为地区融入低空经济浪潮、实现高质量发展，提供有力支撑。,南方论刊,2025/7/8,期刊,,64
高质量发展,低空经济发展环境下物流行业高质量发展策略研究,武天竹,全球经济一体化和科技日新月异发展的背景下，低空经济作为一种新兴的、具有前瞻性的经济形态，正逐渐崭露头角，成为推动社会经济发展的新动力。特别是在物流行业，低空经济以其独特的优势，为提升物流效率、降低物流成本、实现智能化配送提供了前所未有的机遇。文章全面探讨了低空经济发展环境下物流行业的高质量发展策略，通过深入分析低空经济的内涵、物流行业的现状与挑战，结合国内外成功案例，提出具有可操作性和前瞻性的策略建议。,经济师,2025/7/5,期刊,,56
高质量发展,新质生产力驱动黑龙江省低空经济高质量发展,郗鹏,在全球新一轮科技革命与产业变革加速演进的背景下，新质生产力作为重塑经济发展格局的核心动力，正推动低空经济成为战略性新兴产业的重要增长极。2025年政府工作报告明确提出“建设全国寒地低空经济示范区”的战略目标，为黑龙江省低空经济发展赋予了国家战略使命。基于新质生产力理论框架，系统剖析黑龙江省低空经济发展的现实基础与突出矛盾，发现其依托航空制造底蕴、寒地资源禀赋和跨境区位优势，已在智慧农业、冰雪文旅、跨境物流等领域形成特色应用场景，但同时面临低空基础设施布局失衡、核心技术自主创新不足、复合型人才供给短缺等结构性挑战，从而提出以技术创新为核心驱动力、以产业链协同为发展路径、以场景融合为价值载体、以人才培育为支撑保障的高质量发展体系，为寒地资源型地区构建新质生产力驱动的低空经济发展范式提供理论参考与实践指导。,黑龙江国土资源,2025/6/28,期刊,,68
高质量发展,新一代人工智能技术赋能农村电商物流高质量发展研究,邵舒羽;李亚铎;李泽睿,"促进区域协调发展,全面推进乡村振兴是实现高质量发展及中国式现代化的必由之路。如何在广大农村地区构建优质高效的服务业新体系,建设高效顺畅的流通体系成为至关重要的问题。本文深度剖析我国农村电商物流发展现状,洞悉其未来发展趋势,系统阐述如何利用新一代人工智能技术赋能农村物流领域,指明有关技术的应用前景和挑战,进而提出建设性措施,为我国农村电商物流发展提供重要参考。",物流研究,2025/6/20,期刊,1,313
高质量发展,低空经济高质量发展的逻辑理路、现实困境与策略选择,李铁华;范志烁,低空经济作为新质生产力的典型代表，凭借其广泛应用、空间补充、产业融合、市场融通四大核心特性，深度嵌入经济转型进程，成为驱动经济高质量发展的重要引擎。加速低空经济发展需要技术创新驱动升级、市场需求牵引增长、政策导向主导布局以及产业融合拓展机制；要优化产业布局，促进区域发展；强化政策导向，精准匹配需求；营造创新生态，深化教科人协同联动等方面精准施策，助推低空经济实现高质量发展。,西昌学院学报(社会科学版),2025/6/11 16:26,期刊,,686
高质量发展,低空经济高质量发展的国内外经验与启示,王兴萌,低空经济作为新兴经济形态，是我国发展新质生产力的关键切入点，正逐渐成为推动经济增长的新引擎。在当前全国抢滩布局低空经济这一战略新兴领域的形势下，文章通过剖析我国低空经济发展的现实问题，总结国内外低空经济发展经验，从“飞得起、落得下、管得住、用得好”四个维度提出促进低空经济发展的可行路径，以期推进我国经济稳定可持续发展。,商业观察,2025/6/5,期刊,,403
高质量发展,空域开放赋能低空经济高质量发展的挑战与应对,贺富永;公理,低空经济作为具有新质生产力特征的新兴经济形态，逐渐成为地区经济发展和产业结构优化的新驱动。通过科技创新、产业融合、政策驱动等方式赋能低空经济高质量发展，但空域管理存在条块分割、权限交叉，设施及投入相对不足，政策与法律存在不平衡，公众需求尚未成熟，且低空空域实质开放程度有限等问题。需要分区块、分层次开放试点改革、建立高效低空治理机制、积极调动多元市场主体参与并加大基础设施投入，实现空域治理与低空经济高质量发展。在发展与安全并重的理念下积极防范风险，助力我国航空事业健康可持续发展以及经济社会的整体进步。,西昌学院学报(社会科学版),2025/5/26 11:10,期刊,,574
高质量发展,低空经济高质量发展的价值意蕴、内在逻辑与实践路径,沈占胜;崔佳旭,低空经济高质量发展揭示了技术革命与生产关系演进的辩证逻辑。作为空间生产要素的系统性重构，其通过空域资源社会化利用与立体交通体系创新，推动生产力提升与制度供给的协同变革，形成多维复合的价值形态。其在经济、社会、科技和战略层面等价值维度呈现共生演进特征。这种价值的实现，根植于低空经济高质量发展的内在逻辑，既体现空间正义导向的发展伦理，也遵循资本运动规律在立体空间生产中的转化形态，更展现出技术创新与制度调整的协同演化特征。其核心实践路径聚焦于完善普惠型低空公共服务网络，深化空域资源产权配置改革，培育“低空+”产业融合生态，构建数字孪生支撑的治理范式。这些创新实践不仅推动经济与社会效益的协同增益，更为优化空间资源配置提供了系统性解决方案。,成都理工大学学报(社会科学版),2025/5/26 10:55,期刊,,940
高质量发展,低空经济赋能我国高质量发展：机理、挑战与应对,陈培坤;李迁;叶琪,低空经济是我国高质量发展的新赛道和新引擎。低空经济发展会通过推动技术创新、延伸产业链、拓展应用场景、催生新质生产力、助力传统产业转型等方面开辟高质量发展的空间，增强高质量发展的动能。当前，我国低空经济发展在规划政策、基础设施、市场应用等方面已经取得了一定成效，展现赋能高质量发展的积极效应，但也面临着空域管理体制不畅与基础设施供应不足、应用场景有待进一步挖掘、技术与人才短板仍然存在、安全监管不可小觑等挑战。要深刻把握好新质生产力与新型生产关系的关系、有为政府与有效市场的关系、“一盘棋”和“差异化”的关系、安全与发展的关系、自主创新与开放竞争的关系，从深化体制改革、完善基础设施、拓展低空应用场景、强化技术创新与人才培养、加强监管力度等方面推动我国低空经济发展，为我国高质量发展蓄力赋能。,经济研究参考,2025/5/26,期刊,,206
高质量发展,新质生产力视角下成都市低空经济高质量发展路径研究,商黎疆;肖怡然;杜鹏飞,在新质生产力加速重构全球经济格局的背景下，低空经济作为融合新能源、人工智能与先进制造的战略性新兴产业，成为推动高质量发展的重要引擎。以成都市为例，基于新质生产力视角，从技术、要素、制度、场景四个方面系统剖析低空经济高质量发展的内在逻辑。成都市发展低空经济具有核心优势并取得了突出成效，但也存在技术瓶颈、管理体制机制不完善、应用场景局限等问题。因此，从新质生产力与低空经济的耦合逻辑出发，强化技术攻坚与融合创新、完善低空管理体制机制、培育市场化应用生态，以期进一步推动成都市低空经济高质量发展。,经济研究导刊,2025/5/25,期刊,,52
高质量发展,理据与图景：低空经济高质量发展的法治路径探究,李源辉;陈彤,低空经济作为新质生产力的重要代表，对人们的生活方式、经济的运行模式、技术的创新变革具有重大影响。作为国家战略性新兴产业，其健康发展离不开法律的指引、规范与保障。近年来，随着低空经济的快速发展，现有的法律已然不能适应其发展的多元化需求，存在一定的滞后性和不完整性。在中国式现代化背景下，推动低空经济高质量发展是发展中国经济的必然要求。对此，需厘清低空经济与法治建设的内在理论逻辑，从法源地位上解读低空经济相关法律的特征属性，并在二者基础上构建立法图景，即明确低空经济法治建设的基本原则、制度性建设及立法定位，旨在规范市场秩序，确保飞行活动安全，推动产业转型升级，为低空经济高质量发展保驾护航。,兵团党校学报,2025/5/25,期刊,,284
高质量发展,“产业—技术”协同式发展：低空经济高质量发展的新质生产力逻辑及其路径,张青兰;蒋永强,低空经济高质量发展是我国培育壮大战略性新兴产业、推进中国式现代化的重要方面，以科技创新为核心的新质生产力对其具有明显的赋能效应。低空经济高质量发展的核心在于低空飞行技术与相关产业的良性互动、协同发展，而新质生产力所蕴含的新理念、新技术、新要素则为其提供了方向指引、内在驱动和核心支撑，能在新型劳动者的主体建构、新型劳动资料的创新升级、新型劳动对象的丰富拓展中实现“产业—技术”一体化、协同式发展。从新质生产力的内在要素和赋能低空经济高质量发展的现实境遇看，我国仍存在着专业人才缺乏、基础设施和创新技术落后、资本支持不足的困境。新征程上，必须要针对现有问题，切实在加强人才建设、完善基础设施、发展耐心资本等方面取得进展，提升新质生产力赋能低空经济的主体基础、物质保障和资金支持。,当代经济研究,2025/5/15,期刊,1,1856
高质量发展,推动先进装备制造产业高质量发展的对策研究——基于石家庄市的调研,屈佳熹;刘沛宇,制造业是实体经济的基础，装备制造业是制造业的核心组成部分，先进装备制造业是发展新质生产力的重要动能，关系到经济高质量发展全局。目前，先进装备制造产业发展态势良好，政策体系不断完善、产业集群雏形初现、产业发展厚植新动能，但仍存在发展中产业链条有待完善、创新能力有待提升、人才资源较为短缺等诸多痛点和难点。因此，推动先进装备制造产业高质量发展，要把握规律、因地制宜，探索切实有效的实践途径，要完善产业链条、提高创新能力、强化人才支撑、优化营商环境等，不断推动制造业高端化、智能化、绿色化发展，夯实中国式现代化物质技术基础。,中共石家庄市委党校学报,2025/5/15,期刊,,70
高质量发展,勇当新质生产力先行者 为江西高质量发展注智赋能,杨洋,<正>党的二十届三中全会提出，要健全因地制宜发展新质生产力的体制机制，健全促进实体经济和数字经济深度融合制度。习近平总书记在今年全国两会参加江苏代表团审议时指出，科技创新和产业创新是发展新质生产力的基本路径。加快形成和发展新质生产力已经成为推动高质量发展的时代意蕴与实践对策。,通信世界,2025/5/10,期刊,,36
高质量发展,数字经济驱动西北地区低空经济高质量发展的机制研究,王瑞,在当今社会，数字经济凭借其强大的技术渗透力、要素重组能力以及产业融合优势，为西北地区低空经济高质量发展注入了强劲动能。低空经济作为一种集约型模式，展现出显著的综合性特征，并在数字技术的驱动下，成功把握住了新增长契机，进而成为推动城市治理现代化的重要力量。其融合与创新特质有效促进了数字技术与实体产学研深度融合，为经济转型注入了持久动力。西北地区紧抓机遇，相关产业蓬勃发展。然而，该地区仍面临诸多挑战，如基础设施滞后、技术驱动与数据支持不足以及经济社会效益提升空间有限等。因此，有必要加强基础设施建设、拓展高质量应用场景、提升数字化赋能水平。本文提出了促进西北地区低空经济高质量发展的策略，包括制定专项规划、引领科技创新以及强化人才队伍建设等。尽管西北地区拥有丰富的空域资源，但亟须探索数字经济驱动低空经济高质量发展的有效路径。,老字号品牌营销,2025/5/10,期刊,,125
高质量发展,“场景革命”与“技术赋能”：新质生产力驱动下低空经济高质量发展路径探究,林峻德,在全球产业变革与技术革命交织的背景下，低空经济作为新质生产力的重要载体，正成为重塑经济地理格局的关键力量。从2024年全国两会首次将低空经济写入政府工作报告，到2025年全国两会政府工作报告的再次提出，这一战略性新兴产业的发展已上升至国家战略层面，发展前景可期。然而，低空经济当前仍面临空域划分困难、基础设施建设不足等难题。因此，本文立足新质生产力的理论框架，结合场景革命与技术赋能的双轮驱动逻辑，建议以场景创新驱动市场扩容，技术突破加速产业升级，制度优化保证生态协同，为全球竞合背景下低空经济高质量发展提供创新路径。,老字号品牌营销,2025/5/10,期刊,,172
高质量发展,新时期低空旅游高质量发展的驱动因素、作用机制与实践路径,余正勇,低空旅游作为一种新兴旅游形式，在全球范围内发展迅速，其在推动产业结构升级、提升旅游体验品质和强化国家战略地位等方面具有重要价值。从政策、技术、市场和产业四大驱动因素出发，系统分析了新时期低空旅游高质量发展的内在逻辑与作用机制。研究发现，政策驱动为空域管理改革和产业支持提供了制度保障；技术驱动通过航空技术、信息技术和通信技术的突破，为低空旅游发展提供了核心支撑；市场驱动以消费升级为牵引，推动低空旅游产品向多元化和高端化发展；产业驱动通过通用航空产业与旅游产业的协同发展，构建了多业态融合的生态系统。在此基础上，构建了“技术-制度协同演化机制”“供需动态匹配机制”“产业结构优化及城乡融合创新机制”和“体验经济转化与消费扩容提质机制”，并提出了颠覆性技术研发、首发经济推动、产品要素业态创新、专业服务生态圈塑造、市场需求精准培育以及战略引领与标准体系构建等实践路径。以期为低空旅游产业的健康、可持续发展提供理论支撑和政策建议，推动旅游经济转型与社会现代化建设。,科学与管理,2025/5/8 14:41,期刊,,1093
高质量发展,武汉低空经济高质量发展策略,孔维,低空经济作为战略性新兴产业，已成为全球产业发展和科技创新的重要赛道。推动武汉低空经济高质量发展要制定发展战略规划、加大财政金融支持、优化低空空域管理、打造多元应用场景、提高科技创新水平。,当代县域经济,2025/5/5,期刊,1,443
高质量发展,低空经济高质量发展背景下广西低空物流发展策略研究,朱泳霖,"本文围绕广西低空经济与低空物流的现状展开分析,揭示两者协同发展的内在机理,并通过SWOT模型评估其发展潜力与制约因素。通过构建三方演化博弈模型,探讨物流企业、政府监管部门与东盟区域主体之间的互动关系,结合MATLAB仿真分析提出针对性策略。研究表明,技术创新、政策优化与市场机制激活是推动广西低空物流高质量发展的关键路径,而制度协同与技术赋能则为跨境物流合作提供了重要支撑。",中国航务周刊,2025/5/5,期刊,1,630
高质量发展,因地制宜推动民营企业高质量发展,郑万成;钱振华;刘斌,<正>2025年2月17日，习近平总书记在民营企业座谈会上指出，新时代新征程民营经济发展前景广阔、大有可为，广大民营企业和民营企业家大显身手正当其时。近年来，苏州市吴江区以大力发展民营企业为突破口，走出了一条具有特色的因地制宜发展新质生产力的创新之路。截至2024年底，吴江拥有世界500强企业2家、中国500强企业4家、中国民企500强6家，恒力集团更是荣获“2023中国制造业民营企业500强”第1名。坚持党建引领，激发内生动力。围绕“提升组织力”这一重大课题，从非公领域率先突破，发布实施非公党建组织力标准体系，构建“一个龙头、十家重点、百强示范、千企提标、万企行动”的民企党建新格局。,群众,2025/4/25,期刊,,17
高质量发展,生产性服务业赋能低空经济高质量发展的机制和路径研究,郝爱民;贾鸣谦,作为新质生产力的典型代表，低空经济推动经济活动由“平面”向“立体”转变，正成为我国经济高质量发展的新动能。在系统阐述生产性服务业赋能低空经济高质量发展的理论基础上，选用2011—2022年中国省级面板数据实证检验生产性服务业对低空经济高质量发展的赋能机制，得出如下结论：生产性服务业能够有效赋能低空经济高质量发展；异质性分析表明，生产性服务业对低空经济高质量发展的影响存在区域性差异，对西部地区的驱动作用更加显著；进一步分析表明，人力资本在生产性服务业对低空经济高质量发展的影响中发挥正向调节作用。,统计理论与实践,2025/4/25,期刊,,145
高质量发展,长江经济带重要节点城市高质量发展路径研究——以江西九江为例,孙志伟;王鑫亮;熊瑜,作为长江经济带重要节点城市，江西省九江市紧抓新质生产力发展契机，努力将“黄金通道”变为“黄金效益”、生态财富转化为经济财富。九江市地理位置优越、绿色发展成效显著、文化底蕴深厚，但也面临环境保护工作力度不够、科技创新支撑能力不足、口岸经济发展动力不足、文旅产业深度融合不够等挑战。提出以“三大攻坚战”筑牢长江生态安全屏障、以“三大引擎”系统谋划新质生产力布局、以“三大工程”构建内陆开放合作新高地、以“四大行动”打造长江国际黄金旅游带，对于推动江西融入长江经济带、对接长三角具有重要意义。,科技广场,2025/4/25,期刊,,37
高质量发展,县域低空经济高质量发展的原则与策略,刘小华;蔡福;和世瑛,近年来，国家出台了多项政策，以大力推动低空经济的发展，明确了低空经济在综合交通运输体系、新兴产业体系中的重要地位。县域作为我国经济发展的基本单元，发展低空经济具有重要意义。目前，县域低空经济发展尚处于起步阶段，对县域层面发展低空经济的研究相对短缺。本文深入分析县域低空经济高质量发展的原则，并提出相应的策略与路径，包括加强基础设施建设、深化“低空+乡村振兴”的实践策略、加大低空产业引育力度等，以期为县域低空经济的可持续发展提供思路与参考。,中国战略新兴产业,2025/4/20,特色期刊,,28
高质量发展,低空经济高质量发展的人才需求分析与培养建议,金伟;田野;马玥,围绕低空经济高质量发展的人才需求与培养建议展开研究，阐述了低空经济及其产业链，分析了其高质量发展内涵特点及人才的重要作用；探讨了低空经济的发展现状和未来趋势，并对当前低空经济的人才现状及需求进行了深入分析。研究发现，低空经济高质量发展需要人才的有效支撑。我国低空经济发展快速起步、成效明显，未来发展将呈现技术、业态、模式及管理策略等深刻变革和人才需求的显著增加，尽管我国已具备了一定的人才基础，但人才短缺、难以适应新趋势新变化的问题仍然突出。低空经济高质量发展所需的人才将更加专业，人才结构也在向新兴、综合、跨界、创新等需求转变。在此基础上，从产业和教育两个维度提出了人才培养的政策建议：需进一步加强低空经济人才培养的顶层谋划，强化高技术高技能人才培养培训，加快推进人才培养模式创新和培养方式改革，强化学科、专业及资格、职称等建设，建立健全我国低空经济人才培养体系，以期为低空经济的创新驱动、安全高效、跨界融合及健康规范发展提供人才支撑。,中国职业技术教育,2025/4/16 15:47,期刊,1,1797
高质量发展,低空经济高质量发展：内涵特征、约束条件与突破路径,赵景龙,低空经济是当前我国经济转型背景下出现的崭新业态，其内涵与外延十分宽泛，覆盖了众多产业领域，是实现经济高质量发展的重要助推器。低空经济的内涵包括了依托于低空空间的产业体系和价值网络，其外延则涉及广泛的产业融合领域，具有多维核心要素。作为新兴的经济形态，低空经济的发展目前面临系统性困境：空域资源管理低效、基础设施建设滞后、产业链的结构性矛盾和资本供给的适配性缺陷等。针对这些问题，政府及业界可以从构建动态空域管理体系、加快基础设施现代化建设、优化产业链协同创新、构建多元商业模式、提升行业监管能力等五个方面，强化对低空经济的支持力度，推动其高质量发展。,当代经济研究,2025/4/15,期刊,6,3045
高质量发展,低空经济背景下航空运动产业高质量发展：作用机理、现实瓶颈及实现路径,鹿耀辉;邹青海,大力发展航空运动产业是开发空域资源和发展低空经济的重要内容。运用文献资料等研究方法，探讨低空经济背景下航空运动产业高质量发展的作用机理、现实瓶颈及实现路径。研究认为：场景牵引驱动技术革命性突破、跨界深度融合促进产业深度转型升级、协同治理促进生产要素创新性配置是航空运动产业高质量发展的作用机理。基于发展航空运动产业的体制机制不健全、支持航空运动产业的技术创新能力不足、航空运动基础设施建设不全不牢、航空运动产业链有待延伸与复合型人才缺乏的现实瓶颈，提出强化顶层设计，健全高质量科技政策支持体系；创新发展模式，加快建设航空运动产业基础设施体系；突出应用牵引，构建新型智能高效服务体系；营造良好发展生态，延伸航空运动产业链与培育复合型人才的实现路径。,湖北经济学院学报(人文社会科学版),2025/4/15,期刊,,351
高质量发展,低空经济高质量发展的理论实践研究,韩瑞芝,低空经济作为新时代经济版图中的一抹亮色，正以其独特的魅力与潜力，引领着产业升级与转型的新方向。这一经济形态，以低空空域为核心资源，融合了航空技术、信息技术、服务业等多个领域，不仅极大地拓展了人类活动的空间维度，更在促进经济高质量发展、构建现代化产业体系方面展现出巨大潜力。鉴于此，深入探讨低空经济高质量发展的理论与实践，不仅是对当前经济发展热点的积极响应，更是对未来经济走向的深刻洞察。,河北企业,2025/4/10,期刊,3,551
高质量发展,数字新质生产力与低空产业群高质量发展：赋能机制与治理对策,钟成林;胡雪萍,从数字新质生产力视角出发，以产业群为突破口，综合采用归纳与演绎分析方法，对低空产业群高质量发展的逻辑进路进行系统探讨。研究发现：数字新质生产力对低空产业群高质量发展具有重要促进作用。一方面，数字新质生产力的嵌入将刺激低空产业政策、低空产品及低空应用创新，助力低空产业群“团组间”与“业态间”协同，推动低空产业群能源利用结构的清洁化及生产过程的生态化发展。另一方面，数字新质生产力的渗透将扩大低空产品与就业市场开放，增进低空消费与就业共享。进一步研究发现，上述赋能作用仍存在低空产业群治理机制不健全、维度赋能的内部结构失衡、低空产品开放的贸易摩擦风险突出以及低空就业共享门槛较高等现实困境。,湖南师范大学社会科学学报,2025/3/31 9:23,期刊,7,3088
高质量发展,新质生产力视角下海南自贸港低空经济高质量发展路径研究,朴辰晟;周运科;林羽;石磊,"低空经济作为前景广阔的战略性新兴经济形态,涵盖无人机、物流运输、旅游等多种经济业态形式。海南低空经济在2023年以来发展迅速,但面临空域资源利用不充分、地方性政策法规不完善、产业链不健全及人才短缺等诸多难题。本文以海南省低空经济发展的现状为切入点,针对问题提出解决路径,以期通过政策引导、资源利用等有效手段,助力海南低空经济发展转型,为全国低空经济发展提供借鉴和参考。",中国航务周刊,2025/3/31,期刊,1,671
高质量发展,“十五五”时期低空经济高质量发展的战略思考,尹西明;张济涵;王新宇;王羽,在全球科技革命与产业变革加速演进的趋势下，低空经济作为一种战略性新兴经济形态，正成为推动我国经济高质量发展的新动能。“十五五”时期是我国低空经济从区域性试点向全国性规模化跃迁的关键跃升期。在国家空域管理改革不断深化、新型基础设施加速布局和产业政策持续优化的背景下，低空经济迎来政策红利释放、技术迭代加速与场景需求井喷的三重机遇。本文基于“场景-技术-产业”融合视角，梳理了低空经济的内涵特征、发展态势与战略政策布局，剖析其发展基础与面临的挑战，进而提出“十五五”时期促进低空经济高质量发展的对策建议。展望未来，低空经济高质量发展不仅需要前沿技术创新突破，更要重视场景驱动科技和产业深度融合互促，推动形成低空安全创新发展的活力生态，加快培育壮大低空新质生产力。,新经济导刊,2025/3/30,期刊,,329
高质量发展,系统有力推进我国低空经济高质量发展,钟海涛;莫扎帕尔;王萍萍;杨翠红,低空经济是开发利用低空空域的各类产业及相关经济活动的总和，作为战略性新兴产业，其科技含量高、产业链条长、应用场景多、使用主体多元、涉及领域广，具有明显的新质生产力的特征。我国低空经济实践积累逐步增加，产业发展势头迅猛，新业态加快拓展，面临高位推动、政策有力、保障到位的特殊机遇，但存在核心技术掌握不足、发展基础较为薄弱、产业整体实力不强等困难，整体呈现优势多于劣势、机遇多于挑战的增长型特点，具备强劲的增长潜力。建议综合施策、系统考虑、扬长避短、有序推进，系统有力推动我国低空经济高质量发展。,新经济导刊,2025/3/30,期刊,,155
高质量发展,低空文旅产业高质量发展：科学内涵、现实困境与实现路径,吴寿平,低空文旅产业是“低空经济+文旅”场景融合衍生的新兴业态，融合低空飞行与文旅体验，为游客提供了一种全新的、独特的旅游方式。随着技术的不断进步和政策的持续推动，低空文旅产业已成为推动区域经济和旅游业高质量发展的重要引擎。低空文旅产业正处于成长初期，存在政策限制与空域管理难、基础设施不足与资源配置难、运营成本高与盈利能力较弱、安全保障体系不完善与风险管理难等现实困境。为此，从制定政策、基础设施、多方合作、产品谋划与宣传推广等方面，提出低空文旅产业高质量发展的实现路径，以期促进低空文旅产业持续、健康、高质量发展。,河北旅游职业学院学报,2025/3/20,期刊,2,699
高质量发展,低空经济技术技能型人才助力浙江民营经济高质量发展的价值意蕴与培养路径,朱文敏,低空经济作为新兴经济形态，对区域经济尤其是浙江民营经济的推动作用日益凸显，也催生了低空经济技术技能型人才培养。该类人才在创新驱动产业升级，赋能优化产业集群，提升公共服务水平以及促进区域协调发展等方面具有显著价值意蕴，能为浙江民营经济注入新活力、创造新增长点。在培养路径上，提出强化政策导向以营造育人环境、深化产教融合创新培养模式、完善评价机制激励培养动力等策略，为该类人才培养提供参考思路。,浙江交通职业技术学院学报,2025/3/20,期刊,1,115
高质量发展,促进低空经济高质量发展的政策文本量化研究——基于“目标—工具—主体”三维分析框架,梁丽芝;张宇星,低空经济作为国家战略性新兴产业，正处于快速发展阶段，在发展方向、技术攻关、管理模式、风防安全等方面还面临着诸多挑战。采用“目标—工具—主体”三维分析框架，运用Nvivo11 Plus质性研究工具，对现行30份省级及以上低空经济高质量发展促进政策文本进行内容分析，研究发现：当前我国低空经济政策存在着目标与工具拟合度有待提升、工具运用呈现结构性偏差、使用主体能力有待强化等问题。基于此，建议从优化工具使用结构、培育主体使用能力、提升工具内容质量与灵活性三方面健全政策体系，从而为推动低空经济高质量发展提供有效的政策支撑。,城市学刊,2025/3/20,期刊,,303
高质量发展,低空经济背景下城市高质量发展策略研究,李玉;付晶燕,"为抢抓低空经济发展机遇,本次研究探索在低空经济背景下的城市高质量发展路径。通过梳理低空空域划分情况,识别在不同应用场景下空域的适用范围,并结合电动垂直起降航空器(eVTOL)试点城市在发展低空经济方面的措施,从建设低空基础设施、打造低空经济产业链、拓展应用场景的和完善体制机制等多个角度提出城市高质量发展策略,以期为相关城市在此领域的发展提供支持。",第七届工程技术管理与数字化转型学术交流会论文集,2025/3/20,中国会议,,25
高质量发展,数字经济赋能未来，推动高质量发展 2025全国两会聚焦信息通信业,张妍,<正>在“十四五”规划的收官之年，同时也是“十五五”规划谋篇布局的关键节点，2025年全国两会承载着特别的意义。2024年，我国经济发展“稳”的态势巩固延续，“进”的步伐坚实有力。信息通信业作为现代经济的核心支柱，正深刻改变着中国的产业结构、社会治理和人民生活。在全球经济复苏缓慢、地缘政治局势复杂多变的背景下，新的一年如何以数字化赋能经济社会创新发展，进一步巩固经济韧性、提升社会治理能力，2025年政府工作报告给出了明确方向。与此同时，来自全国各地的人大代表和政协委员围绕数字化发展提出了大量建议，为政策落地提供了具体路径，也反映了社会各界对数字社会的高度期待。,中国电信业,2025/3/15,期刊,,40
高质量发展,低空经济的产业特征及高质量发展路径,姜辉,低空经济具有政策牵引性、产业综合性、区域依赖性、要素融合性和应用场景广泛性等产业特征，是发展新质生产力的重要领域，正迎来巨大发展机遇。但同时我国低空经济高质量发展也面临低空基础设施不够完善、协同高效的制度体系尚不健全、低空领域科技创新还存在短板、低空产业的竞争力有待加强、低空应用场景开发相对滞后等困境，可以从提升低空基础设施建设功能和水平、完善低空活动法律法规和行业管理制度、提升低空科技创新能力、增强低空产业竞争力、加快打造低空应用场景等路径出发，推动低空经济高质量发展。,民航管理,2025/3/15,期刊,,220
高质量发展,产业创新 让高质量发展蓄势奔流,王怡,<正>当前，在新一轮科技革命和产业变革方兴未艾的背景下，充分激活产业创新这一推动中国经济高质量发展的核心引擎，中国式现代化这艘大船才能行稳致远。今年的政府工作报告（以下简称“报告”）进一步凸显了新技术革命与产业变革深度融合的战略导向。,科技创新与品牌,2025/3/15,特色期刊,,1
高质量发展,山东省低空经济产业高质量发展的路径研究,周迪;李思颖,2024年，低空经济成为培育新质生产力、促进经济高质量发展的高频词。中国低空经济规模较大，市场空间充足，政策支持力度不断增强，各省市依托自身优势，积极布局低空经济产业发展。山东省低空经济产业具有良好的产业基础、经济规模和发展前景，但也存在一些短板。本文将梳理国内先行省市的发展经验和山东省发展现状，提出几点发展启示。,中国科技产业,2025/3/14,期刊,,1266
高质量发展,财税法视野下低空经济高质量发展的困境与破局,江博成;华国庆,低空经济是我国新质生产力的重要组成部分，具有显著的战略意义与发展潜力。党的二十大报告指出，高质量发展是全面建设社会主义现代化国家的首要任务。现代财税法作为供给财政资源、发挥调控调节功能的制度体系，在低空经济高质量发展过程中扮演着重要角色。然而，梳理现有的低空经济相关政策法规发现，当前在低空科技创新、低空基础设施建设、低空人才培育和低空市场构建方面，财税法似乎并未最大程度发挥其引导调控作用。从宏观层面上看，深化财税体制改革是高质量发展的迫切需要，其中预算法律制度与税收保障体系起到关键作用；从中观层面上看，低空经济依托跨行政区域的资源要素互联互通，引入区域财税合作理念，合理配置共同财政事权与支出责任是必然之举；从微观层面上看，财税法应从优化财政制度以促进低空科技创新、深化投资改革以促进低空基础设施建设、加大财税支持以促低空人才培育、发挥财税引导以促低空产业应用四方面协同发力。,理论与改革,2025/3/11 15:14,期刊,6,2355
高质量发展,低空经济视角下物流产业高质量发展策略研究,张永康,随着无人机、智能航空器等新兴技术及服务模式的不断发展，低空经济对物流产业的影响日益显著，逐渐成为了影响现代物流产业高质量发展的重要因素。文章通过探讨低空经济在推动物流产业高质量发展中存在的问题，进一步提出相应的发展策略，为物流企业在低空经济发展的背景下推动物流产业的高质量发展提供了参考意见。,物流科技,2025/3/10,期刊,6,1646
经济高质量发展,高技术产业集聚能否助力低空经济高质量发展？,热依汗古丽·依沙克;睢党臣;吕心妍,以2012—2022年我国30个省级面板数据为样本，采用固定效应模型实证检验高技术产业集聚对低空经济高质量发展的影响，并进一步探讨技术创新的中介作用。实证结果表明：高技术产业集聚不仅能直接促进低空经济高质量发展，还可通过激发技术创新推动低空经济高质量发展，即高技术产业集聚通过提升区域创新能力，间接促进低空经济高质量发展；区域异质性分析发现，中西部地区的正向效应高于东部地区。为此，建议依据各地经济基础差异，精准布局高技术产业集群，完善创新激励机制，构建协同创新平台；加大对中西部地区的财政与制度支持力度，推动区域间均衡发展与创新驱动共进。,技术经济与管理研究,2025/8/26,期刊,,129
经济高质量发展,辽宁省低空经济高质量发展路径研究,刘震磊;赵慧敏;李月月;齐纪,在国家政策的推动下，低空经济逐渐成为我国经济社会发展的重要动力。作为新中国航空工业的“摇篮”，辽宁省在促进低空经济发展方面，既迎来了前所未有的机遇，也面临着一定的挑战。文章结合辽宁省低空经济的现实背景和发展优势，精准洞察辽宁省低空经济存在的关键问题与核心挑战，提出符合辽宁省区域特色与优势的低空经济高质量发展路径。,中国工程咨询,2025/8/10,期刊,,59
经济高质量发展,农垦低空经济高质量发展分析与建议,庄卫东;谢欣宇,低空经济已成为农业农村现代化进程的新引擎。本文针对低空经济赋能农垦新质生产力发展进行探讨，系统分析了农垦低空经济的低空作业、信息感知、物流运输、农文旅融合等典型应用场景，提出了农垦低空经济发展建议，推动农垦低空经济实现创新、协调、绿色、开放、共享多方面高质量发展。,中国农垦,2025/8/5,期刊,,132
经济高质量发展,新质生产力视角下内蒙古低空经济高质量发展策略,其其格,<正>低空经济作为新型的产业业态，代表着新质生产力的发展方向，以空域使用权为核心，以低空经济活动为主导产业，与其他行业或产业链协同发展为导向，将社会经济活动由平面空间走向立体空间，旨在推动生产力与科技创新的全新经济形态。低空经济是指以1000米以下（在不同空域根据实际需要可延伸至不超过3000米）的低空空域为载体，以各类低空飞行器（包括有人驾驶和无人驾驶航空器、滑翔伞、热气球等）飞行活动为牵引，具有空间立体性、区域依赖性、数字生态性、产业融合性以及辐射带动性等特征。在政策支持层面，2021年2月发布的《国家综合立体交通网规划纲要》首次把“低空经济”正式写入国家规划。,当代县域经济,2025/7/28,期刊,,176
经济高质量发展,双循环格局下沈阳低空经济高质量发展路径研究——基于产业生态系统的视角,薛君;白雪莲,本研究以国家空天战略与东北振兴双背景为切入点，构建包含“政策-技术-市场”三维度的低空经济产业生态系统模型。通过熵值法测度沈阳低空经济2018—2023年发展指数，发现其复合增长率达21.3%，但存在空域使用效率低于全国均值18%、产业协同度不足0.6等问题。基于DEMATEL方法识别出空域管理体制改革、应用场景创新、产业链垂直整合为关键驱动要素，提出“1+3+5”发展范式，为老工业基地转型升级提供理论支撑。,商业经济,2025/7/25,期刊,,198
经济高质量发展,人工智能时代低空经济高质量发展的挑战和应对策略,王淑鹤,人工智能与低空经济具有互补性、共享性、动态性的耦合特征，在赋能低空经济高质量发展时展现出了巨大潜力，但同时也存在技术层面、制度层面、社会层面的现实困境，因此必须加快核心技术攻关，共享低空数据，不断完善相应的政策法规和监管机制，同时合理配置低空资源，保障社会公平正义与和谐稳定，推动人工智能时代低空经济的可持续发展。,产业创新研究,2025/7/22,期刊,,366
经济高质量发展,低空经济高质量发展的财政支持政策研究,胡宁宁;徐曼,低空经济作为国家战略性新兴产业，其高质量发展亟须财政政策支持。聚焦低空经济全产业链高质量发展的财政支持逻辑与优化路径，构建了财政支持低空经济发展的纵向和横向框架：纵向上，财政需精准支持上游技术研发、中游基建与空域改革、下游场景应用与商业模式创新；横向上，需促进产业、区域、生态融合及资源、风险、制度统筹。而现行财政政策在支持低空经济发展上面临着投入错配、工具分散、区域失衡、执行障碍、机制缺失等困境。建议在产业链环节精准施策，在区域层面实施差异化支持与协同激励，在制度层面强化财政与产业、科技、空管政策协同，破解低空经济发展瓶颈，释放其增长引擎潜力。,科学与管理,2025/7/21 10:16,期刊,,348
经济高质量发展,实数深度融合赋能低空经济高质量发展,张中宁,<正>实数深度融合已成为推动低空经济高质量发展的核心引擎，未来需进一步突破技术瓶颈、完善治理体系、拓展应用场景、加强技术自主及人才培养，推动低空经济从“蓝图”迈向“实景”，从“政策红利”向“创新红利”跃迁。低空经济作为新质生产力的典型代表，涵盖低空旅游、航空运动、无人机物流、城市空中交通（UAM）等诸多新兴业态。作为实体经济与数字经济深度融合的领域，低空经济高质量发展既是技术革命的产物，也是国家战略布局的关键方向，其发展潜力已被国家政策多次强调。因此，探讨实数深度融合赋能低空经济高质量发展的具体机制和路径，对助力我国经济高质量发展和构建新发展格局，具有一定的理论和现实意义。,中国外资,2025/7/5,期刊,,27
经济高质量发展,新质生产力视域下浙江低空经济高质量发展的路径探析,邱硕,在新一轮科技革命与产业变革纵深推进的背景下，新质生产力作为驱动经济高质量发展的核心引擎，其战略地位日益凸显。低空经济作为新质生产力在空域资源开发领域的重要实践载体，正处于战略性发展机遇窗口期。积极探索新质生产力视域下低空经济高质量发展路径，对于构建现代化产业体系、培育区域经济新增长极具有重大战略价值。基于新质生产力与低空经济发展的理论框架，深入剖析浙江在低空经济发展方面所具备的坚实基础与独特优势，全面挖掘运用新质生产力促进浙江低空经济高质量发展的有效策略，对浙江经济社会全面进步具有重大意义。,观察与思考,2025/7/5,期刊,,138
经济高质量发展,低空经济高质量发展治理体系研究,向勇;李长青,随着科技的飞速发展与社会经济结构的不断优化，低空经济作为一种新兴且极具潜力的经济形态，正逐渐成为全球关注的焦点。低空经济融合了无人驾驶飞行、低空智联网等技术、市场等要素，涵盖了低空飞行器制造、运营服务、基础设施建设、低空旅游、物流配送等诸多产业，展现出巨大的发展潜力和广阔的应用前景，创造新的经济增长点，成为新质生产力的重要代表。然而，低空经济在法律法规、产业链条、技术防御、执法监管等方面还存在薄弱环节。本文通过对低空经济现状、发展趋势以及面临的挑战等视角进行探究分析，从加强顶层设计、加强硬件建设、加强创新驱动和加强协同共治等方面提出保障低空经济高质量发展的对策建议。,新经济导刊,2025/6/30,期刊,,25
经济高质量发展,新质生产力驱动黑龙江省低空经济高质量发展,郗鹏,在全球新一轮科技革命与产业变革加速演进的背景下，新质生产力作为重塑经济发展格局的核心动力，正推动低空经济成为战略性新兴产业的重要增长极。2025年政府工作报告明确提出“建设全国寒地低空经济示范区”的战略目标，为黑龙江省低空经济发展赋予了国家战略使命。基于新质生产力理论框架，系统剖析黑龙江省低空经济发展的现实基础与突出矛盾，发现其依托航空制造底蕴、寒地资源禀赋和跨境区位优势，已在智慧农业、冰雪文旅、跨境物流等领域形成特色应用场景，但同时面临低空基础设施布局失衡、核心技术自主创新不足、复合型人才供给短缺等结构性挑战，从而提出以技术创新为核心驱动力、以产业链协同为发展路径、以场景融合为价值载体、以人才培育为支撑保障的高质量发展体系，为寒地资源型地区构建新质生产力驱动的低空经济发展范式提供理论参考与实践指导。,黑龙江国土资源,2025/6/28,期刊,,68
经济高质量发展,低空经济高质量发展的难点、焦点与对策,兰旭东,文本深入剖析了低空经济高质量发展面临的难点、焦点，并尝试提出相应对策。在难点方面，“飞起来”受政策法规不健全、适航审定周期长、空域管理及审批流程繁琐、基础设施与人才不足等制约；“造出来”存在核心零部件依赖进口、产业层级低端、创新能力不足等问题；“用起来”面临应用场景未形成规模效应、消费市场待培育、商业模式不确定等挑战。焦点集中在政策法规与制度创新，亟须解决空域资源利用和安全监管问题；技术创新与自主可控要求突破关键技术瓶颈、提升装备性能；应用场景开发与市场需求亟须拓展场景、挖掘潜力、培育业态；产业生态与协同发展要构建完整产业链、加强协同合作；安全监管与风险防控强调构建智能化监管体系保障飞行安全。为破解低空经济高质量发展面临的难点、焦点问题，文本提出要分阶段落实低空空域开放、创新航线管理；促进低空飞行器与地面经济互融互通，构建一体化网络、推动产业融合；建立低空产业联盟，加强组织建设、推动技术协同攻关；走向国际，制定国际化战略、加强国际合作与品牌建设等对策，以期助力低空经济成为国民经济增长的新引擎。,新疆师范大学学报(哲学社会科学版),2025/6/25 10:02,期刊,,1883
经济高质量发展,低空经济高质量发展的逻辑理路、现实困境与策略选择,李铁华;范志烁,低空经济作为新质生产力的典型代表，凭借其广泛应用、空间补充、产业融合、市场融通四大核心特性，深度嵌入经济转型进程，成为驱动经济高质量发展的重要引擎。加速低空经济发展需要技术创新驱动升级、市场需求牵引增长、政策导向主导布局以及产业融合拓展机制；要优化产业布局，促进区域发展；强化政策导向，精准匹配需求；营造创新生态，深化教科人协同联动等方面精准施策，助推低空经济实现高质量发展。,西昌学院学报(社会科学版),2025/6/11 16:26,期刊,,686
经济高质量发展,苏州低空经济高质量发展路径研究,张俊杰;王铁铮;王春兰,<正>低空经济作为新兴经济形态，正成为推动区域经济发展的重要力量。据赛迪顾问预测，2025年我国低空经济规模将超过8500亿元，2026年将突破万亿元，步入万亿赛道。在政策和市场双重因素驱动下，低空经济发展前景广阔，能够带来新的经济增长点，进一步推动新质生产力的发展。发展低空经济是国家的重大战略部署，江苏苏州作为长三角地区的重要城市，具备发展低空经济的良好基础和独特优势。2024年，苏州成为六个eVTOL试点城市之一，其低空经济发展在政策法规、产业发展、应用场景、安全监管等方面走在全国前列。,通信企业管理,2025/6/10,期刊,,193
经济高质量发展,低空经济高质量发展的国内外经验与启示,王兴萌,低空经济作为新兴经济形态，是我国发展新质生产力的关键切入点，正逐渐成为推动经济增长的新引擎。在当前全国抢滩布局低空经济这一战略新兴领域的形势下，文章通过剖析我国低空经济发展的现实问题，总结国内外低空经济发展经验，从“飞得起、落得下、管得住、用得好”四个维度提出促进低空经济发展的可行路径，以期推进我国经济稳定可持续发展。,商业观察,2025/6/5,期刊,,403
经济高质量发展,空域开放赋能低空经济高质量发展的挑战与应对,贺富永;公理,低空经济作为具有新质生产力特征的新兴经济形态，逐渐成为地区经济发展和产业结构优化的新驱动。通过科技创新、产业融合、政策驱动等方式赋能低空经济高质量发展，但空域管理存在条块分割、权限交叉，设施及投入相对不足，政策与法律存在不平衡，公众需求尚未成熟，且低空空域实质开放程度有限等问题。需要分区块、分层次开放试点改革、建立高效低空治理机制、积极调动多元市场主体参与并加大基础设施投入，实现空域治理与低空经济高质量发展。在发展与安全并重的理念下积极防范风险，助力我国航空事业健康可持续发展以及经济社会的整体进步。,西昌学院学报(社会科学版),2025/5/26 11:10,期刊,,574
经济高质量发展,低空经济高质量发展的价值意蕴、内在逻辑与实践路径,沈占胜;崔佳旭,低空经济高质量发展揭示了技术革命与生产关系演进的辩证逻辑。作为空间生产要素的系统性重构，其通过空域资源社会化利用与立体交通体系创新，推动生产力提升与制度供给的协同变革，形成多维复合的价值形态。其在经济、社会、科技和战略层面等价值维度呈现共生演进特征。这种价值的实现，根植于低空经济高质量发展的内在逻辑，既体现空间正义导向的发展伦理，也遵循资本运动规律在立体空间生产中的转化形态，更展现出技术创新与制度调整的协同演化特征。其核心实践路径聚焦于完善普惠型低空公共服务网络，深化空域资源产权配置改革，培育“低空+”产业融合生态，构建数字孪生支撑的治理范式。这些创新实践不仅推动经济与社会效益的协同增益，更为优化空间资源配置提供了系统性解决方案。,成都理工大学学报(社会科学版),2025/5/26 10:55,期刊,,940
经济高质量发展,新质生产力视角下成都市低空经济高质量发展路径研究,商黎疆;肖怡然;杜鹏飞,在新质生产力加速重构全球经济格局的背景下，低空经济作为融合新能源、人工智能与先进制造的战略性新兴产业，成为推动高质量发展的重要引擎。以成都市为例，基于新质生产力视角，从技术、要素、制度、场景四个方面系统剖析低空经济高质量发展的内在逻辑。成都市发展低空经济具有核心优势并取得了突出成效，但也存在技术瓶颈、管理体制机制不完善、应用场景局限等问题。因此，从新质生产力与低空经济的耦合逻辑出发，强化技术攻坚与融合创新、完善低空管理体制机制、培育市场化应用生态，以期进一步推动成都市低空经济高质量发展。,经济研究导刊,2025/5/25,期刊,,52
经济高质量发展,理据与图景：低空经济高质量发展的法治路径探究,李源辉;陈彤,低空经济作为新质生产力的重要代表，对人们的生活方式、经济的运行模式、技术的创新变革具有重大影响。作为国家战略性新兴产业，其健康发展离不开法律的指引、规范与保障。近年来，随着低空经济的快速发展，现有的法律已然不能适应其发展的多元化需求，存在一定的滞后性和不完整性。在中国式现代化背景下，推动低空经济高质量发展是发展中国经济的必然要求。对此，需厘清低空经济与法治建设的内在理论逻辑，从法源地位上解读低空经济相关法律的特征属性，并在二者基础上构建立法图景，即明确低空经济法治建设的基本原则、制度性建设及立法定位，旨在规范市场秩序，确保飞行活动安全，推动产业转型升级，为低空经济高质量发展保驾护航。,兵团党校学报,2025/5/25,期刊,,284
经济高质量发展,以低空经济赋能区域经济高质量发展——以武汉市硚口区为例,史转转;马任,<正>低空经济作为以距地面垂直距离1000米以内空域为依托的新质生产力形态，融合了无人机、通用航空等多领域，对拉动投资、促进消费、推动技术创新及城市治理现代化具有重大意义。武汉作为全国重要的交通枢纽与工业基地，在低空经济领域发展迅猛，而硚口区凭借自身优势，在武汉打造低空经济发展高地进程中占据重要地位。,学习月刊,2025/5/20,期刊,,86
经济高质量发展,算力赋能内蒙古低空经济高质量发展,李娜;赵华,低空经济与数字经济之间具有紧密联系，本文基于内蒙古现阶段发展低空经济存在的问题，设计内蒙古低空经济算力基础设施赋能核心机制，并提出构建低空经济产业体系、统筹布局低空经济规划、加强人才培育力度等发展路径，以推动内蒙古低空经济稳定、有序发展。,北方经济,2025/5/20,期刊,,46
经济高质量发展,“产业—技术”协同式发展：低空经济高质量发展的新质生产力逻辑及其路径,张青兰;蒋永强,低空经济高质量发展是我国培育壮大战略性新兴产业、推进中国式现代化的重要方面，以科技创新为核心的新质生产力对其具有明显的赋能效应。低空经济高质量发展的核心在于低空飞行技术与相关产业的良性互动、协同发展，而新质生产力所蕴含的新理念、新技术、新要素则为其提供了方向指引、内在驱动和核心支撑，能在新型劳动者的主体建构、新型劳动资料的创新升级、新型劳动对象的丰富拓展中实现“产业—技术”一体化、协同式发展。从新质生产力的内在要素和赋能低空经济高质量发展的现实境遇看，我国仍存在着专业人才缺乏、基础设施和创新技术落后、资本支持不足的困境。新征程上，必须要针对现有问题，切实在加强人才建设、完善基础设施、发展耐心资本等方面取得进展，提升新质生产力赋能低空经济的主体基础、物质保障和资金支持。,当代经济研究,2025/5/15,期刊,1,1856
经济高质量发展,国防动员视角下江苏低空经济高质量发展的建议,程义伟,<正>建言要点：江苏积极响应国家发展新质生产力的战略部署，通过政策创新与产业协同，使低空经济产业实现快速发展，但仍面临一定的问题。课题组在调研基础上提出如下对策建议：以载体建设为引擎，构建军民协同的基础设施体系；以领军企业为纽带，打造军民协同的产业体系；以场景拓展为纽带，构建平战结合的应用生态体系；以制度创新为核心，构建平战一体的低空经济治理保障体系；以实践应用为导向，构建军民双向赋能的闭环赋能系统。江苏作为低空经济先行区，积极响应国家关于发展新质生产力的战略部署，通过政策创新与产业协同，促进低空经济产业快速发展。无人机、e VTOL（电动垂直起降飞行器）、航电系统等细分领域呈现明显集聚趋势，在军民技术双向流动、平战结合场景应用等领域形成示范效应，,唯实,2025/5/15,期刊,,59
经济高质量发展,数字经济驱动西北地区低空经济高质量发展的机制研究,王瑞,在当今社会，数字经济凭借其强大的技术渗透力、要素重组能力以及产业融合优势，为西北地区低空经济高质量发展注入了强劲动能。低空经济作为一种集约型模式，展现出显著的综合性特征，并在数字技术的驱动下，成功把握住了新增长契机，进而成为推动城市治理现代化的重要力量。其融合与创新特质有效促进了数字技术与实体产学研深度融合，为经济转型注入了持久动力。西北地区紧抓机遇，相关产业蓬勃发展。然而，该地区仍面临诸多挑战，如基础设施滞后、技术驱动与数据支持不足以及经济社会效益提升空间有限等。因此，有必要加强基础设施建设、拓展高质量应用场景、提升数字化赋能水平。本文提出了促进西北地区低空经济高质量发展的策略，包括制定专项规划、引领科技创新以及强化人才队伍建设等。尽管西北地区拥有丰富的空域资源，但亟须探索数字经济驱动低空经济高质量发展的有效路径。,老字号品牌营销,2025/5/10,期刊,,125
经济高质量发展,“场景革命”与“技术赋能”：新质生产力驱动下低空经济高质量发展路径探究,林峻德,在全球产业变革与技术革命交织的背景下，低空经济作为新质生产力的重要载体，正成为重塑经济地理格局的关键力量。从2024年全国两会首次将低空经济写入政府工作报告，到2025年全国两会政府工作报告的再次提出，这一战略性新兴产业的发展已上升至国家战略层面，发展前景可期。然而，低空经济当前仍面临空域划分困难、基础设施建设不足等难题。因此，本文立足新质生产力的理论框架，结合场景革命与技术赋能的双轮驱动逻辑，建议以场景创新驱动市场扩容，技术突破加速产业升级，制度优化保证生态协同，为全球竞合背景下低空经济高质量发展提供创新路径。,老字号品牌营销,2025/5/10,期刊,,172
经济高质量发展,武汉低空经济高质量发展策略,孔维,低空经济作为战略性新兴产业，已成为全球产业发展和科技创新的重要赛道。推动武汉低空经济高质量发展要制定发展战略规划、加大财政金融支持、优化低空空域管理、打造多元应用场景、提高科技创新水平。,当代县域经济,2025/5/5,期刊,1,443
经济高质量发展,低空经济高质量发展背景下广西低空物流发展策略研究,朱泳霖,"本文围绕广西低空经济与低空物流的现状展开分析,揭示两者协同发展的内在机理,并通过SWOT模型评估其发展潜力与制约因素。通过构建三方演化博弈模型,探讨物流企业、政府监管部门与东盟区域主体之间的互动关系,结合MATLAB仿真分析提出针对性策略。研究表明,技术创新、政策优化与市场机制激活是推动广西低空物流高质量发展的关键路径,而制度协同与技术赋能则为跨境物流合作提供了重要支撑。",中国航务周刊,2025/5/5,期刊,1,630
经济高质量发展,税惠赋能低空经济高质量发展的实施路径研究——基于江西省282家低空经济重点企业的调查,史峰;龚云斌;赖文军;彭卫国;黄燕婷,当前，我国低空经济产业已进入高速发展阶段，成为我国战略新兴产业的重点发展方向之一。作为全国首批低空空域管理改革试点拓展省份之一，江西省低空经济迎来高质量发展契机。国家税务总局江西省税务局调研组以江西282家低空经济企业为调查样本，基于税收大数据全面梳理、总结了江西省低空经济的发展成效，剖析了江西省低空经济在“飞起来”“造出来”“用起来”三方面面临的现实困境，同时归纳总结了相关省份低空经济发展的经验做法，认为可以从构建低空经济税收优惠政策支持体系、税收优惠政策与税务服务双轮驱动助力发展、精准扶持低空经济应用拓展与消费生态培育三个方面进一步促进低空经济高质量发展。,税务研究,2025/5/1,期刊,,726
经济高质量发展,借鉴上海、苏州、合肥经验 推动浙江低空经济高质量发展,胡国华;吴骏毅;朱袁阳,<正>借鉴上海、苏州、合肥三地发展低空经济经验，浙江下一步可加快引育链主型整机制造企业、重点承接上海产业链资源外溢、分步挖掘可盈利低空应用场景、前瞻式探索建设低空基础设施近年来，长三角各地加快布局发展低空经济，课题组结合上海、苏州、合肥三地实地调研，总结各地发展经验，提出若干推动浙江高质量发展低空经济的举措建议。,浙江经济,2025/4/28,期刊,,95
经济高质量发展,观点,,<正>“内卷式”竞争为啥不可取？从经济发展视角看，“内卷式”竞争不可取。人、财、物资源过度集中在某些行业，简单重复建设，边际效益递减，甚至出现负收益。这些资源如果用于研发创新与技术进步，开辟新赛道、发展新优势，本可产出更多优质供给、激发更多有效需求、成长出更多优质企业、增加更多民生福祉。据3月28日《人民日报》因地制宜发展首发经济首发经济为什么这么火？从大背景看，伴随我国经济持续增长和居民收入水平提升，中等收入群体规模不断壮大，居民消费需求从生存型消费转向发展型消费，特别是服务消费需求大幅增加，首发经济正是符合消费升级趋势和高质量发展要求的一种经济形态。,山东国资,2025/4/25,期刊,,6
经济高质量发展,生产性服务业赋能低空经济高质量发展的机制和路径研究,郝爱民;贾鸣谦,作为新质生产力的典型代表，低空经济推动经济活动由“平面”向“立体”转变，正成为我国经济高质量发展的新动能。在系统阐述生产性服务业赋能低空经济高质量发展的理论基础上，选用2011—2022年中国省级面板数据实证检验生产性服务业对低空经济高质量发展的赋能机制，得出如下结论：生产性服务业能够有效赋能低空经济高质量发展；异质性分析表明，生产性服务业对低空经济高质量发展的影响存在区域性差异，对西部地区的驱动作用更加显著；进一步分析表明，人力资本在生产性服务业对低空经济高质量发展的影响中发挥正向调节作用。,统计理论与实践,2025/4/25,期刊,,145
经济高质量发展,县域低空经济高质量发展的原则与策略,刘小华;蔡福;和世瑛,近年来，国家出台了多项政策，以大力推动低空经济的发展，明确了低空经济在综合交通运输体系、新兴产业体系中的重要地位。县域作为我国经济发展的基本单元，发展低空经济具有重要意义。目前，县域低空经济发展尚处于起步阶段，对县域层面发展低空经济的研究相对短缺。本文深入分析县域低空经济高质量发展的原则，并提出相应的策略与路径，包括加强基础设施建设、深化“低空+乡村振兴”的实践策略、加大低空产业引育力度等，以期为县域低空经济的可持续发展提供思路与参考。,中国战略新兴产业,2025/4/20,特色期刊,,28
经济高质量发展,低空经济高质量发展的人才需求分析与培养建议,金伟;田野;马玥,围绕低空经济高质量发展的人才需求与培养建议展开研究，阐述了低空经济及其产业链，分析了其高质量发展内涵特点及人才的重要作用；探讨了低空经济的发展现状和未来趋势，并对当前低空经济的人才现状及需求进行了深入分析。研究发现，低空经济高质量发展需要人才的有效支撑。我国低空经济发展快速起步、成效明显，未来发展将呈现技术、业态、模式及管理策略等深刻变革和人才需求的显著增加，尽管我国已具备了一定的人才基础，但人才短缺、难以适应新趋势新变化的问题仍然突出。低空经济高质量发展所需的人才将更加专业，人才结构也在向新兴、综合、跨界、创新等需求转变。在此基础上，从产业和教育两个维度提出了人才培养的政策建议：需进一步加强低空经济人才培养的顶层谋划，强化高技术高技能人才培养培训，加快推进人才培养模式创新和培养方式改革，强化学科、专业及资格、职称等建设，建立健全我国低空经济人才培养体系，以期为低空经济的创新驱动、安全高效、跨界融合及健康规范发展提供人才支撑。,中国职业技术教育,2025/4/16 15:47,期刊,1,1797
经济高质量发展,低空经济高质量发展：内涵特征、约束条件与突破路径,赵景龙,低空经济是当前我国经济转型背景下出现的崭新业态，其内涵与外延十分宽泛，覆盖了众多产业领域，是实现经济高质量发展的重要助推器。低空经济的内涵包括了依托于低空空间的产业体系和价值网络，其外延则涉及广泛的产业融合领域，具有多维核心要素。作为新兴的经济形态，低空经济的发展目前面临系统性困境：空域资源管理低效、基础设施建设滞后、产业链的结构性矛盾和资本供给的适配性缺陷等。针对这些问题，政府及业界可以从构建动态空域管理体系、加快基础设施现代化建设、优化产业链协同创新、构建多元商业模式、提升行业监管能力等五个方面，强化对低空经济的支持力度，推动其高质量发展。,当代经济研究,2025/4/15,期刊,6,3045
经济高质量发展,河北省促进低空经济高质量发展的政策研究,张翠云,低空经济是新质生产力的代表之一，发展空间极为广阔。发展低空经济离不开政策的支持。目前河北省相关的政策措施相对较少，抢抓发展机遇，制定促进低空经济高质量发展的政策迫在眉睫。粤港澳大湾区、长三角、京津冀三大城市群的经济增量占全国经济增量的40%以上，在研究三大城市群现有政策的基础上，结合河北省低空经济发展现状，从提升低空飞行服务质量、完善低空制造产业链条、加强低空应用场景推广、鼓励低空科技创新发展、推动低空经济法治化和规范化建设五个方面提出政策建议，以期实现制定的政策与河北省的产业基础和资源禀赋相协调，用政策赋能低空经济高质量发展。,经济研究导刊,2025/4/15,期刊,,91
经济高质量发展,低空经济高质量发展的理论实践研究,韩瑞芝,低空经济作为新时代经济版图中的一抹亮色，正以其独特的魅力与潜力，引领着产业升级与转型的新方向。这一经济形态，以低空空域为核心资源，融合了航空技术、信息技术、服务业等多个领域，不仅极大地拓展了人类活动的空间维度，更在促进经济高质量发展、构建现代化产业体系方面展现出巨大潜力。鉴于此，深入探讨低空经济高质量发展的理论与实践，不仅是对当前经济发展热点的积极响应，更是对未来经济走向的深刻洞察。,河北企业,2025/4/10,期刊,3,551
经济高质量发展,袁家军调研推动低空经济发展工作并主持召开座谈会 积极探索低空经济高质量发展之路,,<正>4月10日下午，市委书记袁家军前往渝北区、两江新区，调研推动低空经济发展工作并主持召开座谈会。他强调，要全面落实党的二十届三中全会精神，深入学习贯彻习近平总书记视察重庆重要讲话重要指示精神，抓好系统谋划，突出重庆特色，坚持政府引导、市场主导、创新驱动、安全健康发展原则，以空域改革为基础、技术创新为动力、产业发展为核心、场景应用为牵引，积极探索低空经济高质量发展之路。,今日重庆,2025/4/10,特色期刊,,5
经济高质量发展,以开发性金融支持低空经济高质量发展,孟华宁,"<正>低空经济正成为中国经济增长的新引擎。开发性金融具备中长期资金优势,可以为低空经济发展增添动力。低空经济是指利用低空空域资源,在地面1000米以内空间,以有人驾驶和无人驾驶航空器为载体,以运货、载人等多种应用场景为输出,能够辐射带动多产业融合发展的综合性新经济形态,其相关产品主要包括无人机、电动垂直起降飞行器(eVTOL)、直升机、传统固定翼飞机等,具备辐射面广、科技含量高、产业链条长、发展潜力足等特点。从2021年国家层面首次提出“发展低空经济”,到2023年中央经济工作会议将低空经济确定为战略性新兴产业,再到2024年政府工作报告首次提出“积极打造生物制造、商业航天、低空经济等新增长引擎”,低空经济在国家战略层面的关注度不断上升。",中国外资,2025/4/5,期刊,,96
经济高质量发展,数据驱动低空经济高质量发展,钟军,<正>“建议参照福建数字政府基础设施建设模式，强化顶层设计、优化整体布局、规范技术标准、丰富应用场景，全方位驱动低空经济行稳致远”，在2025年全国两会上，全国人大代表钟军表示。低空经济“起飞”面临的三大挑战2024年7月，习近平总书记在中共中央政治局第十六次集体学习时指出，“要做好国家空中交通管理工作，促进低空经济健康发展。”,国企管理,2025/4/5,期刊,,86
经济高质量发展,新质生产力视角下海南自贸港低空经济高质量发展路径研究,朴辰晟;周运科;林羽;石磊,"低空经济作为前景广阔的战略性新兴经济形态,涵盖无人机、物流运输、旅游等多种经济业态形式。海南低空经济在2023年以来发展迅速,但面临空域资源利用不充分、地方性政策法规不完善、产业链不健全及人才短缺等诸多难题。本文以海南省低空经济发展的现状为切入点,针对问题提出解决路径,以期通过政策引导、资源利用等有效手段,助力海南低空经济发展转型,为全国低空经济发展提供借鉴和参考。",中国航务周刊,2025/3/31,期刊,1,671
经济高质量发展,“十五五”时期低空经济高质量发展的战略思考,尹西明;张济涵;王新宇;王羽,在全球科技革命与产业变革加速演进的趋势下，低空经济作为一种战略性新兴经济形态，正成为推动我国经济高质量发展的新动能。“十五五”时期是我国低空经济从区域性试点向全国性规模化跃迁的关键跃升期。在国家空域管理改革不断深化、新型基础设施加速布局和产业政策持续优化的背景下，低空经济迎来政策红利释放、技术迭代加速与场景需求井喷的三重机遇。本文基于“场景-技术-产业”融合视角，梳理了低空经济的内涵特征、发展态势与战略政策布局，剖析其发展基础与面临的挑战，进而提出“十五五”时期促进低空经济高质量发展的对策建议。展望未来，低空经济高质量发展不仅需要前沿技术创新突破，更要重视场景驱动科技和产业深度融合互促，推动形成低空安全创新发展的活力生态，加快培育壮大低空新质生产力。,新经济导刊,2025/3/30,期刊,,329
经济高质量发展,系统有力推进我国低空经济高质量发展,钟海涛;莫扎帕尔;王萍萍;杨翠红,低空经济是开发利用低空空域的各类产业及相关经济活动的总和，作为战略性新兴产业，其科技含量高、产业链条长、应用场景多、使用主体多元、涉及领域广，具有明显的新质生产力的特征。我国低空经济实践积累逐步增加，产业发展势头迅猛，新业态加快拓展，面临高位推动、政策有力、保障到位的特殊机遇，但存在核心技术掌握不足、发展基础较为薄弱、产业整体实力不强等困难，整体呈现优势多于劣势、机遇多于挑战的增长型特点，具备强劲的增长潜力。建议综合施策、系统考虑、扬长避短、有序推进，系统有力推动我国低空经济高质量发展。,新经济导刊,2025/3/30,期刊,,155
经济高质量发展,科技金融赋能低空经济高质量发展的影响研究,许阿楠;牛建高;仉涛,科技金融通过资金支持、服务创新以及科技应用等手段，为低空经济提供了强有力的支撑，促进了其快速发展。同时，科技金融和低空经济均是推动经济高质量发展的重要因素。文章在此基础上探讨了科技金融、低空经济与经济高质量发展之间的关系。研究发现，低空经济作为中介变量，在科技金融与经济高质量发展之间起到重要的桥梁作用。市场需求的增加能显著增强低空经济对经济高质量发展的促进作用。此外，不同地区的科技金融、低空经济对经济高质量发展的影响存在差异。在东部地区，科技金融的发展较为成熟，对经济的推动作用也更为显著；在中部地区，科技金融同样对经济高质量发展具有显著的促进作用，但回归系数相较于东部地区略低；在西部地区，科技金融对经济高质量发展的促进作用同样显著，但回归系数相对较低，而低空经济在西部地区对经济高质量发展的贡献相对较大。,内蒙古财经大学学报,2025/3/25,期刊,,71
经济高质量发展,新质生产力引导下广东低空经济高质量发展路径研究,张婷;柳仪;黄昕;沈慧玥,"全球低空经济战略布局不断加速,我国已将低空经济纳入国家发展规划。凭借完整的全球无人机产业生态链及产业协同联动的优势,广东在低空物流、低空载人交通等领域取得了突破。但由于技术水平有限、法规滞后、区域之间不平衡,低空经济无法全面开展。珠三角的技术水平比较高,但是可能会出现生态耗竭的情况;粤东西北地区水平相对较弱,区域发展相对滞后。解决以上问题的主要途径是:技术梯度布局,深化制度创新、优化生态协同、补齐产业链条、夯实数字底座、协同区域发展。先做好全省从极化发展到全域协同,再以此为基点,提供高质量发展的范式,带动全国的低空经济发展。",第二届智能工程与经济建设学术研讨会论文集（二）,2025/3/25,中国会议,,4
经济高质量发展,促进低空经济高质量发展的政策文本量化研究——基于“目标—工具—主体”三维分析框架,梁丽芝;张宇星,低空经济作为国家战略性新兴产业，正处于快速发展阶段，在发展方向、技术攻关、管理模式、风防安全等方面还面临着诸多挑战。采用“目标—工具—主体”三维分析框架，运用Nvivo11 Plus质性研究工具，对现行30份省级及以上低空经济高质量发展促进政策文本进行内容分析，研究发现：当前我国低空经济政策存在着目标与工具拟合度有待提升、工具运用呈现结构性偏差、使用主体能力有待强化等问题。基于此，建议从优化工具使用结构、培育主体使用能力、提升工具内容质量与灵活性三方面健全政策体系，从而为推动低空经济高质量发展提供有效的政策支撑。,城市学刊,2025/3/20,期刊,,303
经济高质量发展,河源市人民政府办公室关于成立河源市推动低空经济高质量发展工作专班的通知,,<正>河府办函〔2025〕28号各县（区）政府（管委会），市府直属各单位：为加强对全市低空经济高质量发展工作的统筹协调，完善联动工作机制，市政府决定成立河源市推动低空经济高质量发展工作专班。现将有关事项通知如下：一、组织人员工作专班由市政府分管发展改革工作的副市长任召集人，市政府协调发展改革工作的副秘书长、市发展改革局主要负责同志任副召集人；各县（区）政府（管委会），市委组织部、市委军民融合办，市发展改革局、市科技局、市工业和信息化局、市公安局、市财政局、市人力资源社会保障局、市自然资源局、市生态环境局、市住房城乡建设局、市交通运输局、市农业农村局、市商务局、市文化广电旅游体育局、市卫生健康局、市应急管理局、市国资委、市市场监管局、市政务和数据局、市城管综合执法局、市林业局，市邮政管理局、市气象局，市通信建设管理办公室，市交通建设投资有限公司等为成员单位。,河源市人民政府公报,2025/3/15,特色期刊,,
经济高质量发展,财税法视野下低空经济高质量发展的困境与破局,江博成;华国庆,低空经济是我国新质生产力的重要组成部分，具有显著的战略意义与发展潜力。党的二十大报告指出，高质量发展是全面建设社会主义现代化国家的首要任务。现代财税法作为供给财政资源、发挥调控调节功能的制度体系，在低空经济高质量发展过程中扮演着重要角色。然而，梳理现有的低空经济相关政策法规发现，当前在低空科技创新、低空基础设施建设、低空人才培育和低空市场构建方面，财税法似乎并未最大程度发挥其引导调控作用。从宏观层面上看，深化财税体制改革是高质量发展的迫切需要，其中预算法律制度与税收保障体系起到关键作用；从中观层面上看，低空经济依托跨行政区域的资源要素互联互通，引入区域财税合作理念，合理配置共同财政事权与支出责任是必然之举；从微观层面上看，财税法应从优化财政制度以促进低空科技创新、深化投资改革以促进低空基础设施建设、加大财税支持以促低空人才培育、发挥财税引导以促低空产业应用四方面协同发力。,理论与改革,2025/3/11 15:14,期刊,6,2355
经济高质量发展,新质生产力背景下金融赋能低空经济高质量发展的策略研究,肖新越;马秋双,<正>本文通过对低空经济的发展现状、产业融合与应用场景、金融支持低空经济发展的现状与问题等方面的分析，在新质生产力的背景下从金融机构角度出发，针对性提出金融支持低空经济发展的策略，旨在强化金融赋能，推动低空经济高质量发展。作为战略性新兴产业，低空经济是新质生产力的典型代表。在一系列政策的扶持下，低空经济产业生态发展态势良好，并通过与多领域融合驱动新质生产力发展。与此同时，在低空经济发展的进程中，金融发挥着重要的支撑作用。,现代商业银行,2025/3/10,期刊,,230
经济高质量发展,以平台搭建推动河南低空经济高质量发展——郝爱民委员发言,,<正>低空经济对于形成新质生产力、助力现代化河南建设具有重要意义。我省在低空经济发展方面拥有得天独厚的优势，通用航空载体平台初步搭建，郑州、安阳是首批国家通航产业综合示范区。低空制造产业链初具规模，三和航空、安阳全丰等5家企业是全国通航企业100强，无人机整机研发、制造、飞控、电池、发动机等产业链完善。基础配套平台有序完善，拥有蓝天实验室等14家创新平台及科研机构，无人机质量检验中心参数认证实现民用无人机领域全覆盖，飞行培训、航空运动和农林作业应用场景平台逐步拓展。但对比先进地区，我省低空经济还存在诸如空域划设系统平台滞后、低空监管与飞行服务保障体系仍未建立、低空商用平台开发力度不够、低空制造尤其是全产业链协同创新能力不足等问题。,协商论坛,2025/3/5,期刊,,41
经济高质量发展,夯实“六大底座” 推动低空经济高质量发展,樊一江,低空经济代表着未来经济发展质态，具有技术经济、产业经济、流量经济、空间经济等融合特征。近年来，我国低空经济快速发展，但仍处于初期探索阶段，需紧紧围绕中国式现代化战略部署，准确把握低空经济的逻辑内涵、经济特征和演进规律，着力夯实安全、运行、数据、设施、统计、治理等“六大底座”，系统构建符合我国实际的低空经济发展生态圈，全面推动低空经济高质量发展。,经济界,2025/3/2,期刊,,197
新质生产力,新质生产力驱动宁波低空物流差异化发展,唐新贵;张静雨,在全球数字经济与绿色低碳转型背景下，低空物流作为新质生产力的重要载体，正通过技术创新与场景突破推动物流产业变革。宁波作为长三角低空经济先行区，依托政策支持、基建布局与特色场景探索，初步构建了“政策牵引—基建支撑—场景突破”的发展路径。然而，与深圳等标杆城市相比，宁波在空域管理、产业链完整度及末端配送效率方面仍存在显著差距，空域开放比例不足、政策体系分散、下游运营场景薄弱等问题制约其规模化发展。例如，深圳通过专项立法与智能空域系统实现75%空域开放及250条无人机航线覆盖，而宁波仅局部试点单条航线，日均配送量不足深圳的25%。对此，本文提出“空域—政策双引擎赋能”“产业链联动升级”“立体网络构建”三大对策，通过军民协同开放低空走廊、专项立法完善政策闭环、强化中上游技术攻关与下游场景规模化，推动宁波在港口物流、跨境电商等领域形成差异化优势，加速低空物流与城市战略的深度协同。,产业创新研究,2025/8/15,期刊,,23
新质生产力,新质生产力视角下低空经济在农业领域发展应用研究,童万菊,作为新质生产力代表，低空经济在农业领域显现出强大的战略性地位，特别是以无人机为智能农机的典型应用，低空经济发展加速变革传统农业生产效率，创新并延伸出多种场景功能。研究提炼农产品物流、农业植保、农业应急救援、农业文旅四类低空经济涉农应用场景与模式，并梳理农业领域低空经济发展阻碍因素，提出贯通顶层设计政策、完善基础设施建设、构建法律制度保障体系和强化科技人才培育的农业低空经济发展应用策略。农业低空经济高质量发展可促进农业农村现代化、智能化和数字化，助力乡村振兴。,农机使用与维修,2025/8/10,期刊,,56
新质生产力,低空经济赋能新质生产力：系统机理、现实困境与优化路径,朱长兵;陆晨,[研究目的]新质生产力作为全面建设社会主义现代化国家的关键支撑，对增强国家核心竞争力、实现经济高质量发展具有重大战略意义。低空经济作为当代经济发展的全新领域，与新质生产力存在互为表里的紧密联系。探讨低空经济驱动新质生产力发展的内在逻辑，剖析制约二者协同发展的关键瓶颈，提出针对性突破路径，以期为推动经济高质量发展提供理论参考。[研究方法]围绕“低空经济驱动新质生产力”核心命题，构建“技术—要素—产业”分析框架，结合政策文本解读与产业案例分析，系统阐释低空经济赋能新质生产力的作用机理，并梳理低空经济发展面临的现实困境。[研究结论]低空经济通过推动技术革命性突破、优化生产要素配置、促进产业深度转型三维路径赋能新质生产力发展，但存在政策协同不足、核心技术受制、市场培育滞后等现实困境；应通过构建新型政策协同体系、突破核心技术瓶颈、释放市场潜力动能等举措，实现低空经济与新质生产力的协同发展。,科技智囊,2025/7/25,期刊,,93
新质生产力,新质生产力赋能县域经济因地制宜发展的路径探析——基于江西省G县低空经济产业的考察,殷知行;白明宇;谢欣萍;潘萍艳,在全面推进中国式现代化的战略背景下，如何因地制宜促进新质生产力赋能县域经济高质量发展是亟待探索的重要议题。基于对江西省G县低空经济产业园的考察，发现县域经济的高质量发展是通过政策势能差驱动、要素禀赋重构以及创新生态网络三维协同的复合驱动机制来实现的。这一过程依托于制度供给适配度的提升、资源编排的动态性优化以及生态培育的系统性推进，实现产业形态的跃迁、经济质效的提升以及发展韧性的增强。研究发现，县域经济高质量发展需要构建政策解码、要素激活与生态培育的协同机制。通过因地制宜的制度供给，精准匹配县域经济的产业需求，优化内外部资源的编排，实现产业要素的价值跃迁，并借助创新网络促进技术的扩散与应用，这为后发地区突破资源约束、培育发展新动能提供了启示。,佛山科学技术学院学报(社会科学版),2025/7/15,期刊,,51
新质生产力,新质生产力驱动下 辽宁农业低空经济发展的机遇与挑战,于海超;曹海怡;于秀丽,在新质生产力快速崛起的背景下，以无人机技术、人工智能、5G通信为核心的农业低空经济正成为推动农业现代化和乡村振兴的战略性力量。低空经济作为战略性新兴产业，正成为农业现代化和乡村振兴的重要引擎。本文以辽宁省为例，分析新质生产力背景下农业低空经济的应用场景、发展机遇与挑战，提出对策建议，为辽宁省抢占低空经济高地、推动农业高质量发展提供参考。,当代农村财经,2025/7/10,期刊,,315
新质生产力,低空经济与新质生产力协同发展：逻辑机理、结构框架与关键路径,王珏,随着新质生产力培育和发展的逐步推进，低空经济因其以科技创新为核心、以资源高效利用为目标、以产业融合为主要表现成为新质生产力的典型代表。低空经济与新质生产力内在逻辑的高度一致性决定了二者具有高度协同性，并在生产力三要素上有所体现：基于劳动者智力化协同形成新动能；基于劳动工具智能化协同构建产业体系；基于劳动对象数字化协同打造发展生态。由于低空经济尚处于起步阶段，在发展过程中仍存在基础设施薄弱、管理体系滞后和安全管控平台缺失等问题，要进一步加强低空智联网建设、体制机制创新和产业体系构建，推动低空经济与新质生产力协同发展。,新疆师范大学学报(哲学社会科学版),2025/7/8 14:34,期刊,,1590
新质生产力,新质生产力视域下浙江低空经济高质量发展的路径探析,邱硕,在新一轮科技革命与产业变革纵深推进的背景下，新质生产力作为驱动经济高质量发展的核心引擎，其战略地位日益凸显。低空经济作为新质生产力在空域资源开发领域的重要实践载体，正处于战略性发展机遇窗口期。积极探索新质生产力视域下低空经济高质量发展路径，对于构建现代化产业体系、培育区域经济新增长极具有重大战略价值。基于新质生产力与低空经济发展的理论框架，深入剖析浙江在低空经济发展方面所具备的坚实基础与独特优势，全面挖掘运用新质生产力促进浙江低空经济高质量发展的有效策略，对浙江经济社会全面进步具有重大意义。,观察与思考,2025/7/5,期刊,,138
新质生产力,新质生产力驱动黑龙江省低空经济高质量发展,郗鹏,在全球新一轮科技革命与产业变革加速演进的背景下，新质生产力作为重塑经济发展格局的核心动力，正推动低空经济成为战略性新兴产业的重要增长极。2025年政府工作报告明确提出“建设全国寒地低空经济示范区”的战略目标，为黑龙江省低空经济发展赋予了国家战略使命。基于新质生产力理论框架，系统剖析黑龙江省低空经济发展的现实基础与突出矛盾，发现其依托航空制造底蕴、寒地资源禀赋和跨境区位优势，已在智慧农业、冰雪文旅、跨境物流等领域形成特色应用场景，但同时面临低空基础设施布局失衡、核心技术自主创新不足、复合型人才供给短缺等结构性挑战，从而提出以技术创新为核心驱动力、以产业链协同为发展路径、以场景融合为价值载体、以人才培育为支撑保障的高质量发展体系，为寒地资源型地区构建新质生产力驱动的低空经济发展范式提供理论参考与实践指导。,黑龙江国土资源,2025/6/28,期刊,,68
新质生产力,低空经济助力新质生产力培育的核心路径、现实约束与破局之策,杨琴,低空经济在技术创新驱动、要素资源优化与产业模式优化中的独特作用，成为经济体系变革的重要增长动力。在低空经济快速崛起过程中也面临诸多深层次挑战，包括新型劳动者适应能力不足、新型劳动对象转化效率低下、新型劳动资料生态优化滞后以及生产要素协同机制的系统性矛盾，制约低空经济赋能新质生产力的实际效能。本文从理论与实践双重维度出发，提出构建低空经济创新生态、完善低空空域管理与技术标准、推动技能培训与劳动者保障体系升级，优化资源整合与市场化运行机制的综合策略。通过技术突破、制度完善和生态协同，低空经济可有效激发新质生产力的潜能，为高质量发展与中国式现代化提供重要支撑。本文从系统性分析框架出发，为低空经济在新质生产力生成中的理论探索与实践路径提供深刻洞见与可操作性方案，推动其在全球化与可持续发展的双重目标下释放更大的经济与社会价值。,管理现代化,2025/6/24 9:12,期刊,,1145
新质生产力,低空经济与人工智能融合下的新质生产力跃升路径,陈柳钦,为探究低空经济与人工智能深度融合对驱动新质生产力跃升的作用，分析其在农业、物流、城市交通等领域引发生产力变革的重要性，以及推动产业智能化、绿色化转型和全球经济高效可持续发展的意义。文章围绕低空经济、人工智能展开研究，重点针对低空经济与人工智能融合对提升新质生产力的作用机制，并提出低空经济与人工智能融合下新质生产力跃升的实践路径。研究结果显示：人工智能的应用实现了低空经济智能化、自动化水平的提升，优化了生产流程，显著提高资源利用效率、降低能耗，推动绿色生产力发展；加速了低碳技术的行业应用，深化了两者融合度，提升了整体行业效能。文章为全球经济实现高效可持续发展提供了新路径。,企业科技与发展,2025/6/23 14:35,期刊,,682
新质生产力,新质生产力视角下四川革命老区低空经济发展现状与策略研究,郑晓霞;何先定;周仁建;唐斌,以四川省革命老区为研究对象，基于新质生产力发展视角，系统探讨了该地区低空经济的发展路径。首先，通过政策文本分析和实地调研，梳理了国家和四川省关于低空经济发展的政策导向，阐释了革命老区发展低空经济对区域经济转型升级的重要意义。其次，采用定量与定性相结合的研究方法，从产业规模、产业链条、基础设施、企业生态和应用场景五个方面，深入分析了四川革命老区低空经济的发展现状，从中提出消费市场培育不足、政策标准缺失、基础设施薄弱、人才与产业短板、应用场景受限等关键问题。最后，基于问题导向，提出了一套系统化的发展策略体系，包括：创新消费市场培育模式、完善政策标准体系、夯实基础设施与产业配套支撑、强化人才支撑、深化应用场景创新等具体措施。研究成果不仅为四川革命老区低空经济发展提供了理论参考和实践指导，也为同类地区培育新质生产力提供了可借鉴的发展范式。,成都航空职业技术学院学报,2025/6/19,期刊,,106
新质生产力,新质生产力下新能源产业与低空经济的跨界耦合发展,韩强,在新质生产力下，新能源产业与低空经济的耦合发展对地方经济发展非常重要。这种耦合不仅能够推动新能源技术在低空领域的应用，还能够借助低空经济的快速发展，为新能源产业开辟新的市场需求和发展空间。两者相互促进，共同推动技术创新和产业升级，为实现可持续发展目标提供有力支撑。主要针对新质生产力下新能源产业与低空经济的跨界耦合发展进行探讨。,能源与节能,2025/6/16,期刊,,459
新质生产力,新质生产力视角下低空经济赋能建筑产业链重构的创新研究,王伊立;王丹;张云波;余玫芳;余鸿霖,新质生产力是以科技创新为核心驱动力，融合数字化、智能化、绿色化和高效化的新型经济发展模式，正在重塑传统产业体系。低空经济作为战略性新兴产业的重要组成，以无人机、空中出行、低空物流与智慧空域管理为代表，展现出巨大的市场潜力与技术带动效应。其快速发展不仅拓展了产业融合的广度和深度，更为建筑产业链的重构与价值创新提供了全新机遇。本文以新质生产力为分析视角，系统探讨低空经济如何通过技术引领、产业融合与价值链延伸，赋能建筑产业链的重构与创新。其一，分析低空经济的产业特性与发展趋势，阐释其对建筑产业链核心环节的影响机制。其二，研究低空经济与建筑产业链协同创新的路径，包括设计、施工、运维及产业服务模式的转型升级。其三，提出以协同创新机制、产业协同平台和创新生态体系建设为支撑的产业链重构策略。经研究，低空经济与建筑产业的深度融合，不仅能够促进建筑业的数字化转型和智能化升级，还能重塑产业链协同模式，提升全产业链的附加值和创新能力，成为推动建筑行业高质量发展的关键力量。,产业科技创新,2025/6/15,期刊,,20
新质生产力,低空经济赋能文旅行业新质生产力发展研究,刘增祥;刘培祥;顾至欣,文旅行业新质生产力是随着科技与文化的深度融合而诞生的全新概念。以低空数字智联系统为基础支撑，将低空经济与文旅行业相结合，能够从低空角度驱动和激活文旅资源，创新文旅出行游览新形态，赋能文旅饮食新模式，激发文旅娱乐新体验，不仅能够为游客提供全新的旅游体验，也为文旅产业的发展注入了新的活力。,通信管理与技术,2025/6/15,期刊,,44
新质生产力,低空经济、新质生产力与现代化产业体系建设,李学彦;李鑫,低空经济能够持续深化低空技术在各行各业的应用程度，已成为传统产业转型升级、新兴产业发展壮大的强劲动能，对于构建现代化产业体系具有重要现实意义。选取中国30个省级行政单位面板数据，以2008-2023年为研究周期，定量考察低空经济对现代化产业体系建设的作用效果，研究发现：低空经济能够显著赋能现代化产业体系建设。低空经济能够催生新业态新模式，创造大量高质量就业岗位，为新质生产力发展提供广阔平台，促进传统产业转型升级、不断培育壮大战略性新兴产业与未来产业，继而赋能现代化产业体系建设。东部地区在人才储备、低空经济技术研发等方面均处于领先地位，有助于充分发挥低空经济对现代化产业体系建设的赋能效应；自“十三五”规划实施以来，政策环境优化、技术不断进步、市场需求增长等均有助于促进低空经济高质量发展，故而在2017-2023年低空经济对现代化产业体系建设的促进作用更强。低空经济对现代化产业体系建设的驱动作用存在正向空间溢出效应。基于此，国家应积极培育低空经济发展新增长极、激活新质生产力发展动力源、打造现代化产业体系差异化发展带，加快推进现代化产业体系建设。,深圳大学学报(人文社会科学版),2025/6/12 10:48,期刊,,2785
新质生产力,低空经济赋能新质生产力发展：作用机制、现实挑战与突破路径,顾元吉;张燕,在全球科技革命与产业变革背景下，低空经济作为战略性新兴产业，凭借其技术密集性、空间立体性及强产业关联性，成为培育新质生产力的重要载体。通过从理论框架、作用机制与现实挑战三个维度展开研究，揭示低空经济赋能新质生产力的内在逻辑：一方面，低空经济通过高附加值产品研发、立体网络布局与创新外溢效应，推动生产要素重组与产业生态重构；另一方面，低空经济以技术创新驱动链式突破、产业融合促进生态共生、政策适配释放治理效能的三重路径，加速新质生产力的跃迁。研究发现，当前我国低空经济发展面临核心技术依赖、复合型人才断层、空域管理碎片化等瓶颈，制约其对新质生产力的赋能效果。对此，提出系统性突破路径：构建“政产学研用”协同创新联合体攻克技术壁垒，打造“低空+”多场景融合示范区优化产业生态，构建制度创新体系强化战略引领和治理优化，深化空域智能调配与数字平台建设提升资源效能，并通过参与国际规则制定提升全球话语权。,改革与战略,2025/6/9 14:26,期刊,,759
新质生产力,低空经济赋能物流新质生产力内涵及应用研究,翁勤晴,"低空物流作为数字经济时代新型要素载体,通过三维空间资源再配置与技术创新扩散,正在重构现代物流的价值创造范式。本文基于技术经济范式理论,深入揭示低空经济与现代物流“技术跃迁―制度调适―网络重构”的协同演化机制,论证现代物流在突破传统物流平面约束、实现物流网络时空压缩与价值涌现方面的理论内核,为研究数字经济时代物流产业升级提供系统性理论框架与实践指导意义。",中国航务周刊,2025/5/26,期刊,,420
新质生产力,新质生产力视角下成都市低空经济高质量发展路径研究,商黎疆;肖怡然;杜鹏飞,在新质生产力加速重构全球经济格局的背景下，低空经济作为融合新能源、人工智能与先进制造的战略性新兴产业，成为推动高质量发展的重要引擎。以成都市为例，基于新质生产力视角，从技术、要素、制度、场景四个方面系统剖析低空经济高质量发展的内在逻辑。成都市发展低空经济具有核心优势并取得了突出成效，但也存在技术瓶颈、管理体制机制不完善、应用场景局限等问题。因此，从新质生产力与低空经济的耦合逻辑出发，强化技术攻坚与融合创新、完善低空管理体制机制、培育市场化应用生态，以期进一步推动成都市低空经济高质量发展。,经济研究导刊,2025/5/25,期刊,,52
新质生产力,供应链新质生产力与低空经济融合发展研究,许幸华;王凌峰,该文重点探究供应链新质生产力与低空经济的特点、发展趋势及两者融合的基础、关键领域、挑战与风险，并提出相应的融合发展策略。首先，该文指出供应链新质生产力以信息化、数字化、智能化为驱动，能提高供应链效率，降低运营成本。随后，分析低空经济的发展现状与未来趋势。该文同时指出两者的融合发展面临的挑战与风险，例如法规政策不完善、技术安全与隐私保护问题及市场竞争与商业模式创新难题等。因应策略包括加强政策引导与支持力度、提升技术创新能力与应用水平，以及构建产业协同发展生态体系。,通化师范学院学报,2025/5/20,期刊,,188
新质生产力,新质生产力视角下低空经济从概念到实践的探索——以天津市宁河区为例,佟晓松,低空经济连续两年写入政府工作报告，并纳入国家培育新兴产业和未来产业重点任务之一，工业和信息化部等四部门联合印发的《通用航空装备创新应用实施方案（2024—2030年）》提出，到2030年通用航空装备将全面融入人民生产生活各领域，形成万亿级市场规模。宁河区地处京津唐城市群几何中心，在这一战略机遇期，凭借独特的区位优势、丰富的资源和科研力量，通过完善政策机制、加强基础设施建设、吸引企业入驻和不断探索并拓展“低空+”多领域应用场景，推动低空经济与其他产业深度融合，实现“低空+”新业态的示范应用，产业集聚效应初步显现，低空经济从概念逐步转化为具有实际经济效益和社会价值的产业，形成低空经济生态体系和全产业链“叠加效应”，逐渐成为推动经济高质量发展的新质生产力，为区域经济发展注入新动力。,天津经济,2025/5/20,期刊,,173
新质生产力,低空经济赋能新质生产力的作用机理、现实梗阻与实践路径,李波;贾政霖,在构建现代化经济体系进程中，低空经济作为战略性新兴产业的重要构成，正成为推动新质生产力发展的关键载体。低空经济通过新型基础设施驱动、产业链重构、资源要素优化配置，正加速形成多维度、立体化的产业生态体系。然而，低空经济在赋能新质生产力发展过程中，仍需着重破解治理体系制度创新滞后、核心技术自主性不足、专业人才储备相对薄弱等现实困境。为此，应健全低空经济治理现代化制度创新与协同机制，强化关键领域技术攻关，完善低空经济人才培养机制，持续增强低空经济赋能新质生产力发展的支撑效能。,改革与战略,2025/5/18,期刊,,9
新质生产力,“产业—技术”协同式发展：低空经济高质量发展的新质生产力逻辑及其路径,张青兰;蒋永强,低空经济高质量发展是我国培育壮大战略性新兴产业、推进中国式现代化的重要方面，以科技创新为核心的新质生产力对其具有明显的赋能效应。低空经济高质量发展的核心在于低空飞行技术与相关产业的良性互动、协同发展，而新质生产力所蕴含的新理念、新技术、新要素则为其提供了方向指引、内在驱动和核心支撑，能在新型劳动者的主体建构、新型劳动资料的创新升级、新型劳动对象的丰富拓展中实现“产业—技术”一体化、协同式发展。从新质生产力的内在要素和赋能低空经济高质量发展的现实境遇看，我国仍存在着专业人才缺乏、基础设施和创新技术落后、资本支持不足的困境。新征程上，必须要针对现有问题，切实在加强人才建设、完善基础设施、发展耐心资本等方面取得进展，提升新质生产力赋能低空经济的主体基础、物质保障和资金支持。,当代经济研究,2025/5/15,期刊,1,1856
新质生产力,基于区位与资源禀赋的新疆低空经济发展路径研究——新质生产力的区域实践,鲁西帅,新疆作为丝绸之路经济带核心区及西部门户，凭借独特区位优势和空域、旅游、农业资源，为低空经济与旅游、物流、农业的融合提供了发展空间。发展低空经济既是培育新质生产力、推动经济转型的关键，更是服务“一带一路”建设、提升边疆治理水平的重要路径。本文基于“新质生产力”理论框架，系统分析新疆低空经济发展潜力、挑战与实践路径。当前，区位优势、资源禀赋、产业需求及政策支持构成核心动能，但基础设施薄弱、空域管理滞后、人才短缺和产业链协同不足制约了发展。基于此，本文提出“空域开放创新+特色场景驱动”发展策略，构建“干支通”联动基础设施网络，深化“低空+文旅/农业”产业融合，推进监管体系改革与标准建设，加强技术研发与产教融合人才培养。研究可为边疆地区通过新质生产力培育经济增长极提供理论与实践参考。,上海商业,2025/5/15,期刊,,71
新质生产力,“场景革命”与“技术赋能”：新质生产力驱动下低空经济高质量发展路径探究,林峻德,在全球产业变革与技术革命交织的背景下，低空经济作为新质生产力的重要载体，正成为重塑经济地理格局的关键力量。从2024年全国两会首次将低空经济写入政府工作报告，到2025年全国两会政府工作报告的再次提出，这一战略性新兴产业的发展已上升至国家战略层面，发展前景可期。然而，低空经济当前仍面临空域划分困难、基础设施建设不足等难题。因此，本文立足新质生产力的理论框架，结合场景革命与技术赋能的双轮驱动逻辑，建议以场景创新驱动市场扩容，技术突破加速产业升级，制度优化保证生态协同，为全球竞合背景下低空经济高质量发展提供创新路径。,老字号品牌营销,2025/5/10,期刊,,172
新质生产力,新质生产力背景下四川省低空经济发展路径研究,张艳;郭浩楠;梁宇杨,低空经济通过转化未被充分利用的低空空域资源，创造显著的经济效益，成为推动我国经济发展的新动能。四川省在低空经济领域具备丰富的航空产业基础和技术优势，正在积极推动低空经济的发展。结合新质生产力发展背景，进一步分析四川低空经济的发展现状与落地应用场景，并对未来发展前景进行展望，认为随着政策持续放开和技术迭代升级，四川省有望在低空经济领域实现重大突破。在此基础上，提出促进四川低空经济健康发展的4项建议，包括完善监管政策、推动产业链建设、加大技术研发投入、加强市场推广。这些措施有助于解决当前面临的监管约束、技术短板、市场接受度差和产业链不完善等问题，进一步推动四川省低空经济繁荣发展。,海峡科技与产业,2025/4/25,期刊,,75
新质生产力,低空经济与高速公路领域新质生产力融合发展场景研究,宋宁宁;庞京成;赵子雪,通过解析低空经济这一战略性新兴产业概念及产业链组成情况，研究阐述交通产业新质生产力内涵与重点发展方向，并以高速公路领域为例展开与低空经济融合发展的检测、应急救援、客货运输等典型场景分析，最后从政策法规体系、低空改革体制机制、融合发展路径等方面提出低空经济助力高速公路领域培育新质生产力的意见建议。,山东交通科技,2025/4/25,期刊,,51
新质生产力,低空经济赋能新质生产力的逻辑、挑战及路径,董超,低空经济作为战略性新兴产业和未来产业的关键构成部分，正逐步演变为中国经济增长的重要驱动力，展现出对新质生产力的显著推动与发展潜力。低空经济对新质生产力的赋能效应主要体现在技术创新驱动、核心要素支撑和应用场景孵化三个方面。然而，低空经济在赋能新质生产力的过程中存在低空安全监管体制机制亟待完善、低空软件硬件制造技术发展不同步、低空经济相关专业人才队伍短缺、低空经济技术与应用的融合度不高等挑战。为此，要健全低空安全监管体制机制的顶层设计、推动低空软件硬件制造技术的协同发展、加快低空经济领域的人才培养体系建设、推进低空经济技术与应用场景的深度融合，以促进低空经济对新质生产力的赋能作用。,辽宁经济,2025/4/20,期刊,,128
新质生产力,关于加快打造辽宁省低空经济未来产业新赛道培育新质生产力发展新优势的政策建议,林艳丽;朱悦宏;王新雨,低空经济作为战略性新兴产业，对辽宁省经济增长、科技创新和旅游业发展具有重要意义。对于低空经济，辽宁省在政策支持、产业基础等方面取得了一定成果，但仍面临政策法规不完善、应用领域有限、基础设施不足等挑战。为助力辽宁全面振兴，应从政策支持、应用拓展、基础设施建设、技术创新以及人才培养等多方面入手，全力推动辽宁省低空经济高质量发展。,辽宁经济,2025/4/20,期刊,,123
新质生产力,新质生产力背景下河北低空经济发展策略,暴平菊,新质生产力起主导作用的是创新，特征为高科技、高效能、高质量，是符合新发展理念的先进生产力质态。发展新质生产力是关系全局和长远的大事，低空经济作为以创新驱动发展，是新质生产力的代表之一，拥有广阔的前景，河北应把握时代的机遇，发展低空经济。,价值工程,2025/4/18,期刊,,622
新质生产力,新发展理念下低空经济驱动新质生产力发展的内在逻辑机制与路径选择,李德明,低空经济是发展新质生产力的关键领域之一，也是中国式现代化进程中的重要组成部分。为深入探讨低空经济在发展新质生产力中的关键作用及其赋能逻辑，文章采用理论分析与逻辑推演相结合的方法，对低空经济的重要性、作用范围及其对新质生产力的驱动价值与内在机制进行了系统分析。结果表明，低空经济作为发展新质生产力的关键领域，不仅能培育经济增长新动能、拓展高质量发展新空间，而且能满足人民美好生活需要、助推新型城镇化建设，并促进低空民航业转型升级、提升全要素生产率。其赋能新质生产力的逻辑主要体现在重构生产要素组合、激活产业协同效应、促进新能源航空崛起及释放普惠性价值。基于此，文章提出低空经济驱动新质生产力发展的路径，即强化低空创新驱动以突破关键技术、优化空域资源配置以提升协同效能、完善政策法规体系以拓宽全球视野、培育专业人才队伍以激发创新活力，为推动新质生产力发展提供理论指导。,企业科技与发展,2025/4/17 14:54,期刊,,1129
新质生产力,新质生产力视角下低空经济发展战略探索,田泽昊;张咪乐,随着新一轮科技革命和产业变革的深入发展，新质生产力在推动经济发展中发挥着愈加重要的作用。低空经济是经济的重要类型，属于新兴经济形态。为激发经济发展活力，推动产业发展，政府应当重视低空经济，充分利用新质生产力支持低空经济发展，使其成为经济增长的引擎，提高国民经济发展水平。通过分析新质生产力与低空经济理论，研究了新质生产力视角下低空经济发展面临的挑战，提出了新质生产力视角下低空经济发展战略，旨在使新质生产力为低空经济发展赋能，强化低空经济发展效果，满足人民对低空经济的发展需求，助力社会经济高质量发展。,科技经济市场,2025/4/15,期刊,,6
新质生产力,推动人工智能与实体经济深度融合加快发展新质生产力,苏美文;杨文爽;李博文;任飞宇;易美妮,人工智能技术的爆发和大模型、大数据功能的跃升，及其与未来产业和传统产业的深度融合，极大地推动了新质生产力的发展。下面刊发的8篇文章，从“大数据功能视角的全要素生产率理论创新”，到“大数据驱动新质生产力发展”，从“供应链数字化转型推动企业增效”，到“新质生产力视域下传统产业转型升级”，从“我国6G工业互联网发展战略”，到“人工智能驱动新质生产力发展的实践路径”，从“大模型落地背景下的低空经济”，到“基于大模型的脑机接口产业发展”，深刻揭示了人工智能与实体经济深度融合前景，勾勒出新质生产力赋能高质量发展蓝图。,工业技术经济,2025/4/1,期刊,4,2145
新质生产力,新质生产力视角下海南自贸港低空经济高质量发展路径研究,朴辰晟;周运科;林羽;石磊,"低空经济作为前景广阔的战略性新兴经济形态,涵盖无人机、物流运输、旅游等多种经济业态形式。海南低空经济在2023年以来发展迅速,但面临空域资源利用不充分、地方性政策法规不完善、产业链不健全及人才短缺等诸多难题。本文以海南省低空经济发展的现状为切入点,针对问题提出解决路径,以期通过政策引导、资源利用等有效手段,助力海南低空经济发展转型,为全国低空经济发展提供借鉴和参考。",中国航务周刊,2025/3/31,期刊,1,671
新质生产力,以低空经济产业赋能新质生产力发展的对策研究——以太仓港经济技术开发区为例,吴建国;王永健;杜心月,经济高质量发展的趋势下，各地区纷纷转变发展方式。但随着要素成本上升、资源环境压力加大、产能过剩及发达国家再工业化等多重挤压，许多地区的经济增长已触及瓶颈。文章以太仓港经济技术开发区为例，通过分析太仓港区的现有优势和企业成功案例，论证了以低空经济带动全产业链发展的可行性，探讨了通过低空经济产业促进新质生产力发展的现实路径。最后，文章结合当前太仓港区低空经济产业存在的问题，提出相应对策，即从建设特色产业园、打造产业高地、提升创新水平、拓展应用场景、建设基础设施5个方面着手，推动形成低空特色产业集群，实现新质生产力的有效转化。,江苏科技信息,2025/3/30,期刊,1,421
新质生产力,新质生产力引导下广东低空经济高质量发展路径研究,张婷;柳仪;黄昕;沈慧玥,"全球低空经济战略布局不断加速,我国已将低空经济纳入国家发展规划。凭借完整的全球无人机产业生态链及产业协同联动的优势,广东在低空物流、低空载人交通等领域取得了突破。但由于技术水平有限、法规滞后、区域之间不平衡,低空经济无法全面开展。珠三角的技术水平比较高,但是可能会出现生态耗竭的情况;粤东西北地区水平相对较弱,区域发展相对滞后。解决以上问题的主要途径是:技术梯度布局,深化制度创新、优化生态协同、补齐产业链条、夯实数字底座、协同区域发展。先做好全省从极化发展到全域协同,再以此为基点,提供高质量发展的范式,带动全国的低空经济发展。",第二届智能工程与经济建设学术研讨会论文集（二）,2025/3/25,中国会议,,4
新质生产力,低空经济赋能新质生产力发展：理论机制与实证检验,唐珺;史亚洲,基于2009—2022年中国284个城市面板数据，利用合成双重差分模型和因果中介模型，检验低空经济对新质生产力的影响效果和潜在作用机制。研究结果表明，低空经济对新质生产力具有显著正向影响，可有效提升技术创新、资源配置效率以及产业升级发展水平。在机制检验中，低空经济可以通过提升技术创新、优化资源配置、推动产业升级等机制影响区域新质生产力发展水平。研究结果为充分挖掘低空经济对新质生产力赋能作用提供学理支撑和实践参考。,西安航空学院学报,2025/3/20,期刊,,136
新质生产力,新质生产力引领产业园设计的内在逻辑、机遇与实践路径,郑友宇,产业园作为产业集聚和创新发展的重要平台，在产业结构不断调整和全球科技不断发展的驱动下，正面临着巨大的变革。新质生产力作为推动经济社会进步的重要力量，以科技创新为核心，为产业园实现高效、智能、绿色发展提供了助力。阐述了新质生产力引领产业园设计的内在逻辑，分析了新质生产力为产业园设计带来的机遇，提出了新质生产力引领产业园设计的实践路径，旨在促进产业园转型升级。,上海包装,2025/3/15,期刊,2,44
新质生产力,河北文旅新质生产力提升探索,刘桂云;刘曼丽,近年来，文旅经济蓬勃发展，市场竞争加剧，对旅游产品的多样化、个性化和品质化提出更高要求。河北省作为文旅资源大省，具有独特的文化脉系、壮丽的自然风光、丰富的红色旅游资源以及先天的地理区域优势。新质生产力背景下，河北省应充分利用其独特的文旅资源，挖掘存量资源，开发新消费，通过科技创新、文化传承、生态保护和区域协同等方式，推动文旅产业高质量发展，实现经济效益、社会效益和环境效益和谐统一。,合作经济与科技,2025/3/5,期刊,1,310
新质生产力,低空经济赋能新质生产力的主要表现、现实困境与应对策略,邹娜;付文凯;李建盛,作为经济增长的新引擎，低空经济在培育战略性新兴产业和未来产业、赋能新质生产力方面起着举足轻重的作用。从世界范围来看，随着世界科技革命的加速演进，空域飞行活动成为现实，为低空经济这一生成性概念的出场带来契机；从我国发展环境来看，低空经济的发展得益于政府政策支持，国家大力推进商业航空，为低空经济形成市场风口创造条件。作为新质生产力的典型代表，低空经济对新质生产力的赋能作用主要体现在技术、产业、资源、场景以及与新质战斗力的高效融合，并逐渐形成多产业跨界融合的创新型生态体系。然而，低空经济在赋能新质生产力的过程中还存在制度体系建设亟待完善、数字化水平与科技创新能力有待提升、安全风险较为突出、人才相对短缺等问题。为此，需着力完善低空经济顶层设计、提高科技创新能力和数字化水平、加强其安全防范措施、培育低空领域创新团队和高技能人才，逐步提升低空经济的赋能力和持续力。,南华大学学报(社会科学版),2025/2/28,期刊,2,259
新质生产力,新质生产力视角下郑州市低空经济发展思路研究,王丽婉;卢宜均,低空经济作为国家新兴战略产业的重要组成部分，近年来在政策引导、技术创新和市场需求的共同驱动下，迎来了前所未有的发展机遇。作为中部地区的国家中心城市，郑州市的低空经济发展已经具备了一定的基础和潜力。本文以新质生产力为视角，对郑州市低空经济发展现状、面临的优势和挑战以及未来的路径进行了深入分析，旨在为低空经济的优质发展提供理论借鉴与实践指导。,销售与市场,2025/2/25,特色期刊,,
新质生产力,低空经济促进新质生产力发展：机理、挑战和路径,姜辉,低空经济作为战略性新兴产业，是促进新质生产力发展的重要领域。当前，低空经济促进新质生产力发展过程中还面临着低空管理体系不完善、低空关键技术创新不足、低空专业人才缺乏、低空产业发展不协调等挑战。本文从完善管理体系、提升科技创新能力、加大专业人才培养力度、促进低空产业平衡协调发展等方面，提出低空经济促进新质生产力发展的路径方向。,北方经济,2025/2/20,期刊,2,246
新质生产力,新质生产力赋能低空经济与中医药文化产业融合发展的策略研究,庄梓洁;张喆宇;林彬,随着科技革新，低空经济作为战略性新兴产业，具有典型的新质生产力特征，通过利用绿色能源和智能化技术，展现出广阔的前景。通过新质生产力赋能，中医药文化产业借助数字化技术实现了传承与创新的有机结合。分析二者在技术驱动、资源互补、市场需求等方面存在融合发展的逻辑机理，并提出建议：通过强化顶层战略规划、深挖资源禀赋、拓宽功能边界、深化科技产业融合等策略，推动中医药文化与低空经济的高质量发展，实现产业间的深度融合与协同创新。,科技资讯,2025/2/20,期刊,1,182
新质生产力,云南交通领域新质生产力发展策略研究,唐文建,在推进高质量发展过程中，培育新质生产力至关重要。本研究专注于云南交通领域的新质生产力发展，深入剖析了其发展现状，并基于云南的地理和经济特色，提出了绿色化、数智化、融合化三大转型方向，并围绕政策引导、企业主体、人才支撑、平台汇聚四大发展路径，制定了具体的策略。本研究旨在为云南交通领域的创新驱动和可持续发展提供理论指导和实践参考。,产业创新研究,2025/2/15,期刊,,56
新质生产力,新质生产力赋能中国(福建)自由贸易试验区高质量发展,林伟;黄茂兴,十年来，福建省深入实施自由贸易试验区提升战略，持续发挥改革开放综合试验平台作用，勇于创新实践，在推动中国(福建)自由贸易试验区高质量发展中取得显著成效。新发展阶段，中国(福建)自由贸易试验区高质量发展面临着诸多挑战，应引入新质生产力，以科技创新带动技术革命性突破、以制度创新带动生产要素创新性配置、以产业创新带动产业深度转型升级为突破口，探讨新质生产力赋能中国(福建)自由贸易试验区高质量发展实践路径。,发展研究,2025/1/28,期刊,,208
新质生产力,新质生产力视角下低空经济高质量发展路径研究——基于广西的实践探索,吴寿平,低空经济是新质生产力的一个重要代表，是经济发展的新增长引擎。新质生产力可以通过技术突破与创新、生产要素的质变与优化配置、产业深度转型升级和市场需求导向的供给创新促进低空经济的高质量发展。近年来，广西低空经济发展迅猛，但仍存在低空空域资源利用不充分、政策法规不完善、基础设施建设滞后、产业链尚未形成完整闭环、资金投入与融资渠道有限和低空经济相关人才短缺严重等现实挑战。为此，文章提出探索“精细化”低空空域管理改革、加强“系统化”低空经济规划设计、开发“大众化”低空经济产品体系、构建“融合化”跨界发展商业模式、建立“完整化”低空经济产业链条和完善“立体化”低空发展政策法规的高质量发展路径。,经济与社会发展,2025/1/27 8:23,期刊,10,2303
新质生产力,新质生产力背景下低空经济高质量发展的机理与路径,张夏恒,新质生产力以创新驱动为核心引擎，具有高科技、高效能、高质量特征，符合新发展理念，是扎实推进低空经济高质量发展的重要背景。发展新质生产力有助于从新发展理念角度推动低空经济创新、协调、绿色、开放和共享多方面高质量发展，并为其高质量发展提供优势条件和坚实基础，但低空经济仍面临着低空空域资源有限性、低空飞行器的安全性、低空智能设施高成本和低空经济行业标准化不统一等诸多问题。因此，需要在优势与困境之间找到平衡，多方联动实现资源共用，科技创新保障先进技术安全底线；锚定目标实现降本增效；政策引领赋能持续发展，以期驱动新质生产力发展背景下实现低空经济高质量发展。,苏州大学学报(哲学社会科学版),2025/1/20,期刊,30,6473
新质生产力,新质生产力赋能广西低空旅游高质量发展的框架逻辑、现实基础、制约因素与实施路径,韦曼莉;陆鹏,随着科技进步与产业变革的加速，低空经济与文旅产业的融合成为推动消费升级与地方经济转型的重要力量。新质生产力赋能广西低空旅游高质量发展的逻辑主要体现在借助新质生产力全面革新传统生产力要素、促进低空旅游产品和服务升级、高效配置低空旅游资源、加快低空旅游产业转型升级、催生新业态和新模式等。广西既具备发展低空旅游的有利条件，也面临着基础设施薄弱、政策法规不完善、产业融合程度低、科技创新能力弱、高素质人才缺乏、生态环境压力大等现实困境。因此，文章从基础设施、政策法规、产业融合、技术创新、人才培养、品牌建设、安全监管以及生态保护等方面提出新质生产力赋能广西低空旅游高质量发展的实施路径。,改革与战略,2025/1/18,期刊,1,144
新质生产力,低空经济驱动新质生产力发展的理论机理、核心要义及行动要领,王世泰;谭冲,低空经济驱动新质生产力发展是中国式现代化进程中的重要内容。作为一种融合技术创新与模式创新、促进产业融合发展的综合性经济业态，低空经济有望激发社会的内生活力。文章从重视低空经济发展政策、营造低空经济丰富场景、培育低空经济市场样态以及拓展低空经济应用领域等方面分析了低空经济驱动新质生产力发展的核心要义。结合低空经济驱动新质生产力的当前发展环境，提出持续推动其发展的行动要领：一是因地制宜地发展低空经济，避免低空经济发展陷阱；二是强化科技创新发展动力，突破低空经济发展障碍；三是发挥产业组织结构优势，激发低空经济发展活力；四是构建协同发展现实路径，搭建低空经济体系框架。研究旨在为低空经济驱动新质生产力的发展提供理论和实践参考。,企业科技与发展,2025/1/17 9:56,期刊,6,1265
新质生产力,新质生产力视角下广西低空经济高质量发展的路径探索,王萍;韦志民;周虹光;陈泰安,文章采用文献分析、案例对比及政策解读等方法探索了新质生产力视角下广西低空经济高质量发展的路径。研究表明，利用新质生产力推动广西低空经济发展不仅可行，而且对提升区域经济竞争力具有重要意义。研究还表明，尽管广西已在低空经济领域取得了一定成就，但是仍需在优化飞行审批流程、提升空域管理效率、强化全产业链协同等。基于此，文章提出了精准定位全产业链竞争优势、优化飞行审批与空域管理机制、加快基础设施建设和激发市场需求等多项策略，以促进广西低空经济高质量发展。,企业科技与发展,2025/1/2 17:58,期刊,5,1376
新质生产力,新质生产力驱动低空空域安全管理发展——城市低空安全管理系统LASMS框架,余莎莎;陈艺君;张学军;陈星雨,"安全是低空经济发展的前提和底线，未来低空空域运行的安全监管难题备受重视。针对城市低空空域安全管理面临空域复杂性高、飞行器种类繁多、空域使用密度高、网络安全和数据隐私隐患多、系统集成和互操作复杂、法规标准差异大等难题，考虑航空安全管理（safety management systems,SMS）安全监管对象从单一到多元化，从事后管理向及时管理发展趋势，提出城市低空安全管理系统（low-altitude safety management system,LASMS）的概念构想，包括低空运行角色与框架、城市空中交通（urban air mobility,UAM）安全水平指标、低空风险识别、风险监测、风险评估与风险缓解，核心是安全风险管理。在管理方式和运行模式上，通过多域融合、分布式架构、数字化监控、缓控机制等手段，满足未来低空运行快速响应需求，提高自主性和自动化，增强飞行前、飞行中和飞行后主动管控和飞行中近实时安全管控。最后，讨论了新质生产力以技术创新驱动LASMS发展及航空安全管理与运行模式创新的重点方向。LASMS的引入将为低空安全监管提供新思路和新方法，以助力未来低空空域安全、高效、持...",交通信息与安全,2024/12/28,期刊,,507
低空,低空经济的起飞与隐忧,惠宁宁;李辽,<正>广东深圳的楼宇间，一名工作人员快步走向楼顶空地，将一杯热气腾腾的咖啡放入无人机舱。系统指令发出的瞬间，无人机应声起飞，在建筑间灵活穿梭，最终精准降落在另一栋楼的起降平台。随着舱门开启，咖啡被送入外卖柜的网格中。与此同时，顾客的手机收到提醒短信。输入取件码后，一杯温热的咖啡已在眼前——这是深圳无人机外卖的日常场景。,法人,2025/8/15,期刊,,92
低空,广东“低空+” 加出个3000亿市场,田新元;安宁;王军善,<正>去年以来，“低空经济”快速走进大众视野，一系列支持政策密集出台：党的二十届三中全会对发展低空经济提出了明确要求；2025年《政府工作报告》提出要推动低空经济等新兴产业安全健康发展；工业和信息化部等四部门印发《通用航空装备创新应用实施方案（2024-2030年）》，提出建设现代化通用航空先进制造业集群；中国民航局、国家发展改革委等多个部门分别在机场建设、城市数字化等领域推出相关举措……在政策精准供给、市场需求释放、技术迭代突破、产业链群集聚的协同驱动下，我国低空经济从概念走向现实，从区域探索走向全国布局，不断开辟出一条高质量发展新赛道。,中国战略新兴产业,2025/8/1,特色期刊,,1
低空,低空经济对传统航空经营生态的挑战,薛晨蕾,<正>航空领域正在经历由低空经济兴起引发的变革，该领域主要聚焦于低空空域，以电动垂直起降飞行器等新型飞行器为载体。低空经济的经营主体想要开拓短途城市空中交通、城市内货物配送，以及个人或行业专用服务的市场，其发展势能直接指向了传统航空产业长期依赖的商业模式，新兴的低空服务会对部分短途客运航线与特定货邮业务构成实质性的替代压力。因此，对低空经济所引发的挑战进行梳理，有助于为企业实现战略转型提供新思路。,中国商人,2025/7/23,特色期刊,,1
低空,胡华智 领航在低空,韦敏,<正>eVTOL（电动垂直起降飞行器）作为无人机领域“皇冠上的明珠”，是众多企业眼中的香饽饽。而这个赛道上的全球领军企业——亿航智能设备（广州）有限公司(以下简称亿航)，产品供不应求的同时，也面临众多友商争先恐后进入这一赛道的格局。如何把握当前大好市场形势？又如何在行业竞争中保持领先优势？亿航创始人、董事长兼首席执行官胡华智在接受《企业家》杂志采访时显得胸有成竹。,企业家,2025/7/15,特色期刊,,1
低空,低空经济加速起飞 中国开辟万亿级“天空蓝海”,吕丹,<正>低空经济这一融合了现代科技与新兴业态的经济形态，正以前所未有的速度逐步走向经济发展的前台。预计到2026年，全球低空经济市场规模有望突破万亿元大关，展现出其巨大的市场潜力和广阔的发展前景。技术进步、政策支持以及市场需求不断增长，让低空经济正从概念走向现实，成为推动经济增长的新引擎。截至2024年11月，我国通用航空企业达到744家，在册通用航空器3226架；无人机运营企业近1.9万家，国内注册无人机215.8万架，无人机飞行时长达到2544.9万小时。随着应用场景从航拍测绘、农林植保等领域向应急救援、城市治理、立体交通等更多方面延伸，低空经济正以“上天入地”的渗透力赋能传统产业、孕育新兴产业。,中关村,2025/6/28,期刊,,9
低空,低空经济商业化路径多元铺开,赫恩,<正>从多地“低空+”试点先行，到大规模应用示范，“国家—行业—地方”的三级管理标准体系将被构建，我国低空经济将呈现差异化的发展路径。2025年，我国低空经济由“政策元年”迈入“规模化应用年”，经历2024年“政策驱动”的爆发期后，行业已转向“安全健康、有序发展”的新阶段。无人机配送快递、外卖，让人们足不出户便能享受便捷的空中物流服务；乘坐“飞的”上班，为通勤族开启了一种全新的出行模式；从空中俯瞰大地，以独特的视角带来别样的风景体验……低空经济正不断拓展应用新场景，有力推动无人机物流、无人机农业植保、低空文旅等消费新业态蓬勃发展。,中关村,2025/6/28,期刊,,22
低空,低空经济：电机的“高空革命”,,<正>2025年仅eVTOL电机市场规模将超200亿元，年复合增长率达67%。从全球eVTOL电机市场的竞争格局来看，目前进入eVTOL领域较早的主机厂如Joby、Archer、亿航智能、峰飞等均进行电推进系统自主研发，根据公司机型特征，针对性进行电机设计，以满足轻量化和功率密度提升的需求。Lilium则与日本电装公司和美国霍尼韦尔航空航天公司达成合作，两家公司联合将电子马达整合到Lilium的飞机发动机中。,上海大中型电机,2025/6/20,期刊,,57
低空,低空热潮 安全筑基,杨心壤;杨燕,<正>2024年4月17日，国务院新闻办公室举行新闻发布会解读当前经济形势和有关政策，指出当前我国发展低空经济已经具备较好基础。从多个研究报告和新闻报道来看，无人机配送、空中出租车等场景正加速落地……低空经济逐步从概念走向现实，成为交通行业的热门话题，其发展不仅受到政策支持和市场需求的推动，也吸引了资本市场的广泛关注。随着技术进步和基础设施建设的推进，低空经济有望在未来城市交通和经济发展中发挥重要作用，成为推动社会进步和产业升级的重要力量。,中国公路,2025/6/16,期刊,,1
低空,低空经济展闪耀“丝博会”,IC photo,<正>第九届丝绸之路国际博览会暨中国东西部合作与投资贸易洽谈会上，低空经济展吸引了观众的眼球。,检察风云,2025/6/15,期刊,,6
低空,王郸维：AI赋能智领低空,张孟月,<正>新加坡南洋理工大学终身教授王郸维建议，粤港澳大湾区可整合粤港澳三地的高校资源、科研力量与企业优势，共建低空经济协同创新平台，重点突破智能感知系统、高精度导航及空域数字化管理等关键技术。在粤港澳大湾区这片创新热土上，一场由人工智能驱动的低空经济革命正在悄然展开。从深圳湾畔到珠江两岸，无人机物流运输、应急救援、城市空中交通等创新应用正在重塑城市发展格局。这些曾经只存在于科幻电影中的场景，如今正在AI技术的深度赋能下加速变为现实。,科技与金融,2025/6/9,期刊,,1
低空,低空经济：建工企业角逐“十五五”战新业务新蓝海,熊俊波,"<正>建筑工程企业的区域布局适配可采取三大方向。一是技术驱动型：适合高端制造基础雄厚的城市,代表城市有深圳、上海;二是产业集聚型：适合土地资源丰富的二三线城市,代表城市有武汉、合肥、长沙;三是场景应用型：特色需求牵引的融合创新实践,代表城市有丽江、三亚。",施工企业管理,2025/6/1,期刊,,60
低空,低空经济 还没能飞越适航认证的“迷雾”？,艾丽格玛,<正>与传统航空器相比，eVTOL采用了大量创新性特性设计，缺乏可供借鉴的工程经验和案例，许多基础性研发和验证都需要设计团队自行完成。目前全球尚未形成专门针对eVTOL适航审定的系统性规定，因此，eVTOL的取证大多只能通过“一事一议”“专项审定”等方式进入适航认证流程。2025年，低空领域热度不减。4月7日，中央空管委印发专项措施，重点围绕健全低空管理体系、优化空域资源配置、提升运行服务质效、夯实基础支撑能力、强化依法管空用空等方面，向全国空管系统部署加强低空空管工作。,中国战略新兴产业,2025/6/1,特色期刊,,2
低空,让低空出行惠及每个人,闵俊杰,<正>引言近年来，低空出行频繁闯入大众视野，从概念提出到政策推动，再到产业布局，低空经济飞速革新交通格局，成为经济新兴增长点。沃飞长空凭借独特的产业视角与创新实践，成为低空经济领域的重要参与者，致力于让低空出行惠及每一个人。自“低空经济”的概念在《国家综合立体交通网规划纲要》中首次提出，辅以无人驾驶技术、新能源技术以及通信技术的飞速发展，低空行业在短短几年间发展迅猛，今年开年更是迎来诸多利好信号。2025年3月，《提振消费专项行动方案》提出，要加快完善低空经济监管体系，有序发展低空旅游、航空运动、消费级无人机等低空消费。当前，多项创新成果接连涌现，低空经济生态与产业链多方协同发力，积极推动产品飞上蓝天、惠及大众。,机器人产业,2025/5/25,期刊,,13
低空,智慧低空让城市建设更“立体”,田泽昊;张咪乐,<正>随着城市发展和人口增多，智慧城市建设成为推动经济转型、提升治理水平的关键。智慧城市借助物联网、云计算等技术，实现对城市运行管理的智能化、精细化。低空经济作为新兴经济形态，依托低空空间资源开展多元经济活动，为智慧城市建设增添新动能。在低空经济与智慧城市的协同实践中，可通过优化技术应用、培育低空经济创新人才、改善生态环境、完善法律制度等，充分挖掘低空经济对智慧城市的赋能作用，推动城市实现智慧化转型。2021年2月，低空经济写入《国家综合立体交通网规划纲要》。2023年底举行的中央经济工作会议提出“打造低空经济等若干战略性新兴产业”。,中国商人,2025/5/23,特色期刊,,1
低空,韩国低空安全管理的技术创新与法治平衡,熊安邦;胡城玮,<正>2025年4月，在首尔汉江的上空绽开了一场充满科技元素的艺术盛宴，2000架无人机编队精准飞行，在夜空当中勾勒出了各式精彩的图案。这场突破性表演不仅创造了新的世界纪录，更成为透视韩国低空经济发展成就的窗口。当全球低空经济竞争日趋白热化之际，作为全球首批将低空产业列入国家战略新兴产业目录的国家之一，韩国凭借完备的低空法律保障体系，在无人机保有量突破150万台大关的同时，成功实现了空域事故率连续三年持续下降的治理效果。,现代世界警察,2025/5/15,期刊,,114
低空,扩大低空赛事“流量” 转为城市发展“增量”,孙亚玲;黄文杰;乔津晶;杨燚锋,<正>2024年是低空经济元年，2025年是低空经济深化之年，作为重要应用场景，低空旅游日益成为旅游消费热点。2024年，重庆第八届青少年无人机大赛吸引6.72万人参赛，无锡全国青少年航模总决赛带动夜间文旅消费过亿元，湖北荆门圣境山滑翔伞世界杯总决赛及“十一”黄金周期间创收2.31亿元。低空赛事正从“小众竞技”迈向“大众狂欢”，其热度背后是政策红利释放、技术迭代加速、消费需求升级的综合效应。“一日参赛多日停留、一人参赛多人消费”，将低空赛事与文旅结合，可以有效提升宁波吸引力，延长游客停留时间。宁波亟需丰富配套供给，提升低空赛事能级，培育文旅消费新场景，推动低空赛事“流量”成为文旅经济“增量”。,宁波经济(财经视点),2025/5/10,期刊,,37
低空,低空经济：管得住安全 放得开发展,本刊编辑部,<正>2024年是低空经济发展的“元年”，这一年，《政府工作报告》首次将低空经济列为新增长引擎。进入2025年，低空经济发展重心由“积极培育”转变为“培育壮大”，不仅成为我国技术创新的竞技场，更是国家战略布局的重要领域。这片“城市上空的蓝海”乘势启航。据中国民航局预测，2035年，我国低空经济市场规模有望攀升至3.5万亿元。作为以低空飞行活动为核心的新质生产力，低空经济以有人或无人驾驶飞行、低空智联网等技术为支撑，与空域、市场等要素相互作用，带动低空基础设施、低空飞行器制造、低空运营服务和低空飞行保障等发展。当前，无人机、电动垂直起降飞行器（eVTOL）、直升机等多样化航空器已深度渗透工业巡检、物流运输、应急救援等场景，其带来的生产效率革新正引发产业变革浪潮。,劳动保护,2025/5/1,期刊,,24
低空,震有科技：受益出海业务增长 低空低轨布局推进,王柄根,<正>《动态》：震有科技（688418）发布公告称，公司与刚果民主共和国光纤公司签署了关于“刚果民主共和国国家骨干光纤宽带网络项目”的总包工程框架协议，合同金额为15亿美元。该项目的核心内容是什么，对公司有何影响？孔铭：根据震有科技公告，刚果项目采用总价合同模式，总包预算金额为15亿美元（不含税），包含项目实施所需的全部设备、硬件、软件和相关服务的总工作量定价，超出商定范围的任何工作的价格调整方法由双方达成一致确定。主要建设内容包括骨干网建设及配套设施；接入网建设及配套设施；国际端口局；数据中心/站点/电信中心（TCE）、网络运营中心（NOC）、运营等。,股市动态分析,2025/4/26,期刊,,47
低空,低空行业信息速览,,"<正>中央空管委印发专项措施向全国空管系统部署加强低空空管工作4月8日,中央空管委印发专项措施,向全国空管系统部署加强低空空管工作。为保障通用航空和低空经济高质量发展,中央空管委此次印发的专项措施重点聚焦五大关键领域:健全低空管理体系、优化空域资源配置、提升运行服务质效、夯实基础支撑能力、强化依法管空用空。",中国宽带,2025/4/25,期刊,,30
低空,低空经济：开启我国经济增长新“空”间,王厚芹,<正>我国低空经济发展虽取得一定进展，但在空域管理、基础设施、人才与产业创新等方面仍存在不足。未来应优化空域管理、加强基础设施建设、强化人才培养、提升产业创新能力以及完善安全监管体系，以推动我国低空经济实现快速、健康发展。低空经济作为新兴经济形态，融合了通用航空、无人机应用、低空旅游等多个领域，在促进经济增长、提升公共服务水平、推动科技创新等方面发挥着重要作用。,中国工业和信息化,2025/4/15,期刊,1,343
低空,各地加速布局低空新基建，助力交通驶入三维空间,楚峰,<正>在深圳，智能融合低空系统发布，融合城市级CIM底座与全域智算算力，实现对传统低空管理方式的创新升级。在杭州，“低空巴士”飞驰而过，为市民和游客带来了一种全新的出行方式。在北京，依托雄厚的科技资源与政策创新优势，形成了“多点布局、协同联动”的低空产业生态，推动低空经济从技术研发到场景落地的全链条聚合。,交通建设与管理,2025/4/15,期刊,,18
低空,低空交通技术赋能基础设施“智慧体检”,汪瑒,<正>在长江经济带重要节点，一座座跨江大桥如钢铁巨龙横卧天堑。这些承载着千万车流的“国之重器”，正经历着一场静悄悄的数字化革命。南京韦博智控科技有限公司（以下简称“韦博智控”）董事长王峰近日在接受《交通建设与管理》记者采访时，将无人机巡检技术比作给桥梁做“智慧体检”：“就像通过CT扫描实现精准诊断，我们的云雀平台正在为交通基础设施建立全生命周期的数字健康档案。”,交通建设与管理,2025/4/15,期刊,,16
低空,云圣智能：革新硬核科技，深耕低空新基建,楚峰,<正>一盏宝莲灯的莲花花瓣徐徐绽放，包裹在内的无人机缓缓飞出开始执行任务——这不是神话幻想，而是北京云圣智能科技有限责任公司（以下简称“云圣智能”）“圣·宝莲灯”全自主无人机巡检系统的日常作业场景。,交通建设与管理,2025/4/15,期刊,,3
低空,逐鹿低空 这是一件“天大”的事,陈楠枰,<正>当无人机群舞编织出绚丽的城市天幕，电动飞行器以旋翼疾转之势划破通勤困局，人类经济活动正突破地表束缚，向着低空疆域加速升维。在这场重构三维经济生态的全球竞逐中，中国以系统性政策创新，率先打开了空域价值释放的闸门，不仅重塑着空域治理范式，更催化出万亿级市场的指数级裂变。,交通建设与管理,2025/4/15,期刊,,1
低空,低空新基建 交通驶入三维空间,王宇;陈楠枰;祁娟;汪瑒;楚峰,<正>低空经济作为国家战略性新兴产业，其战略部署正通过政策体系构建、基础设施完善、技术标准制定和空域管理改革多维度推进。在交通运输行业，低空经济应用也正迅速落地并展现出巨大潜力。在偏远山区、海岛、医疗急救和即时零售领域，无人机配送正成为解决“最后一公里”瓶颈的又一优选方案；电动垂直起降飞行器正从概念走向现实，旨在构建城市内或城际间的“空中出租车”网络，有望极大缓解地面交通拥堵，提供点对点快速通勤服务；,交通建设与管理,2025/4/15,期刊,,16
低空,武汉批复24条低空试点航线,林楠,<正>3月18日，由武汉市经信局、武汉城建集团等主办的低空经济新品发布会上，武汉市交通运输局公布，武汉已批复24条低空试点航线，其中载人航线8条、无人机航线16条，主要以短途运输、空中游览、物流运输等作业类型为主。短途运输方面，包括汉南机场—十堰武当山机场、汉南机场—老沙市机场等航线；空中游览方面，包括南岸嘴—建港、青山江滩—中山路等航线；物流运输方面，包括武商MALL—武商梦时代、汉口北低空港-武汉客厅等航线。,支点,2025/4/15,特色期刊,,10
低空,低空经济发展：特征、经验借鉴与路径,陈江;张晴云;李静,<正>本文通过深入分析低空经济的内涵特征，借鉴国际发展经验，探讨适合我国国情的发展路径，为促进低空经济高质量发展提供理论支撑和实践指导。随着科技进步和经济社会发展，低空空域作为重要的战略资源，其开发利用日益受到各国重视。低空经济作为一种新兴经济形态，正在成为推动经济增长、促进产业升级的重要力量。2021年“低空经济”概念首次被写入我国国家规划。2023年中央经济工作会议将“低空经济确定为战略性新兴产业”。在党中央、国务院的决策部署下，低空经济正逐渐成为扩大内需、促进就业推动产业转型升级和国民经济发展的重要引擎。,当代金融家,2025/4/10,期刊,,133
低空,低空安全技术创新发展赋能场景新应用,,<正>回顾2024年，低空经济在政策环境优化、市场需求增长、技术创新突破及产业生态壮大的多重助力下，从概念走向现实，从“空中飞”走向“落地用”，迎来快速发展。据研究报告预测，2025年中国低空经济市场规模将达1.5万亿元，到2035年有望达到3.5万亿元。低空经济的发展不仅提升了社会效率，还为相关产业开辟了新增长点，注入了新活力。,中国安防,2025/4/1,期刊,,92
低空,深圳：织密低空航线打造“天空之城”,罗云鹏,"<正>深圳市无人机行业协会会长杨金才介绍,全国90%的消费级无人机和60%的工业级无人机在深圳生产。近日的一个午后,深圳人才公园游客渐多,在湖畔一处无人机空投柜上,不时有外卖无人机降落。“等待时间差不多10分钟,咖啡还是热的。”在深圳工作的加拿大人阿米莉亚说,“这真是让人兴奋的体验!”令阿米莉亚感到兴奋的无人机外卖服务,得益于深圳正在培育的低空经济产业。目前,深圳低空经济应用场景覆盖载人飞行、物流运输、社区配送及城市治理服务四大领域。",商业文化,2025/3/25,期刊,,223
低空,从低空到太空 成都如何“飞”得更稳更快？,,<正>一座城市高质量发展，发展新质生产力最需要的是什么？创新驱动与科技赋能，培育未来产业是关键举措之一。成都从容地打出了一张“未来产业牌”——总投资额超500亿元的47个低空经济和商业航天产业集群重大项目签约亮相，推动成都低空经济与商业航天产业迈入集群化发展新阶段。,先锋,2025/3/15,期刊,,24
低空,低空物流：翱翔与逐梦,徐翔,<正>2024年低空物流持续蓬勃发展与突破2024年，低空物流市场在政策、技术与市场需求的多重推动下，呈现出蓬勃发展的态势。从政策层面来看，2024年国家对低空物流的支持力度持续加大。“低空经济”首次写进政府工作报告，工信部等四部门印发《通用航空装备创新应用实施方案(2024-2030年)》，推进低空经济应用场景培育落地，12月27日，国家发展改革委低空经济发展司正式亮相。技术创新方面，无人机、电动垂直起降飞行器（e VTOL）、飞控系统及多网融合技术等取得显著突破。这些技术进步使得低空飞行器的性能不断提升，为低空物流的高效、安全运行提供了保障。,中国储运,2025/3/1,期刊,1,90
低空,山河星航：潜心廿载 “低空”高飞,胡雅南;张米,<正>在湖南株洲的一片工业园区内，山河星航的厂房并不起眼。没有高耸的办公楼，也没有华丽的展厅，这里却诞生了中国首款自主设计、制造的轻型运动飞机，以及全球领先的超高层建筑灭火救援设备——系留无人机消防车系统。成立20余年，这家民营企业一直在低空经济领域默默耕耘。,新湘评论,2025/3/1,期刊,,10
低空,低空经济 万亿新赛道,,<正>低空经济，依托低空空域，以各种有人和无人驾驶航空器的低空飞行活动为牵引的新兴经济形态，逐步成为全球关注的焦点。不仅有望重塑中国未来的交通与产业格局，还将在多个领域开辟出巨大的商业空间，为资本市场的投资者带来前所未有的投资机遇。,财富时代,2025/2/25,期刊,,33
低空,低空经济，升维逆袭带来的新思维,王玮,<正>低空经济已成为2025年各地两会上的热门话题，这一新兴的经济形态正逐步成为国民经济的新增长点。有人形象地描述道：“以低空空域为舞台，各种有人驾驶和无人驾驶的航空器在这里翩翩起舞，从而带动一系列相关产业的繁荣发展。”实际上，低空经济的真正意义不仅是为经济增长注入新的活力，更是一种从二维到三维转变的全新的经济发展方式。,财富时代,2025/2/25,期刊,,29
低空,低空经济：中国新经济蓝天的崛起与投资机会,吴其伦,<正>在当今科技日新月异的时代，新兴经济形态如雨后春笋般涌现，其中低空经济以其独特魅力和无限潜力，正逐步成为全球关注的焦点。2024年被业界公认为中国的“低空经济元年”，标志着低空经济在中国正式步入快速发展的新阶段。低空经济，这一依托低空空域，以各种有人和无人驾驶航空器的低空飞行活动为牵引的新兴经济形态，不仅有望重塑中国未来的交通与产业格局，还将在多个领域开辟出巨大的商业空间，为资本市场的投资者带来前所未有的投资机遇。,财富时代,2025/2/25,期刊,1,121
低空,低空大模型来了！——长春发布国内首个低空行业大模型“紫东长空”,,<正>关于“紫东长空”“紫东长空”大模型在复杂问题推理上具有优势，其数据认知与分析能力，可帮助政府部门及企业进行决策。通过联网将无人机、摄像头、传感器等硬件设备或者平台软件与大模型进行链接，即可实现对净月高新区（总面积478.8 km2）整片区域进行不间断、全方位的场景监测、数据分析甚至决策调度。,中国宽带,2025/2/25,期刊,,41
低空,向“低空”寻未来,本刊综合,"<正>出行,除了乘坐高铁、飞机,还可以搭乘“空中巴士”;物流,除了陆地运输,也可进行“空投”;农业,除了各种机械辅助,播种、施肥、喷洒农药等都可交给无人机……这些场景,都是当下中国低空经济发展的缩影。低空作为宝贵的自然资源,是国家及地区竞争的新领域,也是经济、文化活动的重要空间。低空经济是以民用有人或无人驾驶航空器为主,以载人、载货等低空飞行活动为牵引,辐射带动相关领域融合发展的综合性经济形态。",发明与创新(下旬刊),2025/2/17,特色期刊,1,42
低空,3年内产值力争200亿元 荆门低空产业蓄势起飞,郑玮,<正>荆门如何借助先机，“飞”得更高？农历新年伊始，荆门爱飞客航空小镇上的天空格外热闹，一架架飞机呼啸而过，他们有的在进行航空教学，有的在适航取证飞行，碧空中，一道道亮白色身影吸引了行人的目光。500米之外，宏图大道旁的晨龙飞机也吸引了国际客户的目光。“去年底，尼日利亚Kehinde Adeniyi约鲁巴王子签署了10架晨龙天使飞机采购合同及未来4年内100架飞机意向采购合同。”晨龙飞机（荆门）有限公司董事长梁定璿笑着说。,支点,2025/2/15,特色期刊,,4
低空,低空经济蓝海：通用航空产业的未来图景,王丽静,<正>低空经济是指依托低空空域资源、航空器、低空飞行保障与低空服务所形成的一系列经济形态的总称。通用航空则是低空经济的重要组成部分，涵盖了除公共航空运输以外的民用航空活动。近年来，随着技术的不断进步和市场的不断扩大，通用航空产业已成为低空经济中最具活力的领域之一。,云端,2025/2/11,特色期刊,,14
低空,低空经济，直抵发展“新境界”,申佳平,<正>“空中快递”运送血样，开辟快速生命通道；“空中哨兵”实时监测，守护一方绿水青山；“空中卫士”识别隐患，全力护航万家灯火……当前，在5G通信、人工智能等技术赋能下，低空经济发展为老百姓不断“解锁”出丰富的应用场景。“空中快递”运送血样“嗡……”随着无人机缓缓降落，护士通过扫码，便快速地从专门的配送站内取出了血液检测样本箱。“有了它，在道路等急救场景中，血液标本能比病人先一步到医院做检查。”浙江大学医学院附属第二医院副院长张茂指着身后的5G急救车满眼自豪地说。,今日科技,2025/1/18,期刊,,35
低空,低空经济 振翅高飞,祝华,"<正>在2024年11月中旬举行的第十五届珠海航展上,“祥云” AS700、“鲲龙” AG600M、晨龙天使等航空器纷纷亮相。AS700载人飞艇签订10架购艇订单,AG600M飞机签署6架购/租合作协议。“荆门造”航空器何以热销?这背后是荆门低空经济的蓬勃发展。近年来,荆门市锚定建设全国低空经济产业示范基地,抢抓新赛道,形成以特飞所为龙头、一批通航企业为支撑,以浮空器、水面飞行器、水陆两栖飞机、轻型运动飞机研发制造为基础,以应急救援、试验试飞、低空观光、高空跳伞、飞行培训为特色的全产业链发展格局。",支点,2024/12/31,特色期刊,,5
低空,“低空+农业”助推农业“起飞”,,"<正>2024年,全国两会“低空经济”被首次写入政府工作报告,党的二十届三中全会明确提出要“发展通用航空和低空经济”,低空经济产业迎来了前所未有的发展机遇,全国各省陆续出台文件促进低空经济发展。2024年6月4日,《四川省人民政府办公厅关于促进低空经济的指导意见》发布,提出“开通通航短途运输服务,发展无人机物流配送,扩大低空公共服务范围等。其中包括扩大低空农林作业应用,基本实现主要林(牧)区航空护林(草),提高农业航空作业精细化、智能化水平”。",四川农业与农机,2024/12/15,期刊,2,369
低空,低空，要高飞,林祥玉,<正>乌镇峰会，人工智能，风头无两；低空经济，大放异彩。何谓低空经济，低空又是如何产生经济？低空经济特指在3000米以下，特别是1000米以下空域内，以有人驾驶和无人驾驶航空器的低空飞行活动为牵引，辐射多领域的综合性经济形态。简而化之，头顶上的星空与脚下厚重的土地，这中间的空域地带，便是关于低空经济的想象空间。有人曾将此做出比喻：要想富先修路；低空经济就是“向天空要GDP的天路”。,信息化建设,2024/12/15,期刊,,8
低空,18条低空航线竞逐江城蓝天,李源;黄磊;武交宣,<正>武汉定下目标：到2030年，武汉低空经济产业规模突破千亿元，进入国内低空经济综合实力第一方阵。“99元活动价的票订光了，399元的正价票也一票难求！”11月13日，楚天通航公众号显示，近期，往返“武汉—十堰”“武汉—荆州”的“空中巴士”客票全部售罄。航线运营方客服人员介绍，Kodiak100（大棕熊）机型一次仅能载客6到7人，自10月15日开通以来，客票销售持续火爆。,支点,2024/12/15,特色期刊,,5
低空,330 我国将打造全球最大规模低空通信网,,<正>数据显示：我国5G基站总数已达404.2万个，除了5G成熟应用的规模化复制外，在各类新应用场景的探索过程中，低空经济也成为业界发力的一大重点。专家介绍，低空应用场景需要将地面的网络信号向上覆盖到数百米的高度，目前国内已有330余个城市启动最新的5G-A网络部署，将打造形成一张全球最大规模的低空通信网。,智能建筑与智慧城市,2024/11/20,期刊,,260
低空,低空经济“出圈”，又一次“大基建时代”来临,马涛,<正>产业变革，最终都要回归本质。有产业，一定要有匹配产业的监管服务数字化平台，一定会产生各种各样的数据，而数据的产生、存储和取用，也一定得有存储介质，低空产业亦是如此。规划低空产业的数字存储底座，一定要明晰数据从哪来、怎么存、怎么用，需要什么特性支持。截至目前，全国超过26个省份的政府工作报告对发展低空经济作出重要部署，可能很多人心中都有这样的疑问，为什么低空经济会率先“出圈”？,现代商业银行,2024/11/10,期刊,,88
低空,聚焦“低空蓝海” 踏好“腾飞”前的每一步,谢家兴,<正>9月14日晚，首届长江文化艺术季在武汉盛大开幕，数千架无人机“点亮”长江，以天为幕，将长江流域十三省、自治区、直辖市地标一一“绘”出。随着无人机相关的软硬件技术不断进步，层出不穷的无人机应用场景正持续拓宽着人们关于“低空+”这一生活方式的想象。同样值得关注的是，今年7月，湖南省洞庭湖防汛护堤一线，无人机定时出没于各条“防线”。无人机巡检系统在巡堤工作中“大显神威”，有效保障了钱团间堤一线排涝抢险工作的顺利进行。,湖北应急管理,2024/10/5,期刊,,71
低空,低空经济视野下思想政治教育的新使命与新策略,宋秋露;陈春花;刘阳,<正>一、引言（一）研究背景1.近年来，低空经济在全球范围内崭露头角，展现出蓬勃的发展活力。伴随技术的持续突破以及政策的逐步松绑，低空领域的商业运作愈发活跃，涵盖了通用航空、低空物流、低空旅游等诸多方面。2.低空经济的异军突起，不仅为经济增长注入崭新动能，还对交通、物流、旅游等传统产业引发深刻变革。然而，其高歌猛进的发展态势也伴生了一系列新的难题与挑战，例如安全隐患、市场失范、环境影响等。,人生与伴侣,2024/9/15,特色期刊,,30
低空,低空经济风口来了 宁波如何“振翅高飞”,徐欣;李佩佳;杨绪忠,<正>前言：今年以来，低空经济突然火了，这一关键词不仅出现在多地的政府工作报告中，也进入了公众视野。在繁忙的都市和广袤的乡村，天空将变得越来越“忙碌”。各式各样的航空器，承担着物流运输、文旅观光、植保巡检、消防救援等多种任务，推动低空经济从蓄势“起飞”到加速“腾飞”。越来越多的信号表明，这一领域将快速形成万亿级产业市场。根据中国民航局发布的数据，2023年，中国低空经济规模已超过5000亿元，2030年有望达到2万亿元。,宁波经济(财经视点),2024/9/10,期刊,,196
低空,抢占低空赛道，杭州如何“腾飞”？,本刊评论员,<正>在2024年全国两会上，“低空经济”首次被写入政府工作报告。广袤空域，蕴藏无限发展机遇。全国各大城市纷纷在低空经济领域谋篇布局，这不仅是一场翱翔天空的“竞速赛”，更是一座城市高质量发展的“新质”引擎。作为民航局首批民用无人驾驶航空试验基地（试验区），也是国内最早进行无人机城市场景商业运行探索的城市，抢占低空赛道，杭州如何“腾飞”？,杭州,2024/8/30,期刊,,64
应用场景,农业低空经济应用场景拓展与技术动态,林恒毅;麦煜炬;施琳琳;陈恒旭;罗明达,农业低空经济作为一种新兴经济形态，驱动传统农业产业体系变革。农用无人机是农业低空经济的核心载体，已在提升农业生产效率、促进绿色发展与保障粮食安全等方面发挥重要的作用。系统梳理农用无人机在遥感测绘、植保施药、农资播撒等场景的应用现状，延伸讨论其在巡检监测、灾害应对、生态修复、饵料投放、授粉制种、采摘修剪、载重运输等场景的拓展应用。在此基础上，通过对农业低空技术体系的能源、通信、环境感知、决策控制等关键共性技术剖析，归纳技术应用局限性，并展望技术发展趋势。,中国农机化学报,2025/9/1,期刊,,53
应用场景,农业低空经济应用场景及产业发展的现状与趋势,何勇;戴馥霜;朱姜蓬;何立文;王月影,[目的/意义]农业低空经济是在低空空域管理机制不断完善与智能技术持续突破的背景下快速发展的新兴领域，正逐步融入农业农村现代化的各个环节。本文系统梳理其发展路径与实践模式，对于推动技术集成与政策设计、加快其在农业各领域的推广应用具有重要意义。[进展]本文基于文献调研和关键词聚类分析方法，系统梳理了农业低空经济在智慧农场、智慧牧场、智慧林业、智慧渔业与智慧乡村5大典型应用场景中的技术路径与实践模式，重点展现了低空经济技术与平台在播种施肥、病虫监测、牲畜巡检、林火预警、环境感知和乡村治理等方面的应用成效与赋能潜力。同时，总结了当前农业低空经济初步形成的以装备制造、飞行作业、配套保障与综合服务为主体的人才与产业体系，涵盖了无人机等装备研发、多类型作业服务、空域调度机制、运维监控系统以及飞手培训与运营管理等关键支撑要素。[结论/展展望望]农业低空经济正处于由单一技术驱动向系统融合、由分散应用向平台化演进的关键阶段。未来应强化政策引导与制度设计，推进核心技术攻关与机制创新，完善基础设施与服务网络，加快构建高效、安全、绿色的农业低空经济体系，服务农业高质量发展与乡村振兴战略的全面实施。,智慧农业(中英文),2025/8/26 14:31,期刊,,249
应用场景,我国低空经济发展现状及应用场景分析,蓝程杰,低空经济作为我国战略性新兴产业，具有显著的创新驱动特征和广阔的发展前景。文章分析了我国低空经济的发展和演变历程，从低空经济的产业布局、产业图谱、国内重点省级相关政策支撑等方面探讨低空经济发展现状，并深入分析了低空经济在物流、旅游、农业、应急等方面的场景应用，展现了低空经济广阔的应用前景和市场潜力，同时指出其发展仍面临空域管理、技术标准、安全保障等多重挑战，需要政府、企业和社会各界协同推进。,中国市场,2025/8/8,期刊,,73
应用场景,围绕两大领域 重庆市首批低空经济应用场景清单发布,陈静;李明泽,<正>近日，重庆市发展改革委举办低空经济首批应用场景清单暨常态化低空货运物流航线发布活动，正式发布了首批低空经济应用场景机会清单42项和能力清单40项，重点围绕超大城市现代化治理和低空货运物流两大领域，聚焦低空安全保障、低空赋能城市治理、消防灭火与应急救援、低空巡检与作业、货运物流五大方向，将通过搭建宣传推介平台，加快推动应用场景落地实施，为低空经济发展注入新动能。,新型城镇化,2025/7/5,期刊,,53
应用场景,低空应用场景价值展望,吴权夫,"低空经济赋能千行百业的行为逻辑被称为“低空+”,低空经济所构建的应用场景简称低空应用场景。低空经济通过应用场景发挥作用,不同的应用场景有不同价值。本文论述低空应用场景的内涵、特征和作用,介绍当前典型低空应用场景分类和发展情况,阐述构建低空应用场景的基本条件、实现方法与建设运营等内容,提出低空应用场景价值评估指标和特征。本文以厦门市为例,探讨低空应用场景价值,并提出将低空应用场景建设转化为培育产业发展机会的建议。",厦门科技,2025/6/15,期刊,,78
应用场景,擘画低空版图 拓展应用场景,,<正>2025赛迪论坛低空经济分论坛以“擘画低空版图拓展应用场景”为主题，围绕国家政策、市场趋势、整机制造研发、核心技术突破、应用场景商业模式等重点内容，探讨如何推进低空产业提质扩容和低空经济高质量发展。赛迪研究院总工程师秦海林，工业和信息化部装备工业发展中心副主任、低空产业联盟秘书长刘法旺出席论坛并致辞。秦海林表示，低空经济正在从“概念热”迈向“发展实”，成为推动新质生产力的重要方向。这是一个跨越多个产业链、融合多领域创新的全新赛道，也是我们面向未来布局高端制造与智能服务的重要窗口。,软件和集成电路,2025/6/15,期刊,,35
应用场景,低空经济背景下高速公路无人机的应用价值与应用场景,耿瑶,低空经济与高速公路的深度融合，正催生交通基础设施的革新浪潮。首先，系统阐明政策红利释放、公路痛点与技术成熟共同构成驱动力，推动低空经济将高速公路视为核心试验场。其次，从经济层面、社会层面和管理层面三个维度揭示了无人机重构路网价值的底层逻辑。再次，从智能巡检、应急指挥、施工监管、信息服务、资源调度等五个方面详细讨论了高速公路无人机的全链条应用场景，描述了“空天地”协同的立体化服务网络。最后，从空域资源动态化交易平台、车路空一体化协同决策系统、分布式能源自组织网络、数字孪生资产跨境流通等四个方面对低空经济背景下高速公路无人机的应用前景进行了展望，推动高速公路从物理通道向数字生态平台转型，为区域经济高质量发展注入新动能。,河北企业,2025/6/10,期刊,,361
应用场景,产业观察：探索多元应用场景打造低空经济“湾区样本”,何静怡;张孟月,<正>粤港澳大湾区低空经济产业带蓬勃发展，以亿航智能、丰翼科技、峰飞航空等为代表的头部企业持续推动技术迭代与应用创新，加速拓展多元应用场景，致力于构建“空天地一体化”的多层次生态体系，打造全球领先的低空经济发展高地。从无人机农业植保到无人机快递，再到坐直升机“兜风”、打“飞的”通勤……作为新质生产力的典型代表，低空经济正加速崛起，在物流配送、应急救援、城市治理与巡检等多个领域形成多维突破，为我国经济高质量发展注入强劲动能。继2024年《政府工作报告》首次将低空经济列为“新增长引擎”后，2025年《政府工作报告》进一步明确提出“推动商业航天、低空经济等新兴产业安全健康发展”。,科技与金融,2025/6/9,期刊,,9
应用场景,飞入“浙”里寻常百姓家：低空经济应用场景图鉴,本刊综合,<正>2024年以来，低空经济乘风而起，并以蓬勃之势发展。构建支持低空经济发展生态的关键，在于拓展应用场景，让普通人对低空经济更有“实感”。为了抢抓“飞起来”的机遇，浙江各地“落地用”场景正加速打开。随着低空经济场景应用的不断开拓和愈发成熟，我们头顶上的天空将会“越来越繁忙”。低空经济带来的便利，加速飞入寻常百姓家……从“City Walk”到“City Fly”秀美西湖、多彩夜景、杭州风光，如今可以换个视角大饱眼福。杭州的跨年夜，可以乘坐直升机俯瞰钱塘江两岸璀璨夜景——15分钟的夜航游线，覆盖了上城区19千米的黄金江岸线，从钱江新城的摩天大楼到钱塘江大桥、六和塔等历史建筑，城市地标一览无遗。,今日科技,2025/4/22,期刊,,149
应用场景,5G基站勘测及维保纳入低空经济应用场景研究,李琛;贾洪潮;王其;张传雄;曹志强,本文以实现5G无线网络运维降本节能为目标，探讨了5G基站勘测及维保纳入低空经济应用场景的可行性及必要性，提出了一种基于绿色光伏能源补能的无人机勘测及维保新方案，测算了基于新方案对于节能降碳方面的贡献度，目的是减少人力投入，自动化、智能化实现基站勘测维保工作。同时对我国低空经济政策导向进行了研读，为无线通信行业在低空经济应用场景多元化培育提供切入点。,电信工程技术与标准化,2025/4/15,期刊,,152
应用场景,超特大城市低空经济政策文本特征及对应用场景创新的启示,邵鹏;朱奕霏,低空经济是新质生产力的典型代表，政策是推动低空经济发展的重要指引。通过收集超特大城市低空经济发展相关政策，构建共词网络对关键节点及其关系进行分析，建立“政策工具-政策目标”分析框架对低空经济政策文本进行分析。研究发现：低空经济政策文本重点关注建设、低空、创新、发展、产业、应用等关键词，且这些关键词之间的连接权重较高；供给型和需求型政策工具数量相当，环境型政策工具数量相对较低；场景经济化的政策编码较多，要素场景化的编码较少；低空要素化和场景经济化以供给型政策工具为主，要素场景化以需求型政策工具为主。在文本分析的基础上，结合低空经济发展实际情况，对低空经济应用场景创新提供了启示。,西安航空学院学报,2025/3/20,期刊,,98
应用场景,人工智能赋能低空经济发展：多维表征、应用场景与支撑体系——基于广东省、江苏省的政策文本分析,王世泰;谭冲,伴随着低空经济的迅猛发展，人工智能技术的广泛融入与应用已成为推动低空经济发展的重要驱动力。基于广东省、江苏省的政策文本分析，人工智能赋能低空经济已初步呈现“核心驱动、节点支撑、区域联动”的发展形态，产业跨域融合持续深化，产业链条多维延展，技术跃迁驱动产业创新发展，龙头企业引领低空产业集聚，城市特色化赋能区域产业空间重构。广东、江苏两省从政策上为打造低空智慧物流应用、低空公共服务场景、低空文体旅游、低空特色应用新场景以及培育低空新兴消费业态等“低空经济+”多种应用场景提供保障。未来还需建立完善法规标准体系，强化检验检测和适航审定能力，构建低空安全监管体系，培育低空经济发展所需人才，强化金融服务支撑等，从而为保障人工智能赋能低空经济发展提供全方位的支撑体系。,改革与战略,2025/3/18,期刊,,140
应用场景,粤港澳大湾区低空经济发展应用场景创新体系研究,谢宝剑,低空经济作为我国重点发展的未来产业，是推动经济发展与技术突破的新型动力源。以挖掘现实需求和潜在需求为核心的应用场景创新，已经成为低空经济发展的重要驱动力。粤港澳大湾区作为低空经济发展的前沿阵地，已经形成低空经济与公共管理、物流运输、交通出行、文旅传媒、农业等领域相融合的多元化应用场景，并成为构建低空经济场景创新体系的战略高地。面对政策法规碎片化与跨区域协调不足、应用场景创新与产业基础协同性不强、技术成本与基础设施短板制约应用场景深化、空域资源释放与监管能力不匹配等困境，构建粤港澳大湾区低空经济场景创新体系需要重点从以下方面突破：加强基础设施建设，提升低空经济服务能力；强化技术研发与市场化应用融合；完善政策框架与监管体系。,改革与战略,2025/3/18,期刊,,137
应用场景,低空经济在城市综合治理应用场景的研究与实践,梁群,低空经济融合了无人机、地理信息、通信网、人工智能及大数据等多种技术，它不仅是发展新质生产力的典型代表，更是政府职能转型和服务型政府建设的重要标志。基于低空城市综合治理平台在某县级城市中的实践，构建“1+1+1+N”的服务体系，满足交通、环保、住建、应急等多场景的应用需求，提出涵盖通信网络、飞行器研制、AI识别及数据治理等方面关键技术研究，为构建立体化城市综合治理体系提供了智能化、自动化的解决方案，助力构建更安全、更有序、更智慧、更高效的新型现代化城市。,湖南邮电职业技术学院学报,2025/3/15,期刊,1,167
应用场景,5G-A发展重点及变现路径,黄明韩;刘林,<正>0背景5G-A，即5G-Advanced，是5G技术的演进和增强版本，其设计宗旨在于满足未来更加多样化和高标准的通信需求。尽管5G技术已经能够提供比4G更高的速率、更低的时延以及更广泛的连接，但随着人工智能、虚拟现实等新技术下新兴应用的不断涌现，5G的某些能力已无法完全满足这些应用的需求。随着5G商用的深入，5G-A作为通信行业的热点，正逐步成为全球信息通信技术研究和产业发展的新焦点。1研究意义5G-A的发展及变现路径研究对于推动技术进步、促进产业发展和提升社会数字化、智慧化水平具有重要意义。5G-A技术凭借其高速率、低延迟、大连接等优势，正在为千行百业带来深刻的变革。它不仅提高了各行业的运营效率和服务质量，还为新兴应用场景的发展提供了技术支持，5G-A网络大幅提升网络性能、丰富应用场景和推动低空经济发展，5G-A将直接带动新型信息产品和服务消费，赋能传统产业优化升级，并提高产业信息化水平，推动了社会的数字化转型和智能化升级。随着5G-A技术的不断成熟和普及，其在赋能千行百业方面的潜力将得到进一步释放，为经济社会发展注入新的活力。,中国科技信息,2025/3/1,期刊,1,257
应用场景,基于应用场景的浦东新区低空载人航空器起降点布局研究,张弛,围绕相关低空概念以及不同类别低空载人航空器特性，通过分析国内外相关经验，深入探究浦东新区低空发展现状；同时，依据浦东新区特点和发展需求，考虑应用场景，并基于多维度应用场景提出航空器起降点的布局规划，以保障低空载人航空器安全高效运行。研究结果可为浦东新区低空载人航空器起降点布局提供具有针对性和可操作性的思路，这对促进浦东新区低空领域发展、完善相关基础设施规划具有重要意义，同时也可为其他类似地区的低空起降点布局规划提供了参考。,交通与运输,2025/1/25,期刊,,427
应用场景,以应用场景创新推动低空经济发展,张譞莉,在科学技术不断进步、市场需求多元化的背景下，低空经济逐步成为拉动全球经济发展的新引擎。低空经济是指以无人机、飞行器等为主要媒介，涉及低空空域内物流运输、空中出行、农业、环境监测和应急救援等诸多领域的一种经济行为。近年来，在无人机技术，空中交通管理系统及相关基础设施建设等方面逐渐完善的背景下，低空经济迎来了爆炸式发展。,市场周刊,2025/1/21,期刊,2,272
应用场景,“低空+”应用场景落地，助低空经济起飞,,"<正>在2024年全国两会上，低空经济作为“新增长引擎”被写入《政府工作报告》。低空经济到底是什么？它是一种新兴的经济形态，主要依托于低空空域（通常指垂直高度1000米以下，根据不同地区特点和实际需要可延伸至3000米以内的空域）进行各种有人驾驶和无人驾驶航空器的飞行活动。这种经济形态涵盖了从飞行器的研发制造、低空飞行基础设施建设运营到飞行服务保障等多方面的产业。截至目前，已有20余个省市自治区将低空经济纳入政府工作议程，上海、海南和湖南等地已发布具体政策文件，助力低空经济的快速发展。数据显示，2023年我国低空经济规模超5000亿元，增速超过33%,2030年有望达到2万亿元。",现代商业银行,2024/12/15,期刊,,291
应用场景,以应用场景创新推动低空经济发展,李晓华,<正>2023年中央经济工作会议和2024年政府工作报告都提出打造低空经济这一新兴产业和新增长引擎。低空经济的发展受到广泛关注，一大批省、市级地方政府将低空经济写入政府工作报告，多个城市发布支持低空经济发展的专项政策。低空经济是在低空空域范围内，以低空飞行为牵引的各种经济活动的总和，包括低空飞行器制造、低空飞行服务及相关配套服务。低空经济的发展有利于缓解城市交通拥堵、,中国军转民,2024/12/15,期刊,2,674
应用场景,探索“低空经济+”应用场景,李国栋,<正>低空经济具有辐射面广、产业链条长、成长性和带动性强等特点，是加快形成新质生产力的重要抓手。随着无人机技术的飞速进步、通用航空政策的逐步放开以及低空空域管理改革的深化，低空经济展现出前所未有的活力与潜力。低空经济不仅涉及航空产业的发展，还与物流、农业、旅游、基建、电力、公安、医疗、体育等多个行业相融合，打造“低空经济+”多种应用场景。“低空经济+物流”是低空经济的主要应用场景之一，市场空间广阔。早在10多年前，中国物流行业的领军企业便前瞻性地对低空物流领域进行了战略布局，纷纷组建起专业的无人机研发团队，积极投入无人机技术的研发与测试。,中国军转民,2024/12/15,期刊,,1141
应用场景,浅析低空域无线电管理城市应用场景监测能力建设路径,李江浩;宁伟东;李杨瀚清;张石,低空域无线电管理，关乎低空电磁空间安全、飞行秩序以及无线经济发展的方方面面。随着科技的飞速发展，无线电技术日益普及，低空域的无线电通信愈发频繁，其管理与监测工作显得尤为重要。低空域不仅是航空器起降、飞行的关键区域，也是众多无线电信号交织、传输的重要通道。有效的无线电管理能够确保各类无线电业务的正常开展，规避信号干扰和冲突，保障低空飞行安全。,通信管理与技术,2024/12/15,期刊,,37
应用场景,低空经济成为5G-A的重要应用场景,,<正>低空经济在2024年的爆发式增长，与新一代信息通信技术—5G-A的加速商用息息相关。5G-A更高速率、更广连接、更低时延的网络优势，为各类低空飞行器构建了更可靠、更稳定、更安全的通信环境，通感一体技术实现了通信和感知深度融合，实现了对低空无人机各项飞行数据的实时精确感知，5G-A是低空经济加速融入物流、交通、应急、植保、测绘等应用场景的关键技术支撑。低空经济成为5G-A的重要应用场景，主要有以下两方面原因。,中国宽带,2024/9/25,期刊,,62
应用场景,人工智能赋能低空经济：应用场景与未来方向,庄茁,低空经济是指以各种有人驾驶和无人驾驶航空器在海拔3000米以下的各类飞行活动作为牵引，辐射带动相关领域融合发展的新兴经济形态和效益。2024年全国两会期间，“低空经济”被写入政府工作报告。报告提出，“积极培育新兴产业和未来产业”“积极打造生物制造、商业航天、低空经济等新增长引擎”。我们可以通过解析人工智能赋能低空经济、大数据驱动的部分应用场景(智慧城市建设、智慧交通运输、智慧路桥监测、智慧农业农村)，理解低空经济创造的新质生产力，探讨低空经济推进智慧城乡建设和国家经济发展的逻辑与路径。,人民论坛·学术前沿,2024/8/14,期刊,31,4202
应用场景,“解锁”更多应用场景，无人机让生产生活“快”起来,甘皙,<正>作为新质生产力的一个典型代表，低空经济在政策引导和科技进步的双重推动下，正快速崛起成为万亿级的产业新赛道。当下，全国多地抢滩低空经济，打开新质生产力“向上”奔涌的空间。本组报道聚焦无人机、电动垂直起降航空器等产业发展及市场应用，展现低空经济给生产生活带来的变化。5月25日和26日，北京市无人机驾驶员职业技能大赛顺利举行。记者在现场看到，一架架无人机平稳起飞、左右平移，一名名参赛选手全神贯注、熟练操作……大赛是无人机产业蓬勃发展的一个缩影。,大众投资指南,2024/7/20,特色期刊,,16
应用场景,加速拓宽低空经济应用场景,陈斌,<正>从2021年低空经济首次被写入国家规划，到2023年年底中央经济工作会议将低空经济确定为战略性新兴产业，再到今年低空经济首次被写入政府工作报告，低空经济在国家产业布局中的重要性进一步凸显。低空经济产业链长、投资乘数效应大、辐射带动作用强，是推动经济结构优化的重要引擎，是新质生产力的典型代表。抢占低空经济新赛道，广西需把握不同应用场景的特征趋势，重点打造符合我区产业发展的应用场景。,当代广西,2024/7/16,期刊,8,567
应用场景,手机直连低轨卫星的应用场景及业务需求分析,刘悦;田野;赵冬;李彦坤;杨虎啸,"手机直连卫星是低轨（low earth orbiting,LEO）星座系统的重要应用方向之一。概述了手机直连卫星的主要技术路线、应用场景及业务类型；分析了低轨星座的建设成本、承载能力、运营收入；提出了我国手机直连卫星通信的主要应用应以广覆盖、海量连接为主，而卫星大流量宽带上网应用存在商业闭环的风险；最后探讨了结合应用需求的技术发展建议。",电信科学,2024/5/10 14:17,期刊,5,1014
应用场景,我国低空经济阶段特征及应用场景研究,樊一江;李卫波,低空经济概念由我国率先提出，是在传统通用航空经济基础上的进一步拓展延伸，更加突出新技术应用、新需求创造、新消费引导、新供给培育、新生态构建，直接联动现代产业体系建设和组织运行模式创新，是新质生产力与新型生产关系深度融合的典型代表。近年来，我国低空经济快速发展，已由起步发展阶段迈向开辟经济发展“新赛道”的加速升级拓展阶段。中国式现代化建设进程中，应紧紧把握货运物流、载人出行、文旅活动、生产作业、公共服务等不同应用场景特征趋势，以安全可靠为根本宗旨，围绕技术成熟度、需求迫切度、经济效益性和风险可控力等，分类别分区域稳步有序推进低空经济试点化示范化高质量发展。,中国物价,2024/4/15,期刊,54,7862
低空飞行,运营商视角下的低空飞行监管关键问题,宗华;刘牧洲,<正>当前，在政策法规、产业协同与市场创新的共同推动下，我国低空产业呈现迅猛发展的态势。然而，我国低空经济在逐步迈向规模化发展阶段的进程中，暴露出了一些无法回避且短期内难以解决的问题。其中，低空经济规模化发展需借助大量低空飞行应用带动相关经济的持续增长，这便是具有代表性的痛点问题之一。而大量低空飞行应用又需要安全、有序的空域空间开放的支撑。,通信世界,2025/8/10,期刊,,64
低空飞行,探索建设长三角“低空飞行枢纽” 虹桥品汇推进低空运营服务落地,徐笑然,<正>本刊讯 第七届进博会期间，东方国际集团旗下位于虹桥国际中央商务区的虹桥品汇B栋启用，以“向新之路”为主题的未来出行展在这里开幕，不仅涵盖长三角地区几乎所有头部低空经济产业的主机厂商，也是全国首次集齐eVTOL（电动垂直起降飞行器）主流机型的常设展会。立足大虹桥，虹桥品汇不仅要做低空飞行器的展示交易平台，还将探索成为长三角地区的“低空飞行枢纽”。“我们正在充分论证开展低空飞行的起降条件，推进低空运营服务和管理控制中心落地虹桥品汇。”上海虹桥国际进口商品展销公司相关负责人表示。,东方企业文化,2025/6/15,期刊,,35
低空飞行,西南地区低空飞行营地的设计思考,蔡福;邱慧琼;陈思贤,飞行营地在带动低空经济发展和促进地方经济转型升级方面发挥了重要作用。本文以西南地区为研究对象，分析了飞行营地设计中需要考虑的因素，还结合航空运动、休闲娱乐和跨界融合等多种旅游业态，探讨了飞行营地的设计规划思路，并对不同飞行营地的建设标准及适配机型进行了详细梳理。结合具体规划案例可看出，飞行营地可满足不同人群对于航空飞行的需求和体验，有效提升游客体验，推动低空经济的健康发展。,中国战略新兴产业,2025/5/10,特色期刊,,11
低空飞行,低空飞行汽车的“智慧大脑”,蒋丽荣,<正>未来的城市上空，飞行汽车穿梭自如，它们不仅能自动规划最优路线，还能灵活避开障碍物，高效完成载人、送货等任务。这看似科幻的场景，正随着数智技术的发展逐步走向现实。2024年被称为低空经济元年，众多企业纷纷入局，推出多款飞行汽车概念车型和原型机，而数智技术，就是让这些“空中精灵”安全、高效运行的“智慧大脑”。,中国汽车市场,2025/4/20,特色期刊,,1
低空飞行,强化运输航空与低空飞行融合管理的思考,王钧泽,<正>2024年，党中央、国务院作出了发展低空经济的重要战略部署。无人机（UAVs）是低空经济的主要工具，由于强大的工业能力，我国无人机产量全球占比超过70%。相关数据显示，到2024年底，在民航局民用无人驾驶航空器综合管理平台（UOM）登记的合法民用无人机数量达到216万架（约为载客民航飞机的495倍）；2024年无人机计划内飞行小时为2545万小时（约为民航载客飞行小时数的2倍）。,民航管理,2025/4/15,期刊,,47
低空飞行,湖南省发展和改革委员会湖南省财政厅关于印发《湖南省低空飞行运营补贴实施细则》的通知,,<正>湘发改基础规〔2024〕1038号各市州发展改革委、财政局：为贯彻落实省委、省人民政府将低空经济培育成为战略性新兴产业的决策部署，进一步促进湖南省低空经济发展，提高财政资金使用效益，依照经省人民政府同意印发的《关于支持全省低空经济高质量发展的若干政策措施》（湘政办发〔2024〕20号），我们研究制定了《湖南省低空飞行运营补贴实施细则》，现予印发，请遵照执行。,湖南省人民政府公报,2025/4/8,特色期刊,,3
低空飞行,广西无线电管理部门一行赴低空飞行服务站调研,,<正>为服务低空经济创新发展，2025年2月18日，广西壮族自治区工业和信息化厅无线电管理局局长黄列良带队赴广西低空飞行服务站开展专题调研。调研组实地考察了服务站低空飞行监控值班室，重点听取了广西低空飞行服务体系建设进展汇报，详细了解了全区低空起降场建设现状、规划布局及权属管理模式，并就起降场无线电通信技术应用、频谱资源适配等关键技术需求同服务站开展了座谈交流。,中国无线电,2025/3/26,期刊,,27
低空飞行,依托低空飞行监管平台 中电信无人科技打造空域管理标杆,,<正>中电信无人科技有限公司（中国电信集团全资子公司）依托中国电信“天地一体、云网融合”核心优势，推出面向低空的“天地一体低空智联网基座与全场景解决方案”，打造全国首个全栈式低空经济数字基座，实现通信、算力、监管、服务全链路闭环。通过5G-A(3.5GHz/2.1GHz多频协同)与天通卫星网络，该方案可以实现1000米以下空域连续覆盖，满足各类飞行器“超大带宽传输、超低时延控制、超大规模连接”的作业需求，实现低空飞控信息、高清视频、传感数据等实时传输。,通信世界,2025/3/25,期刊,,61
低空飞行,构建低空飞行服务保障体系的策略探析,李善财;孙珂,<正>近年来，低空经济逐渐成为推动区域经济增长的重要引擎，低空空域管理的改革随之深入推进。“十四五”以来，我国低空经济发展规模持续增长，统计数据显示，2023年我国低空经济规模突破5000亿，达到5059.5亿元，预计2026年将突破万亿元（见图1），到“十五五”末低空经济将达到3万亿元至5万亿元；与之同步的是通航及无人机数量的爆炸式增长，根据2025年全国民航工作会议数据，2024年我国全年新增通航企业145家、通用机场26个，无人机实名登记共计268.7万架（见图2），比2023年底增加110.3万架，无人机运营单位总数超过2万家，累计完成无人机飞行2666万小时，同比增长15%。,空运商务,2025/3/15,期刊,,132
低空飞行,湖北低空飞行服务站布局建设思路研究,李汛;赵佳艺;李涛,<正>低空经济是国家战略性新兴产业，是新质生产力的典型代表。建设低空飞行服务保障体系，是保障通航飞行安全，实现通航业快速有序发展的重要途径，是推动地区经济转型升级的必然要求。高质量的低空飞行服务保障体系，不仅有助于促进低空经济相关产业的发展，而且对于提升区域竞争力、保障低空飞行安全、满足社会公共服务需求、推动科技创新和产业升级、增强综合交通体系、避免资源浪费重复建设等方面都具有重要的支撑作用。,民航管理,2025/3/15,期刊,,84
低空飞行,发展与安全并重理念下低空飞行安全的监管规则体系构建,高志宏,发展低空经济已上升到国家战略层面，但其增长新引擎作用远未发挥，过分强调安全成为制约我国低空经济快速发展的重要原因。安全因素影响低空空域开放共享，影响适航审定速度力度，影响低空场景应用拓展。低空安全风险主要包括国家安全、航空安全、公共安全、数据安全等，其不仅增加了传统航空风险类型，而且扩大了传统航空风险范围，加重了传统航空风险后果，属于新型新质风险。航空飞行的高危险性、高致害性特征决定了低空安全风险是客观存在的，低空飞行“低小慢”特点以及安防技术和管理手段的缺乏增加了安全监管难度，而中国传统观念则是过分强调低空安全防范的深层次原因。要从单纯强调安全理念转向发展与安全理念并重，从强监管模式转向弱监管模式，从“一哄而上”监管策略转向循序渐进监管策略，从依赖管理手段转向依靠“技术+伦理+政策+法律”手段。在法治建设层面，低空安全监管要围绕“人”“机”“环”“行”等方面展开，建立健全空域监管规则、航空器监管规则、操控员监管规则、飞行活动监管规则等，在维护低空安全的同时推动低空经济高质量发展。,行政法学研究,2025/3/14 21:20,期刊,7,2733
低空飞行,多地开启“低空飞行模式”,陈雯,<正>今年春节期间，低空飞行、低空旅游引发广泛关注。1月20-22日，湛江-海口“空铁联运”、儋州西庆-湛江吴川航线和海口-湛江低空交旅融合航线相继开通，为旅客的春运出行带来便利，同时也为各大旅游热门点打开新的视角。节庆热潮，一定程度上推动了低空经济活动迈向常态化和规模化的商业运营，也在一个更广泛的层面上改变了我们对传统出行的认知。,中国战略新兴产业,2025/3/1,特色期刊,,20
低空飞行,低空飞行安全气象保障系统探究,梁津;杨泓;钟雪;邢精思,随着“低空经济”的概念写入国家规划，在顶层设计上为低空经济的发展创造有利条件，低空飞行安全气象保障体系成为目前一个重要的研究方向。针对四川地区低空飞行气象服务业务尚属空白、低空飞行气象保障体系不足的问题，本文依托气象局的气象监测网和智能网格预报平台，基于AI大数据分析技术、Webgis技术、精细化数值预报技术，利用海量的气象监测、预报及低空飞行行业相关数据，以“四个基于”为出发点，全方位、多层次、多角度展示天气特征和对低空飞行的影响情况，实现低空飞行区域气象监测数据、预报预警数据、场景影响等数据的高度融合与智能展示，以全面、精细和动态的方式提供气象服务，为低空飞行提供更好的气象保障服务。,中国交通信息化,2024/12/15,期刊,1,538
低空飞行,履行天空管理职责 织就低空飞行天路,丁一波,<正>城市是低空经济发展的先发区域，也是未来低空应用集中的主要场景。随着低空经济的发展，城市管理将在低空这一新维度上全面展开，需要多个行业共同攻关、突破核心技术，推动管理模式变革，构建天空管理能力。,中国工业和信息化,2024/10/15,期刊,,96
低空飞行,低空飞行信息化服务应用及市场前景分析,罗涛,<正>随着科技发展和社会进步，低空经济引发广泛关注。低空经济是以各种有人驾驶和无人驾驶航空器的各类低空飞行活动为牵引，辐射带动相关领域融合发展的综合性经济形态，其核心是通用航空+无人机产业。低空飞行信息化服务应包括通信导航监视、气象、情报、低空运营服务、低空飞行保障等服务领域，实现关键运行信息在低空运行各参与方之间互联互通、及时共享，建立健全国家级、区域级和服务站级综合低空飞行服务保障系统，提供安全、便捷、及时的低空飞行信息服务。作为低空信息化服务的参与方，低空飞行运营商、低空飞行服务提供商、信息基础设施服务提供商、低空飞行监管方等，都在低空经济发展中发挥着重要作用。,空运商务,2024/9/15,期刊,3,225
低空飞行,市政府办公厅关于印发南京市低空飞行服务保障体系建设行动计划(2024—2026年)的通知,,"<正>宁政办发〔2024〕 35号各区人民政府,江北新区管委会,市府各委办局,市各直属单位:经市政府同意,现将《南京市低空飞行服务保障体系建设行动计划(2024—2026年)》印发给你们,请结合实际认真贯彻落实。2024年7月26日南京市低空飞行服务保障体系建设行动计划(2024—2026年)为落实市委、市政府促进低空经济高质量发展的决策部署,提升全市低空飞行管理和服务保障能力,根据民航局《低空飞行服务保障体系建设总体方案》和《南京市促进低空经济高质量发展实施方案(2024—2026年)》,特制定本计划。",南京市人民政府公报,2024/8/28,特色期刊,,35
低空飞行,低空飞行在航空物流领域的机遇和挑战,李芏巍;李峻磊;甘盖凡;薛战雷,随着我国《通用航空装备创新应用实施方案》的发布，低空飞行在航空物流领域的应用迎来了前所未有的发展机遇。文章旨在探讨这一实施方案为低空飞行在航空物流领域带来的机遇与挑战，为低空飞行在航空物流领域的应用提供有力支撑。应加快完善低空空域规划设计，强化空中监督管理，健全低空飞行协调机制，通过政策引导和市场机制，加大行业监管力度，制定统一的行业标准和操作规范，确保飞行安全。同时，用具有特殊优势企业代表作试点示范，有利于推广运用，促进产学研企服用结合，探索智慧航空物流创新和应用，培育新的经济增长点。,供应链管理,2024/8/8,期刊,9,1463
低空飞行,低空飞行服务保障体系建设新内涵及人才培训体系构建思考,管祥民;许东松,<正>低空经济是以通用航空与民用无人驾驶航空器飞行活动为牵引，与新材料、高端制造、人工智能、运营保障等产业融合的一种新型经济形态，是新一轮科技革命和产业变革下新质生产力的重要组成部分。2023年12月中央经济工作会议将低空经济确立为国家战略性新兴产业，2024年两会政府工作报告将“积极打造低空经济等新增长引擎”列入政府工作任务。与此同时，大力服务低空经济发展也被列入2024年民航重点工作，包括优化低空飞行服务保障体系、规范民用无人驾驶航空器安全运行管理、支持发展城市空中交通、推动打造若干低空经济发展示范区等。,民航管理,2024/6/15,期刊,1,327
低空飞行,高质量建设低空飞行服务保障体系,宋志勇,<正>低空经济是全球竞逐的战略新兴产业，是培育和发展新质生产力的重要方向。低空飞行服务保障体系是低空经济发展的基础，必须加快推进低空飞行服务保障体系建设，努力为低空经济发展提供有力支撑。贯彻落实国家低空空域管理改革部署，积极推进低空飞行服务保障体系建设。低空经济以低空空域为依托，以各类飞行活动为牵引，低空空域管理改革和低空开放是低空飞行服务保障体系建设的前提，建设低空飞行服务保障体系是低空空域管理改革的关键任务之一。,大飞机,2024/5/28,期刊,5,617
低空飞行,河北省工信厅颁发低空飞行服务站无线电台执照,本刊讯,<正>本刊讯4月11日，河北省工业和信息化厅组织张家口无线电监督执法局向宇翔盛泰通用航空有限公司颁发了低空飞行服务站无线电台执照，助力张家口市低空经济加速起飞。河北省积极打造低空经济等新增长引擎，省工业和信息化厅组织张家口无线电监督管理局紧盯企业发展需求，发挥无线电频谱资源基础支撑作用，主动服务企业，加速实现从“等审批”向“迎上去”的角色转变。,中国无线电,2024/4/26,期刊,,73
实践路径,低空经济赋能农业新质生产力发展的内在逻辑与实践路径,刘星,低空经济是赋能农业新质生产力发展的重要引擎和推动农业农村现代化转型的关键抓手。作为战略性新兴产业，低空经济具有空间立体性、数字生态性、产业融合性等显著特征。低空经济赋能农业新质生产力蕴含着以技术创新塑造新优势、以要素更新释放新动能、以空间革新开创新领域的内在逻辑。为进一步发挥低空经济对于农业新质生产力发展的赋能作用，就必须以加快培育新型劳动队伍、推动升级新型劳动资料、深挖广拓新型劳动对象为着力点，筑牢和提升农业新质生产力发展的坚实基础和强劲动力。,当代农村财经,2025/8/10,期刊,,190
实践路径,低空消费驱动城市经济发展的实践路径探析,陈柳钦,低空消费是低空经济的重要组成部分，通过空中游览、短途运输、娱乐体验及公共服务等多元场景，赋能城市经济高质量发展。从经济、社会、生态3个维度量化低空消费对城市经济发展的驱动效益，可以看出，低空消费在经济层面能实现产业链协同增值、就业扩张与财政收入增长，在社会层面能提升城市形象竞争力、加速高端人才集聚，在生态层面通过电动飞行器等技术降低碳排放、助推绿色转型。可通过政策引导、技术创新、基础设施建设、市场培育和绿色发展等举措，推动低空消费规模化、规范化，助力城市向智能、高效、可持续转型。,发展研究,2025/7/28,期刊,,22
实践路径,低空经济驱动乡村振兴的运行机理、现实障碍及实践路径探析,宋成乾;陈克娥,低空经济是由低空技术与智能技术为代表的新质生产力催生的综合性经济形态，在金融服务、产业扩展与城乡市场融合等方面的多重驱动下，成为增强乡村经济活力、驱动乡村振兴的新引擎。由此，构建“金融—产业—市场”的分析框架，从多层耦合视角描述“金融—产业—市场”之间的双向耦合关系，以厘清低空经济驱动乡村振兴的运行机理与现实障碍。面对金融“逐利避农”偏好、低空基础设施建设滞后、地理区位劣势等问题，要从壮大“耐心资本”、形塑金融与产业的多元适配机制、完善城乡市场协调机制等方面着力。低空经济作为乡村发展的经济增长点，将其发展动能不断转化为乡村振兴的长效势能，从而实现乡村经济高质量发展和全体人民共同富裕。,当代经济,2025/6/27 14:13,期刊,,755
实践路径,低空经济高质量发展的价值意蕴、内在逻辑与实践路径,沈占胜;崔佳旭,低空经济高质量发展揭示了技术革命与生产关系演进的辩证逻辑。作为空间生产要素的系统性重构，其通过空域资源社会化利用与立体交通体系创新，推动生产力提升与制度供给的协同变革，形成多维复合的价值形态。其在经济、社会、科技和战略层面等价值维度呈现共生演进特征。这种价值的实现，根植于低空经济高质量发展的内在逻辑，既体现空间正义导向的发展伦理，也遵循资本运动规律在立体空间生产中的转化形态，更展现出技术创新与制度调整的协同演化特征。其核心实践路径聚焦于完善普惠型低空公共服务网络，深化空域资源产权配置改革，培育“低空+”产业融合生态，构建数字孪生支撑的治理范式。这些创新实践不仅推动经济与社会效益的协同增益，更为优化空间资源配置提供了系统性解决方案。,成都理工大学学报(社会科学版),2025/5/26 10:55,期刊,,940
实践路径,数智时代下DeepSeek赋能低空经济发展的理论逻辑、现实掣肘与实践路径分析,李宣霖,"数智时代下DeepSeek作为国产开源大模型,通过重构低空经济生产力三要素,对助推产业发展具有可行性,但技术异构性、制度滞后性、虚实协同风险及产业链割裂等现实掣肘制约发展。对此,本研究提出技术、制度、安全、生态层面四大实践路径,旨在更好运用DeepSeek助推我国低空经济不断发展。",民航学报,2025/5/25,期刊,,243
实践路径,金融科技创新赋能低空经济发展的内在逻辑、现实困境与实践路径,吕宛青;余正勇,在数字经济时代，金融科技创新与低空经济的融合发展成为推动经济高质量发展的新动力。研究深入探讨了金融科技创新赋能低空经济发展的内在逻辑、现实困境与实践路径。研究发现，金融科技创新通过技术赋能、要素重构和场景融合，全面推动低空经济的转型升级。区块链技术构建了低空空域治理的信任机制，人工智能优化了低空飞行器的智能决策系统，数字孪生技术提升了低空基础设施的运营效率。同时，金融科技通过数据要素驱动、算法算力构建和数字资本激活，重塑了低空经济的生产要素体系。然而，这一过程中也面临着技术瓶颈、制度滞后、市场短板和要素风险等现实困境。在此基础上，研究提出了构建“三维协同”技术创新体系、完善“五位一体”政策支持体系、培育“双循环”产业生态体系和强化“四力合一”要素保障机制等实践路径，旨在有效破解金融科技赋能低空经济的难题，推动低空经济的可持续发展，为金融科技与低空经济的深度融合提供了理论依据和实践指导。,当代经济管理,2025/5/18 9:32,期刊,1,2542
实践路径,低空经济赋能新质生产力的作用机理、现实梗阻与实践路径,李波;贾政霖,在构建现代化经济体系进程中，低空经济作为战略性新兴产业的重要构成，正成为推动新质生产力发展的关键载体。低空经济通过新型基础设施驱动、产业链重构、资源要素优化配置，正加速形成多维度、立体化的产业生态体系。然而，低空经济在赋能新质生产力发展过程中，仍需着重破解治理体系制度创新滞后、核心技术自主性不足、专业人才储备相对薄弱等现实困境。为此，应健全低空经济治理现代化制度创新与协同机制，强化关键领域技术攻关，完善低空经济人才培养机制，持续增强低空经济赋能新质生产力发展的支撑效能。,改革与战略,2025/5/18,期刊,,9
实践路径,新时期低空旅游高质量发展的驱动因素、作用机制与实践路径,余正勇,低空旅游作为一种新兴旅游形式，在全球范围内发展迅速，其在推动产业结构升级、提升旅游体验品质和强化国家战略地位等方面具有重要价值。从政策、技术、市场和产业四大驱动因素出发，系统分析了新时期低空旅游高质量发展的内在逻辑与作用机制。研究发现，政策驱动为空域管理改革和产业支持提供了制度保障；技术驱动通过航空技术、信息技术和通信技术的突破，为低空旅游发展提供了核心支撑；市场驱动以消费升级为牵引，推动低空旅游产品向多元化和高端化发展；产业驱动通过通用航空产业与旅游产业的协同发展，构建了多业态融合的生态系统。在此基础上，构建了“技术-制度协同演化机制”“供需动态匹配机制”“产业结构优化及城乡融合创新机制”和“体验经济转化与消费扩容提质机制”，并提出了颠覆性技术研发、首发经济推动、产品要素业态创新、专业服务生态圈塑造、市场需求精准培育以及战略引领与标准体系构建等实践路径。以期为低空旅游产业的健康、可持续发展提供理论支撑和政策建议，推动旅游经济转型与社会现代化建设。,科学与管理,2025/5/8 14:41,期刊,,1093
实践路径,低空经济引领科技消费的实践路径,于凤霞;马潮江,科技消费作为一种新兴消费形态，正在成为推动经济增长的新引擎，为经济持续高质量发展注入新动能。低空经济正成为贯通科技创新成果转化与消费潜力释放的关键桥梁，其发展路径不仅关乎技术突破，更可以从场景创新、产业链协同等方面，引领和促进科技消费。文章建议，要完善低空经济发展的基础设施、创新发展多元化应用场景、壮大产业集群和健全相关制度体系，打造低空经济发展“科技—产业—消费”生态，充分发挥其引领科技消费的作用。,中国发展观察,2025/4/30,期刊,,24
实践路径,航空运输研究生教育赋能低空经济的核心机理与实践路径,耿劭卿,低空经济是以创新驱动、科技赋能和产业升级为显著特征的新质生产力典型代表，其底层逻辑是教育、科技和人才。航空运输研究生教育作为落实教育、科技、人才三位一体战略布局的结合点，是培养拔尖创新人才、促进科技创新和推动产教融合的关键枢纽。随着新一轮产业革命和科技革命向航空运输产业渗透，基于研究生教育在人才培养、科技创新和社会服务三大领域的本体职能，航空运输研究生教育将进一步呈现出推动产业升级、助力创新驱动以及服务低空经济的衍生价值。航空运输研究生教育助力赋能低空经济的核心机理是：以高层次人才培养为基础，以科技创新为介质，以高附加值低空企业孵化为末端，形成高层次人才培养、科技创新转移、产业高质量发展的链条过程。航空运输研究生教育赋能低空经济的实践路径是：强化航空运输研究生教育在人才培养、科研创造、服务产业方面的核心功能，助力我国低空经济发展走出人才提升、创新提升、跨界提升协同的新路径。,物流工程与管理,2025/4/15,期刊,,16
实践路径,宁夏低空经济发展策略与实践路径,张璐;王庆峰;贾正伟;师俊,自2009年低空经济概念首次提出以来，我国低空经济产业迅速发展，宁夏亦在通用航空领域展开探索，经历从初步探索到应用实践的发展过程。文章总结了宁夏低空经济的七个发展阶段，分析了宁夏低空经济企业现状，进而总结出宁夏低空经济发展面临的机遇与挑战。在此基础上，从加强政策法规体系的顶层设计、完善基础设施建设、拓展应用场景、构建产业生态系统等方面提出了宁夏低空经济的发展策略与实践路径。,中阿科技论坛(中英文),2025/4/10,期刊,,392
实践路径,城市发展低空经济实践路径研究,李瑞雪;刘杰,低空经济是战略性新兴产业，也是新质生产力的典型代表。推动低空经济发展，既是塑造城市发展新动能新优势、构建现代化产业体系的必然要求，也是更好赋能超大城市现代化治理、创造高品质生活的重要举措。本文以重庆市为例，首先从产业基础、创新资源、应用场景、改革试点、市场空间等角度分析其发展低空经济的基础条件和比较优势；其次从空域资源、基础设施、服务保障能力等方面面临的挑战与国外发展模式的经验中，分析低空经济进一步发展的方向；最后从坚持科技创新驱动、突出应用场景牵引、加强基础设施支撑、深化低空空域改革、做好法规政策引导等方面提出城市发展低空经济的实践路径。,新经济导刊,2025/3/30,期刊,,184
实践路径,新质生产力引领产业园设计的内在逻辑、机遇与实践路径,郑友宇,产业园作为产业集聚和创新发展的重要平台，在产业结构不断调整和全球科技不断发展的驱动下，正面临着巨大的变革。新质生产力作为推动经济社会进步的重要力量，以科技创新为核心，为产业园实现高效、智能、绿色发展提供了助力。阐述了新质生产力引领产业园设计的内在逻辑，分析了新质生产力为产业园设计带来的机遇，提出了新质生产力引领产业园设计的实践路径，旨在促进产业园转型升级。,上海包装,2025/3/15,期刊,2,44
实践路径,低空经济高质量发展的现实困境及实践路径,卫静;姚雪冰;陈旭辉;龚毅,<正>作为新兴的经济增长点，低空经济近年来展现出强劲的发展势头，预计未来增长潜力巨大。赛迪研究院《中国低空经济发展研究报告（2024）》指出，2023年，我国低空经济规模达到5059.5亿元，同比增长33.8%，预计2026年突破1万亿元，2035年超过6万亿元。本文结合低空经济发展需求，从新质生产力角度梳理低空经济产业概况，从实际应用场景出发，深入解读其在基础设施建设、产业标准、数据服务、场景应用等方面所面临的实际困境，并分析总结低空经济高质量发展的实践路径。,通信企业管理,2025/2/10,期刊,,373
实践路径,科技金融支持低空经济发展的实践路径研究,汪婷;高波,科技金融是金融发展与科技创新的有机耦合，强调以更优质的金融产品和服务助推高水平科技自立自强，是战略性新兴产业发展的重要推进器。低空经济作为战略性新兴产业，科技含量高、创新要素集中，涉及领域广、行业多、场景丰富，是新质生产力的典型代表。低空经济实现创新发展需要在技术创新前期投入较大资金，因此亟需科技创新和金融制度创新相互嵌套，协同发展，为低空经济保驾护航。立足于科技金融促进低空经济发展的重要现实基础，剖析当前科技金融促进低空经济发展存在的问题，分别从健全科技金融服务体系、创新业务合作机制、加大政策性金融支持、利用多层次资本市场、拓宽社会资本、完善风险分担机制等方面提出具体对策建议。,企业经济,2024/12/10 15:05,期刊,8,3386
实践路径,低空经济产业基金的发展现状与实践路径探析,孙乙尧;韩润奇;陈加栋;郭锦海;李耀武,近年来，低空经济作为战略性新兴产业，受到各级政府和社会各界的高度关注。发展低空经济需要充足的长期资金支持，金融服务大有可为。其中，产业基金作为落实产业政策的有力工具，已成为各地竞逐低空经济的发力重点。本文概述了低空经济产业基金的发展现状，探讨了产业基金在金融支持低空经济发展中的重大意义，尤其在为企业提供资金支持、吸引社会资本及优化资源配置等方面起到的重要作用。然而，低空经济产业基金的稳健运作仍面临资本带动不足、管理机构不力、协同联动不强、体制机制不健全等问题。为应对这些挑战，本文提出了包括优化募资渠道、加强专业化管理、强化协同联动及健全退出机制等对策建议，以期为推动低空经济产业基金更好地服务于产业发展提供参考。,中国科技产业,2024/10/15,期刊,4,986
实践路径,培养壮大新质生产力的实践路径,韩旭;杨凤馨,"""新质生产力""的提出,是习近平经济思想的最新理论成果,是对马克思主义生产力理论的继承与创新,代表了未来生产力的革新和发展方向。新质生产力作为新质态的生产力,与传统生产力有着较大的区别,新质生产力的""新""是特征,""质""是关键,""生产力""是归宿。加快培育新质生产力,有助于推动中国经济的高质量发展,进而形成国家竞争新优势,加快中国式现代化发展的脚步。",第二十一届沈阳科学学术年会论文集——社会科学类三等奖,2024/10/12 16:13,中国会议,,899
实践路径,低空经济赋能高质量发展的内在逻辑与实践路径,宋丹;徐政,低空经济作为新质生产力的重要代表之一，正在迅速崛起并成为多地竞相发展的产业新领域和经济增长的新驱动。在社会经济的各个领域和环节推进高质量发展，是深入实施新时代中国特色社会主义思想的实践体现，是构建社会主义现代化国家的本质需求。深入研究低空经济赋能高质量发展有助于激发新兴产业创新升级，筑牢国防建设坚实保障，促进区域经济协调发展，培育新质生产力茁壮成长。低空经济赋能高质量发展的逻辑机理主要表现在三个方面：一是创新驱动：激发市场活力，加速经济增长；二是产业融合：优化产业结构，推动绿色可持续发展；三是提质增效：提高公共服务效率，强化安全监管体系。低空经济赋能高质量发展面临三个方面的现实挑战：一是市场需求培育不足，产业融合发展受阻；二是基础设施建设滞后，技术创新动力不足；三是法律法规尚需完善，人才与资金需支持。因此，应扩大市场培育与宣传，深化产业融合与协同发展；加强基础设施建设，构建数智化保障服务体系；健全法律法规体系，强化人才培养与资金扶持。,湖南社会科学,2024/9/12 9:01,期刊,62,9254
实践路径,新质生产力赋能海南自由贸易港低空经济发展的实践路径,李世杰,作为培育新质生产力的新赛道，低空经济已逐渐成为全国多地区推动产业、业态、模式创新的新领域。海南自由贸易港是中国制度型开放的“试验田”，拥有得天独厚的自然资源和气候条件，在推动低空经济创新发展方面拥有明显优势。海南应当推动新质生产力赋能低空经济发展，多元化创新发展并不断丰富“低空经济+”应用场景；培育低空经济产业链与“低空”生态圈，壮大低空消费新业态，做大做强低空经济经营主体，严守低空经济应用安全底线；充分挖掘海南自由贸易港低空经济发展潜力，助推低空经济高质量发展。,人民论坛·学术前沿,2024/8/14,期刊,9,2503
实践路径,低空经济高质量发展的理论逻辑与实践路径,战炤磊,低空经济是我国发展新质生产力的重要切入点，其高质量发展既是新兴产业迈向成熟产业的内在要求，也是赋能强国建设目标的必由之路。我国围绕低空经济出台了一系列扶持政策，各地区掀起了低空经济发展热潮，并取得了初步成就。然而，我国低空经济发展在规模扩张、应用场景、技术设施、政策环境等方面仍面临诸多制约，必须系统探索我国低空经济高质量发展的有效路径。我们要以培育发展新质生产力为导向，构建低空经济的现代化产业体系；以进一步全面深化改革为契机，构建低空经济的集成化政策体系；以全方位强化全面创新为主线，构建低空经济的协同化动力体系；以全国统一大市场建设为纽带，构建低空经济的系统化支撑体系。,阅江学刊,2024/7/29 14:34,期刊,13,1711
人工智能,人工智能赋能低空技术专业教学改革与实践,万志江;李荣发;李泽远,文章系统论述将人工智能技术深度整合至低空技术专业教育的必要性和可行性，提出一套“三层六脉”的课程体系架构，实现从基础理论到核心技术再到行业实践的螺旋式进阶。在教学模式创新方面，构建了以项目驱动为核心、结合翻转课堂和微证书制度的新型教学方法体系，强调培养学生的工程实现能力与创新思维。研究成果为低空技术这一新兴交叉学科的人才培养提供了理论框架和实施路径，对促进教育链、人才链与产业链的有机衔接具有指导意义。,工业和信息化教育,2025/8/25,期刊,,25
人工智能,人工智能时代低空经济高质量发展的挑战和应对策略,王淑鹤,人工智能与低空经济具有互补性、共享性、动态性的耦合特征，在赋能低空经济高质量发展时展现出了巨大潜力，但同时也存在技术层面、制度层面、社会层面的现实困境，因此必须加快核心技术攻关，共享低空数据，不断完善相应的政策法规和监管机制，同时合理配置低空资源，保障社会公平正义与和谐稳定，推动人工智能时代低空经济的可持续发展。,产业创新研究,2025/7/22,期刊,,366
人工智能,人工智能与大数据赋能低空经济智能化变革,赵忠山;赵曦;邵伟;曹德海;刘军政,本文聚焦我国低空经济在智能化发展进程中面临的数据整合困难、空域管理复杂、产业协同不足等核心问题，提出通过构建智能数据生态系统、深化空域智能管理应用、强化产业链各环节合作等策略，实现空域资源优化配置、运营效率与安全水平双提升，破解产业协同发展障碍。研究表明，人工智能与大数据技术的深度赋能，将为拓展低空经济多元化应用场景、构建新型产业发展格局奠定坚实基础，为推动低空经济高质量可持续发展与创新升级注入新动能。,中国工程咨询,2025/7/10,期刊,,212
人工智能,低空经济与人工智能融合下的新质生产力跃升路径,陈柳钦,为探究低空经济与人工智能深度融合对驱动新质生产力跃升的作用，分析其在农业、物流、城市交通等领域引发生产力变革的重要性，以及推动产业智能化、绿色化转型和全球经济高效可持续发展的意义。文章围绕低空经济、人工智能展开研究，重点针对低空经济与人工智能融合对提升新质生产力的作用机制，并提出低空经济与人工智能融合下新质生产力跃升的实践路径。研究结果显示：人工智能的应用实现了低空经济智能化、自动化水平的提升，优化了生产流程，显著提高资源利用效率、降低能耗，推动绿色生产力发展；加速了低碳技术的行业应用，深化了两者融合度，提升了整体行业效能。文章为全球经济实现高效可持续发展提供了新路径。,企业科技与发展,2025/6/23 14:35,期刊,,682
人工智能,人工智能与低空经济融合发展的内在逻辑与优化策略,夏杰长;苏敏,在科技迅猛发展的进程中，低空经济因政策利好迎来重要发展契机，而人工智能的蓬勃兴起更为其注入强劲活力，二者融合发展态势日益显著。在技术协同层面，人工智能凭借其强大的数据处理、高效通信、快速计算及精准控制决策能力，深度融入低空经济各环节。在产业链协同维度，于低空产业链上游，人工智能变革飞行器设计制造流程；中游借助该技术精准规划飞行路线、智能调配任务；下游则利用其提升软件智能化水平与故障预测能力。基于上述融合发展状况，进一步从智能低空飞行器、智能空域管理、智能低空基础设施以及智能低空产业链四方面提出系统的智能优化策略，旨在全方位推动低空经济智能化跨越与高质量发展。,科学管理研究,2025/6/20,期刊,,507
人工智能,低空经济背景下人工智能保障eVTOL飞行安全综述,苏志远;赵利绪;郝志恒;百茹峰,随着低空经济的兴起，电动垂直起降飞行器(eVTOL)的应用更加广泛，其飞行安全保障至关重要，有待加强相关应用研究。通过分析大量相关文献，从eVTOL本身的效能可靠性、应用规程的安全性和飞行数据传输的安全这3方面进行深入剖析，梳理了可能面临的数据安全、复杂环境感知决策、计算资源限制和多智能体协同挑战等问题。最后对人工智能在eVTOL安全应用的未来发展趋势进行预测，为后续研究与实践提出技术研发重点、标准法规完善及行业合作等建议，旨在全面展现人工智能保障eVTOL运用安全的应用全景，为其进一步发展提供参考。,计算机科学,2025/6/15,期刊,,1014
人工智能,5G-A与人工智能驱动未来消费新场景,管子祺;韩静;张皓翔,<正>当前我国数字经济时代正在掀开新的篇章，5G-A凭借其超高速率、超低时延和海量连接的技术特征，结合人工智能在数据分析、智能决策和场景感知等方面的优势，正在深刻改变传统消费模式和场景体验。新技术的融合应用提升了消费者的购物体验，也为商业模式创新提供了新的可能。然而，如何准确把握技术发展趋势，预测和分析未来新型消费场景的演变方向，成为当前亟须研究的重要课题。本文将深入探讨5G-A与人工智能驱动下的未来消费场景，,中国电信业,2025/6/15,期刊,,30
人工智能,人工智能和低空经济下燃气、生物质能及多能源耦合技术研究,梁金禄;周永革;梁光胜;黄小玉;严超雄,文章首先介绍了基于人工智能的燃气安全高效利用设备，包括智能化小型储罐供气设施、燃气用户终端泄露监控与防护装置以及燃气管网光纤预警系统。这些设备通过智能化手段显著提升了燃气利用的本质安全水平。其次，文章探讨了低空经济下无人机巡检在燃气安全监控中的应用，构建了“空天地”一体化立体监控与防护系统。最后，文章还研究了生物质能及其他可再生能源与燃气的耦合利用，开发了多种多能源互补利用装置，提高了能源综合利用效率，降低了用能成本。,大众科技,2025/6/15,期刊,,25
人工智能,人工智能驱动的低空经济公共安全治理,刘怡,随着低空经济的快速发展，一系列公共安全问题也随之凸显。人工智能凭借实时监测与预警、智能决策与应急响应、资源优化配置等方面的优势，为低空经济公共安全治理带来了新的机遇。目前，人工智能在技术层面、法律法规与伦理道德、人才队伍建设等方面仍面临诸多挑战，因此应从技术创新与升级、政策法规与标准的制定、人才培养与引进等方面采取措施，促进低空经济的健康可持续发展。,南宁职业技术大学学报,2025/6/9 15:47,期刊,,409
人工智能,人工智能驱动下的智慧城市发展新模式研究,王娣,近年来，人工智能在全球范围内发展迅猛，已成为衡量国家科技实力和经济发展的重要指标，有力推动了智慧城市的快速建设。文章以人工智能为核心，研究人工智能驱动下的智慧城市发展新模式，从低空经济、未来社区、创新产业和城市大脑4个方面介绍发展现状及趋势，分析人工智能给智慧城市发展带来的机遇和挑战，为未来智慧城市的可持续发展提供参考。,智能城市,2025/5/25,期刊,,49
人工智能,基于人工智能大模型的低空经济智能通信网络架构研究,王琦;郑昊南,"随着人工智能技术,特别是大数据时代的兴起,低空经济得到空前的发展。低空经济作为一种新兴的经济形态,涉及到物流、应急救援、植保、城市管理等各个领域,不仅需要强有力的技术支撑,而且还需要一种高效、智能化的通信网络体系作为保障。人工智能大模型以其强大的数据处理能力与智能决策能力,为我国低空经济发展提供了一种全新的思路与方法。",中国宽带,2025/4/25,期刊,,289
人工智能,从电信运营商视角看人工智能赋能低空经济,李贝;王振华;乔金剑;成晨,<正>低空经济是指在1000米以下的空域低空飞行，将以无人驾驶飞行、低空智联网等技术组成的新质生产力与空域、市场等要素相结合，带动低空基础设施、低空飞行器制造等领域发展的综合性经济形态。AI(Artificial Intelligence，人工智能)的目标是利用算法和数据构建能够表现出人类智能的系统，即试图以人类的智慧为模型，开发出能以与人类智能相似的方式思考、学习和解决问题的计算机程序和技术。,中国电信业,2025/4/15,期刊,,72
人工智能,推动人工智能与实体经济深度融合加快发展新质生产力,苏美文;杨文爽;李博文;任飞宇;易美妮,人工智能技术的爆发和大模型、大数据功能的跃升，及其与未来产业和传统产业的深度融合，极大地推动了新质生产力的发展。下面刊发的8篇文章，从“大数据功能视角的全要素生产率理论创新”，到“大数据驱动新质生产力发展”，从“供应链数字化转型推动企业增效”，到“新质生产力视域下传统产业转型升级”，从“我国6G工业互联网发展战略”，到“人工智能驱动新质生产力发展的实践路径”，从“大模型落地背景下的低空经济”，到“基于大模型的脑机接口产业发展”，深刻揭示了人工智能与实体经济深度融合前景，勾勒出新质生产力赋能高质量发展蓝图。,工业技术经济,2025/4/1,期刊,4,2145
人工智能,推动人大立法 为人工智能和机器人产业护航,戚耀琪,<正>今年政府工作报告提出持续推进“人工智能+”行动，支持大模型广泛应用，大力发展智能网联新能源汽车、人工智能手机和电脑、智能机器人等新一代智能终端以及智能制造装备。全国人代会期间，国内来自汽车界和科技界的人大代表，都不约而同提到了科技浪潮带来的巨大变革，并对未来的产业发展建言献策。可以预料的是，各地将加快推动人工智能与机器人领域立法工作，为人工智能与机器人产业发展提供制度保障。,人民之声,2025/3/20,期刊,,79
人工智能,人工智能赋能低空经济发展：多维表征、应用场景与支撑体系——基于广东省、江苏省的政策文本分析,王世泰;谭冲,伴随着低空经济的迅猛发展，人工智能技术的广泛融入与应用已成为推动低空经济发展的重要驱动力。基于广东省、江苏省的政策文本分析，人工智能赋能低空经济已初步呈现“核心驱动、节点支撑、区域联动”的发展形态，产业跨域融合持续深化，产业链条多维延展，技术跃迁驱动产业创新发展，龙头企业引领低空产业集聚，城市特色化赋能区域产业空间重构。广东、江苏两省从政策上为打造低空智慧物流应用、低空公共服务场景、低空文体旅游、低空特色应用新场景以及培育低空新兴消费业态等“低空经济+”多种应用场景提供保障。未来还需建立完善法规标准体系，强化检验检测和适航审定能力，构建低空安全监管体系，培育低空经济发展所需人才，强化金融服务支撑等，从而为保障人工智能赋能低空经济发展提供全方位的支撑体系。,改革与战略,2025/3/18,期刊,,140
人工智能,人工智能赋能我国低空经济腾飞,刘刚,<正>技术创新是经济增长的永恒动力。随着新一代信息技术的创新和应用，低空技术逐步成熟和商业化落地，低空经济正在成为我国经济增长的新热点。人工智能是塑造低空经济发展未来的重要力量，在低空技术创新方面发挥着主导作用。中央经济工作会议提出，“以科技创新引领新质生产力发展，建设现代化产业体系。加强基础研究和关键核心技术攻关，超前布局重大科技项目，开展新技术新产品新场景大规模应用示范行动。开展‘人工智能+’行动，培育未来产业”。低空经济是未来产业发展的方向之一，是“人工智能+”行动的重要领域。,群言,2025/2/15,期刊,,390
人工智能,生成式人工智能助推低空经济的实践研判、风险识别及制度应对,杨骏;李长健,"党的二十届三中全会强调了要发展低空经济。低空经济作为未来的“万亿级”产业,如何又快又好地发展成了重要议题。在低空经济的发展中,生成式人工智能得到了大量运用,成为低空经济的重要助推力量。然而,生成式人工智能在提升低空经济生产力,实现生产关系变革的同时,亦引发了不同风险。从实践研判来看,生成式人工智能赋能低空经济在政策维度、技术维度和产业维度都引发了重要变革。但是基于风险识别,生成式人工智能引发了不同维度的个体风险、产业风险和国家风险,应立足于制度化建设角度,通过补点、建链和构网形成体系化制度应对,纾解多元风险,赋能低空经济发展的同时给予全世界中国的低空经济应用方案。",当代经济管理,2024/11/29 11:45,期刊,16,4576
人工智能,人工智能赋能低空经济：应用场景与未来方向,庄茁,低空经济是指以各种有人驾驶和无人驾驶航空器在海拔3000米以下的各类飞行活动作为牵引，辐射带动相关领域融合发展的新兴经济形态和效益。2024年全国两会期间，“低空经济”被写入政府工作报告。报告提出，“积极培育新兴产业和未来产业”“积极打造生物制造、商业航天、低空经济等新增长引擎”。我们可以通过解析人工智能赋能低空经济、大数据驱动的部分应用场景(智慧城市建设、智慧交通运输、智慧路桥监测、智慧农业农村)，理解低空经济创造的新质生产力，探讨低空经济推进智慧城乡建设和国家经济发展的逻辑与路径。,人民论坛·学术前沿,2024/8/14,期刊,31,4202
人工智能,广东人工智能院：发挥无人机技术优势 为低空经济产业发展贡献力量,潘慧,"作为一家从事人工智能技术研发和应用的省级新型研发机构和高水平研究院，广东人工智能与先进计算研究院（以下简称“广东人工智能院”或“研究院”）面向经济主战场，积极培育无人系统、智能制造、智能信息系统等产业,其中无人机产业是重点发展方向之一。聚焦无人机创新技术的发展与行业应用深度结合，广东人工智能院推出具有强竞争力的产品和解决方案，为低空经济发展贡献一份力量。",广东科技,2024/6/15,期刊,3,568
经济产业发展,标准筑基，生态共建——标准护航低空经济产业发展专题研讨举行,曹欣欣,<正>2025年6月27日—29日，第三届低空（苏州）产业创新生态大会暨2025数字低空大会在苏州举行。大会开幕式发布《低空经济产业与标准化发展报告》，并发布15项苏州企业主导参与研制的标准成果。,中国标准化,2025/7/20,期刊,,18
经济产业发展,粤港澳大湾区低空经济产业发展态势与应对之策,张瑞锋,<正>本文通过系统分析粤港澳大湾区低空经济发展现状、存在问题及优化路径，为区域低空经济高质量发展提供理论支撑。研究表明，当前大湾区低空经济产业规模持续扩大，无人机、eVTOL等重点领域发展成效显著，呈现良好发展态势；政策支持体系不断完善，基础设施建设稳步推进；应用场景日益丰富，科技创新与产业协同效应逐步显现。然而，发展过程中仍面临着低空空域管理机制不健全导致资源利用效率低下，核心技术研发投入不足制约产业升级，产业链协同效应未能充分发挥等问题。针对这些问题，建议通过创新空域管理模式、加强核心技术攻关、完善产业生态体系等举措，同时辅以深化区域合作、加快基础设施建设、培育市场需求、强化政策支持等配套措施，构建大湾区低空经济可持续发展的新格局。,科技与金融,2025/6/9,期刊,,5
经济产业发展,“北斗+低空经济”的创新产业模式探究——以湖南省北斗助力低空经济产业发展为例,蔡高强;李可;田心如;龚智晖;周月,为实现国家对低空经济发展的要求及战略部署，全国各地纷纷探寻低空经济发展的新模式。湖南省通过全域低空空域管理改革试点和北斗低空综合应用示范项目，形成了覆盖研发、制造、运营的全产业链体系，率先推进了北斗卫星导航系统在低空经济中的应用和发展。通过实施政策引领、体系化产业构建、“产学研”一体化的创新人才培养等措施，湖南省已经形成了“北斗+低空经济”的创新产业模式，可为其他地区的低空经济发展提供湖南经验。,军民两用技术与产品,2025/4/15,期刊,,124
经济产业发展,以现代化产业体系为基础 布局厦门市低空经济产业发展,吴权夫,"空域是低空经济发展第一要素资源,厦门市在不具备空域资源优势的情况下,如何布局低空经济产业发展是一个值得研究的课题。本文通过分析厦门市“4+4+6”现代化产业体系与低空经济产业的相互关系,提出基于“4+4+6”现代化产业体系基础,布局厦门市低空经济产业发展的对策与具体建议。",厦门科技,2025/4/15,期刊,,89
经济产业发展,广西低空经济产业发展问题及对策建议,胡婷婷;何鲁桂;李荣;玉泉,低空经济是新质生产力的典型代表和培育发展新动能的重要方向，是各省重点布局的产业发展新赛道。当前，广西低空经济产业起步较晚，存在政策催化滞后、基础设施薄弱、产业根基羸弱、应用场景单调等问题，急需借鉴外省低空经济先进发展经验，从政策法规支撑、基础设施建设、科技创新支持、应用试点示范等方面研究适合广西实际的发展路径，破解低空经济“起飞”难题，积极融入低空经济发展大潮。,经济研究导刊,2025/3/25,期刊,,63
经济产业发展,支持低空经济产业发展的财税政策研究,孟宪民;叶斐,低空经济作为新质生产力的代表已纳入国家战略规划，加快发展我国低空经济，有助于构筑现代化产业体系，提升国家整体竞争力。本文系统阐述低空经济对促进我国经济发展具有的重要意义，梳理全国以及地方已出台的支持低空经济发展的政策措施，分析当前我国低空经济支持存在的问题，如政策法规不完善，资本投入不足，技术发展与空域管理体系受到制约，缺少核心技术，安全管控形势复杂，专业人才培养体系欠缺等问题，在此基础上提出了财税政策促进我国低空经济健康发展的政策建议。,地方财政研究,2025/3/15,期刊,,298
经济产业发展,我国低空经济产业发展存在的问题及对策研究,荆思源,<正>近些年以来，在社会经济发展以及人民生活水平逐步提升的背景下，低空经济成为了经济增长的一个全新热点，并由此带动了相关产业的发展。比如无人机、热气球等，这为我国社会经济的发展增加了新的动力。与此同时，低空经济及相关产业在发展中依旧面临各种各样的问题，需要我们结合发展现状与问题阻碍，采取有效对策推动低空经济及相关产业的持续稳定发展。本文基于以上内容从法律法规、人才培养、科技创新、运行管理、产业结构、基础设施等方面出发，分析并提出有效的发展对策。,今日财富,2025/3/5,特色期刊,,30
经济产业发展,低空经济产业发展分析,程鑫豪,随着科技的快速发展，低空经济作为一种战略性新兴产业应运而生，涵盖航空制造、物流运营、无人机、城市空中交通等多个领域，为经济高质量发展注入新的活力和动能。本文针对低空经济产业的基本内涵及应用场景、技术应用产业规模和市场需求突出优势等进行简单分析，对国内低空经济协同发力多元拓展、技术领先低空创投和卡位布局产业高地等发展现状进行梳理，并从扩大市场规模、做好顶层设计、做足数智赋能三方面探讨了低空经济产业未来发展新路径，以期发挥低空经济巨大的市场潜力，促进经济健康快速发展。,中国产经,2025/2/28,期刊,1,53
经济产业发展,关于加速天津低空经济产业发展的路径研究——学习贯彻党的二十届三中全会精神,涂峰达;朱莉莉,低空经济是新质生产力的典型代表，是培育发展新动能的重要方向。天津在直升机研发和维修、中小型无人机制造、飞控服务等领域具有较好基础，但也存在总体产业规模较小、缺乏本土知名龙头企业、应用场景开发不足等问题。基于对其他地区发展经验的总结，本文建议以京津冀协同发展为牵引促进三地低空经济一体化布局，以有人机和无人机融合发展为方向打造低空经济产业特色集群，以低空数字基础设施建设为抓手夯实低空经济产业发展底座，以丰富场景应用为依托助推低空经济从蓄势发展到加速腾飞。,天津经济,2025/2/20,期刊,,194
经济产业发展,关于广西低空经济产业发展的若干思考,彭健,低空经济作为新质生产力的典型代表，已成为各省区打造区域增长新动能、塑造区域竞争新优势的重要引擎。广西凭借其独特的空域、区位等资源优势，在低空经济产业发展上具有一定基础。论文基于广西低空经济的发展现状，结合当前发展面临的机遇与挑战，对广西因地制宜发展新质生产力、打造面向东盟的低空经济产业新高地提出思考与建议。,中小企业管理与科技,2025/1/20,期刊,,76
经济产业发展,湛江市低空经济产业发展可行性分析研究,刘广;苏乐,当前，低空经济产业逐渐成为新的经济增长点。本文对湛江市低空经济产业的发展进行了全面深入的可行性分析，从政策环境、技术支撑、市场需求等多个角度探讨低空经济产业在不同领域的潜力，包括通用航空、无人机物流与配送、低空旅游等。研究结果表明，尽管低空经济产业发展面临一些制约因素，但在政策扶持不断加强、技术持续创新以及市场需求逐步释放的背景下，其具有广阔的发展前景和可行性。最后，针对存在的问题提出相应的策略建议，以促进低空经济产业的健康、快速发展。,商业文化,2024/10/15,期刊,,590
经济产业发展,杭州低空经济产业发展分析及建议,杭州市科技信息研究院、北京航空航天大学杭州创新研究院课题组,<正>低空经济作为一种极具活力和创造力的复合新产业，数智化程度高，产业链条长，覆盖领域广，就业带动效益明显，未来发展潜力大，市场规模预计将超过十万亿美元，是世界各国和地区加快布局的新领域。2023年低空经济被提升至国家战略性新兴产业高度，中央经济工作会议提出要打造低空经济等若干战略性新兴产业，并相继出台了一系列支持和规范性文件，发展路径逐步明晰。2024年，低空经济在政府工作报告中被重点提及，未来发展目标更加明确。,杭州科技,2024/10/15,期刊,1,401
经济产业发展,国外低空经济产业发展的经验与启示,许世琳,近年来，作为新质生产力的典型代表，低空经济受到全球范围的广泛关注，迎来前所未有的发展机遇。中国低空经济产业整体处于早期发展阶段，呈现出蓬勃发展的良好势头。全面了解全球低空经济产业发展形势，并对全球欧美日等主要发达经济体的发展经验进行总结，对中国抢抓全球低空经济发展战略机遇具有重要意义。,中国发展观察,2024/9/20,期刊,9,1492
经济产业发展,从全球看低空经济产业发展态势,王幸芳,<正>作为我国重点布局的战略性新兴产业，低空经济是新质生产力的典型代表，也是塑造发展经济新动能、打造经济增长新引擎的关键赛道。2023年2月始，杭州市实业投资集团有限公司联合北京航空航天大学、浙江大学、浙江省工业和信息化研究院等科研院所，及杭州迅蚁网络科技有限公司、杭州多翼智控科技有限公司、丰翼科技（杭州）有限公司、深圳美团低空物流科技有限公司等行业内较具影响力的企业，对低空经济开展了多轮调研，与浙江省工业和信息化研究院共同形成了《杭州低空经济产业推动分析报告》。本文节选低空经济国际态势部分，与读者共享。,杭州,2024/8/30,期刊,2,480
经济产业发展,“广东低空经济率先‘起飞’”专题② 广东省低空经济产业发展情况、问题及对策建议,傅郭鑫;王韬,<正>低空经济是新一轮科技革命和产业变革催生的新兴产业形态，蕴藏着巨大的发展潜力。近年来，广东省低空经济稳步发展、成果丰硕，但仍存在着顶层设计缺失、技术创新能力不足、产业配套有待健全、区域协同联动不足等问题，应积极抢抓低空经济产业密集创新和高速发展的战略机遇期、黄金窗口期，将低空经济培育成为未来广东省新的经济增长极。本文系统梳理了广东省低空经济发展背景及现状，分析产业发展中存在的困难短板，并为广东省推动低空经济产业高质量发展提出了科学性、有针对性的对策建议。,广东经济,2024/8/10,期刊,1,505
经济产业发展,我国低空经济产业发展分析及建议,陈贇,"<正>低空经济是指在垂直高度1000米以下、根据实际需要延伸至不超过3000米的低空空域范围内，以民用有人驾驶和无人驾驶航空器为载体，以载人、载货及其他作业等多场景低空飞行活动为牵引，带动相关领域融合发展的综合性经济业态。低空经济具有创新引领、绿色低碳、数实融合等特点，是新质生产力的典型代表。2023年12月中央经济工作会议、2024年3月《政府工作报告》中均提到要积极发展低空经济产业。根据赛迪顾问《中国低空经济发展研究报告（2024）》,2023年我国低空经济规模突破5000亿元，预计到2026年突破1万亿元。",通信企业管理,2024/8/10,期刊,3,286
经济产业发展,低空经济产业发展与区域竞争,陈贇;陈淂民;童言,低空经济是新质生产力的典型代表。低空经济产业链条长，对经济带动力强，我国从中央到地方都出台了支持低空经济发展的政策。从政府政策、企业数量等方面分析，北京、深圳、合肥等地在低空经济发展方面走在前列。为此，本文提出以下五个方面发展建议，一是完善政策法规支撑；二是提升基础设施水平；三是推进体制机制创新；四是强化市场开发力度；五是坚持创新驱动发展。,新经济导刊,2024/7/20,期刊,7,394
经济产业发展,关于低空经济产业发展的若干思考,姜玉泉;阮晓楠;陈薇,<正>随着低空经济成为国家战略性新兴产业，全国已有20多个省（市、区）将低空经济纳入政府工作报告，抢抓低空经济产业高质量发展的战略机遇期，把握黄金“窗口期”，向天空寻发展，向低空要效益，加快构建低空经济产业集聚创新发展生态已成为社会共识。拥有万亿级市场空间的低空经济，无疑将成为我国经济发展的新引擎和新增长极，对于推动我国产业结构升级、构建现代产业体系、加快发展新质生产力具有重要意义。,通信世界,2024/7/10,期刊,3,376
经济产业发展,广东人工智能院：发挥无人机技术优势 为低空经济产业发展贡献力量,潘慧,"作为一家从事人工智能技术研发和应用的省级新型研发机构和高水平研究院，广东人工智能与先进计算研究院（以下简称“广东人工智能院”或“研究院”）面向经济主战场，积极培育无人系统、智能制造、智能信息系统等产业,其中无人机产业是重点发展方向之一。聚焦无人机创新技术的发展与行业应用深度结合，广东人工智能院推出具有强竞争力的产品和解决方案，为低空经济发展贡献一份力量。",广东科技,2024/6/15,期刊,3,568
低空空域,基于构建城市低空空域的无人机航路网对策研究,黎涛;王洵;雷雨,为了在不影响无人机产业发展的前提下解决无人机因使用数量的急剧陡增而出现的碰撞、失控概率显著上升的问题，文章在地面交通设施的基础上提出一种立体化的低空航路网。首先，基于城市主干道构建第一层级航路网；其次，利用正约束条件构建第二层级航路网；最后，通过负约束条件构建第三层级航路网。通过3个层级的航路网，既保证了无人机在飞行作业时的安全性，又为低空经济的发展提供了一种新方案。,科技创新与生产力,2025/7/10,期刊,,46
低空空域,基于无人机机场的低空空域划分及航线设计研究,郑岘;吴会军;谭忻康;汪月新,介绍了一种通过标准格网对低空空域进行划分和编码以及通过划分的低空空域情况制定无人机飞行航线的方法，旨在通过这种方法来规范无人机机场运行，以期改变目前无人机测绘作业无序飞行的现状，提高飞行安全性和作业效率。本方法在以大疆机场2代为载体的“城市智眼”无人机机场系统上进行了可行性验证，并取得了良好的效果，可以为无人机机场运行和在城市测绘中的应用提供科学参考。,城市勘测,2025/6/28,期刊,,134
低空空域,低空空域治理优化的法治进路,张洪荣,低空空域是低空经济发展的基础空间载体。低空空域利用率偏低是制约我国低空经济高质量发展的重要障碍。究其原因，我国在低空空域领域存在管理体制僵化落后、空域分配制度不合理、立法滞后等问题，低空空域治理体系和治理能力亟待加强。低空空域治理的优化离不开法治。我国应当依托空域法治化建设，推动空域管理体制改革，明确空域物权属性，构建高效的协同治理机制，科学配置低空空域资源，健全低空空域治理法律体系，为低空经济发展创设开放、安全的空域环境和良好的制度环境。,厦门特区党校学报,2025/6/25,期刊,,109
低空空域,低空经济背景下国土空间低空空域规划体系、内容与方法研究,郑浩楠;郑皓;吴沈松,低空经济作为一种新兴经济形态，依托低空航空器的高机动性和多元应用等特性，展现出巨大的发展潜力。文章阐述了低空经济的特征和全球发展现状，以及欧美与中国在低空经济领域的不同发展路径与特点；从国家和省（直辖市）两个层面解析我国在低空经济方面的相关政策。文章探讨了国土空间规划中低空空域开发利用的新要求，并提出基于全域全要素的规划视角及以社会需求为导向的低空空域体系；提出了“1+3+N”纵向规划层级和“1+2+N”横向规划层级的低空空域规划编制思路，明确不同层次规划的内容重点，引入低空空域资源综合评价方法，为未来低空空域规划与开发提供了参考。,苏州科技大学学报(工程技术版),2025/6/15,期刊,,196
低空空域,基于北斗网格的低空空域管理关键技术研究,张华,"本研究旨在探讨基于北斗网格的低空空域管理关键技术,解决低空空域资源紧张、飞行器数量激增及监管技术滞后等挑战。通过引入北斗网格技术,本研究提出了一种高精度的空域规划、飞行路径优化、冲突预警及安全避障的新方法。研究首先构建了北斗网格位置码系统,并基于该系统实现了低空空域环境、空域结构及空域运行的网格化管理。研究还提出了基于北斗网格编码的飞行计划管理模型,能有效支撑低空空域的动态监管与冲突风险预警。结论表明,北斗网格技术为低空空域的数字化、智能化管理提供了强有力的技术支持,推动了低空经济的安全、高效发展。",2025世界交通运输大会(WTC2025)论文集（中册）,2025/6/12,国际会议,,103
低空空域,政策设计、跨部门协调与政策试验可持续性——基于我国低空空域开放政策的比较案例分析,张友浪;王培杰;杨旭莹,政策试验作为推动改革创新的重要手段，一直备受党和国家的高度重视。然而，影响政策试验可持续性的关键因素及其作用机制尚需深入研究。基于文献回顾和对政策试验实践过程的观察，文章聚焦“政策设计的精细化程度”与“政府部门间的跨部门协同”两个核心维度，构建了一个2×2分析框架，将政策试验模式划分为协同精细式、协同粗放式、分散精细式和分散粗放式四种类型，并以我国低空空域开放政策在不同阶段的四个典型案例为基础进行比较研究。研究结果表明，越精细的政策顶层设计越能在法律法规层面为改革提供制度化保障，提升政策试验的可持续性；跨部门合作则能有效整合资源并降低执行摩擦，从而克服试点推行与后续推广中的障碍。本文研究不仅对提升政策试验整体有效性和可推广性具有重要理论意义，也为我国低空经济等重大领域的改革部署提供了可行指引。,人文杂志,2025/5/15,期刊,,448
低空空域,低空空域无人系统交通管理方案初探,贾永楠,"近年来,随着无人机(UAV)技术的飞速发展,全球各国开始积极布局低空空域管理,以确保低空经济的可持续发展。现有空中交通管理(ATM)系统主要面向中高空空域的有人驾驶飞机,难以适应大规模低空无人机的运行需求。尤其在物流配送、城市监控、基础设施巡检等领域,低空无人机的高密度运行对交通管理提出了新的挑战。因此,如何构建一套高效、安全、智能的无人系统交通管理(UTM)框架,成为全球研究的热点问题。首先,综述了国内外低空空域UTM系统的研究现状,重点分析了不同国家在空域划分、UTM系统建设以及政策实施等方面的异同。其次,给出UTM系统的定义和基本架构,着重梳理了多无人机通信网络、多无人机协同控制、高效容量流量管理、多无人机冲突管控和交通群自主运行等UTM系统的共性关键技术,并深入分析了当前技术发展面临的主要挑战。最后,基于分布式决策、实时空域协商及风险弹性管理的设计思路,结合中国低空空域管理的实际需求和中国北斗卫星系统(BDS)的技术优势,提出了一种基于“分层、分类、分域、网格化”管理理念的分阶段、分步骤实施的UTM解决方案,并创新性地设计了以“八卦图”为核心的“管道化”立体航线网络,以优化空域...",航空学报,2025/4/29 10:24,期刊,2,1678
低空空域,低空经济下低空空域利用的规划应对策略,王纪武;王奕宁;章俊屾,我国的低空经济发展虽然已进入低空应用场景建设、低空资源开发利用阶段，但是仍缺乏对低空空域利用规划的深入研究，这在一定程度上制约了低空经济的持续、高质量发展。据此，从空地协同的资源利用规划视角开展低空空域规划研究：通过分析低空空域的资源属性与空间特征，厘清低空空域的规模容量测度、起降点与航路网络规划、空间权属管理等重要规划内容；辨析经济社会与城市发展需求在低空空域利用中的主体性地位，聚焦低空规划的关键内容，从低空应用场景拓展、低空基础设施布局、三维宗地空间权属等方面探讨相应的场景类型、影响因素、结构模式及解决对策。,规划师,2025/4/1,期刊,,860
低空空域,低空空域多模态融合组网的探索及实践,倪红雷;陈国军;陈威旺,<正>低空经济是国家战略性新兴产业，作为“新增长引擎”被写入2024年《政府工作报告》，此后全国各地政府积极布局低空经济产业并纷纷出台相应政策予以支持。低空经济拥有万亿级市场规模和广泛的应用场景，在促进消费升级、提升交通效率等方面大有可为，在物流配送、地理测绘、应急救援、文化旅游、农林植保等领域应用广泛。,通信世界,2025/3/25,期刊,,146
低空空域,低空空域协同管理机制探索——以宁波市为例,陈蕊;徐皓,低空空域的合理开发与高效利用，对推动航空事业全面发展、促进低空经济蓬勃兴起具有举足轻重的作用。鉴于低空空域管理对于航空领域及经济发展的重要性，本文结合宁波市在低空空域管理方面的实际情况，深入剖析了当前存在的挑战与机遇。本文积极探索并提出建立市级低空空域的协同管理机制，旨在通过强化政府、军方、民航等多方主体的沟通与协作，从而形成合力，共同推进低空空域资源的优化配置与高效利用。,产业创新研究,2025/2/28,期刊,,328
低空空域,低空空域规划与交通仿真技术发展和应用,高捷,随着低空经济产业的蓬勃发展，科学有效地开展低空空域管理显得愈发重要。发展低空空域规划与交通仿真技术，是实现空域资源和地面基础设施合理配置的关键前提，能为低空经济产业的持续健康发展提供支撑。在低空交通场景下的国产仿真平台处于空白，急需解决相关技术问题。为此，从国内外低空交通发展现状、低空空域管理及航路网规划、低空容量评估框架与标准、低空交通建模仿真等方面，对低空空域规划与交通仿真技术的发展态势及在低空经济产业的应用情况展开研究。,科技和产业,2024/12/10,期刊,2,767
低空空域,面向无人机的城市低空空域规划的国际经验,刘泉;陈瑶瑶;洪晓苇;李昊;钱征寒,当前，低空经济发展和城市空中交通成为热点，城市中无人机快递物流等活动逐渐兴起，将对城市低空空域的结构带来巨大改变，影响城市低空空域的安全、效率和容量水平，并对城市空间的形态、利用和管理产生巨大影响。未来城市的立体发展将不再限于地面、地上和地下等3个层次，而是与低空空域结合，形成更加完整的空间结构。这一发展趋势将带来城市规划的新变化和新问题。因此，有必要从空域与空间关系角度出发，分析无人机发展带来的影响，总结案例，对面向无人机的城市低空空域规划方法进行综述研究，从而对我国城市规划的创新提出参考。,城市规划学刊,2024/11/25 15:29,期刊,20,4891
低空空域,无人机交通治理导向的城市低空空域与地上地下空间协同开发模式探析,刘洁敏;苏雪娇;沈振江,本文探讨了中国城市空间规划从二维走向三维的发展趋势特征、新的交通方式对城市变革的触发效应和信息科技的支持作用，提出了一种低空空域与城市地上地下空间协同开发的新的城市发展路径。通过对国内外城市低空空域管制的发展历程开展历史考察和文献综述，总结了低空空域管理、低空经济产业和低空空域规划的发展现状，并对相关法规政策进行梳理，以此为基础提出城市三维空间整体开发设计构想。首先，以“机场—卫星城—中心城区”为功能组团，构建“低高空—低中空—低低空”的三个空域划设层级；其次，在中心城区，依托三个空域划设层级构建三级管道空域飞行交通系统，分别利用城市的生态绿廊、城市封闭型道路与轨道交通和高层建筑集中建成区，为载人飞行器、大型和小型货运无人机设置特定飞行廊道以提供安全的运行环境；最后，依托城市民航机场、城市立体交通系统和中央商务综合体组团，综合利用高层建筑、停车楼、轻轨和地铁站点等地上地下空间开展协同布局，构建“低空空域—地上地下”三维一体的新型城市综合交通运输系统，拓展“TOD+无人机”模式，提升城市整体的运行效率。本文期望抓住城市交通变革的新契机，推动城市组团间和邻近城市间的互动与协作，为城市经济注...,国际城市规划,2024/11/4 15:39,期刊,,3519
低空空域,低空空域规划研究现状与展望,王俊潼;包丹文;周佳怡;尚静萱;张孜芊,"随着中国低空经济的快速发展和“十四五”综合交通运输体系的规划需要,未来低空运输将逐步成为一种重要的交通运输方式。然而,目前中国低空空域尚未完全开放,与之密切相关的空域规划和航迹规划研究还处于起步阶段,难以满足快速发展的低空需求。因此,必须根据低空空域特点建立科学完善的低空空域规划和航迹规划方法理论体系。首先针对低空空域基本特征,对国内外低空空域规划限制因素、空域划设和航迹规划等研究进行系统性归纳和分析,总结评述了现有低空空域规划和航迹规划方面的研究成果和诸多不足,揭示了相关研究的共性问题所在。其次,结合中国低空发展现状,分析了采用块状或管道空域划设方法的可能性,并提出了由航迹到航迹簇再到航迹网络的发展路线和加速技术融合进行空域基础设施创新的发展思路。最后,提出了未来低空空域规划和航迹规划需关注的重点内容:一是考虑环境和社会因素为核心进行空域规划;二是探索空域划设分阶段、复合型划设策略和特殊区域规划方法;三是针对多样化运行场景,设计航迹规划泛用快速算法。",航空学报,2024/10/30 12:25,期刊,9,4598
低空空域,为低空空域经济高质量发展提供财税支持,王桦宇;陈伊琳,<正>作为一项新兴的战略性经济产业，低空经济的发展得到了党中央和国务院的高度重视，并开始成为新质生产力的有机组成部分。从2021年2月中共中央、国务院在《国家综合立体交通网规划纲要》中首次提出发展低空经济，到2023年12月的中央经济工作会议进一步强调了打造低空经济的必要性，低空经济在国家战略性新兴产业中的重要地位逐步确立。加快布局和切实推进低空经济的高质量发展，需要推动涉及低空经济运作的法律法规的准许和规范，也需要财税、金融、科技、产业、土地、基建、人才等相关政策的配套和支持。,检察风云,2024/9/15,期刊,,380
低空空域,发展低空经济背景下城市低空空域优化策略,郑林;段毅,<正>低空空域资源紧缺，特别是城市低空空域资源紧缺多年来一直困扰着低空产业，成为低空产业发展的重要限制因素。国家空管委、民航局长期以来一直致力于缓解低空空域限制，但可用空域资源不足的现象依然存在。2023年12月，中共中央、国务院将低空经济列为战略性新兴产业，对低空空域资源的供给提出了新的要求。因此，城市能否在国家一系列政策的支持下优化低空空域，将成为低空经济能否高质量发展的决定性因素。,中国科技信息,2024/7/15,期刊,5,897
低空空域,高远洋：通用航空消费未来更精彩,韦敏,<正>自2023年年底中央经济工作会议将低空经济列为战略性新兴产业后，今年低空经济首次被写入《政府工作报告》。受这一连串利好消息影响，地方政府和投资机构已掀起低空经济热。在这股热潮中，如何把握低空经济发展机遇，规避相关投资建设风险，是一个值得关注的话题。围绕这一话题，《企业家》杂志采访了北京航空航天大学通用航空产业研究中心主任、中国交通运输协会路空协同立体交通分会副会长高远洋。需要建大量的通用机场《企业家》：在您看来，低空经济热会给飞行基础设施建设、飞行器制造与飞行运营带来哪些商业机会？高远洋：低空经济旨在有效利用低空资源来发展通用航空，同时带动相关产业的发展，创造新的商业机会。,企业家,2024/7/15,特色期刊,,4
低空空域,低空空域开发现状与低空经济发展策略,张旭,"2016年,国务院发布《关于促进通用航空业发展的指导意见》,通用航空发展迎来重大机遇,引起全社会对国内通用航空发展的密切关注,有关部委、地方政府积极推动政策落实,通用航空相关试点项目、基础工程、产业园区迅速崛起。2021年,国务院印发《国家综合立体交通网规划纲要》,首次正式提出发展低空经济理念,伴随低空空域改革开发工作逐步推进,分别在安徽、四川、湖南、江西、海南五省设立试点。在经济转型升级和科技进步加持的大背景下,低空空域相关联的通用航空及其生态链产业逐步成为新的经济增长点。本文通过对国内低空空域开发现状的分析,提出在中国式现代化发展趋势下有关低空经济发展的策略建议。",中国航务周刊,2024/3/25,期刊,23,4579
低空空域,发展通用航空产业，为自贸港建设作贡献,王吉,"<正>通航产业是习近平总书记""4·13""重要讲话、中央12号文件以及海南""三区一中心""战略定位突出强调的产业。省委七届九次全会通过的《中共海南省委关于制定国民经济和社会发展第十四个五年规划和二〇三五年远景目标的建议》中,明确提出""完善通用航空机场体系,推进通用航空产业优先发展""。",今日海南,2020/12/15,期刊,1,202
产业链,产业链视角下中国无人机企业空间分布与协同关系,陈锦晗;杜德林;王姣娥,【目的】无人机作为低空飞行活动的重要支撑，其产业发展与低空经济密切相关。本文旨在识别无人机产业链上中下游的企业分布格局与协同关系，为优化产业空间布局、促进低空经济高质量发展提供参考。【方法】本文基于企业大数据，通过关键词检索与数据清洗，构建了截至2024年12月31日经营状态正常的中国无人机企业数据库，覆盖了无人机产业链上中下游；在此基础上，采用空间分析方法识别无人机企业空间分布特征，并识别上中下游协同关系。【结果】(1)中国无人机产业以上游原材料供应、零部件制造、核心系统企业较多，其次为下游服务提供商企业，中游整机制造的企业数量相对较少，空间上表现出“东密西疏、南多北少”的格局，以珠三角密度最高，其次为长三角和成渝等地区。(2)上游和中游企业具有显著的空间集聚性，其中以上游企业的集聚系数相对较高。下游企业面向市场，区域分布的差异相对较小。(3)基于各城市的产业链上中下游企业分布，可归纳为协调型、需求型、引导型与培育型城市。其中，协调型城市的产业链相对完整、发展优势显著；需求型与引导型城市则是在部分产业链环节具有优势，但也存在一定短板；培育型城市的上中下游企业数量均相对较少，此类城市数...,资源科学,2025/8/25 16:24,期刊,,199
产业链,商业银行赋能低空经济产业链的创新路径,孟添;陆岷峰;施亚东,低空经济作为我国经济转型的重要新兴形态，其产业链特性催生差异化金融服务需求。商业银行在解决产业链融资难题和创新投融资模式方面具有关键作用。基于低空经济金融需求特征，商业银行应通过优化信贷服务、发展数字供应链金融、提供全生命周期资本服务、推进场景化金融创新及金融科技赋能等手段提供精准支持。同时，为应对市场不确定性、技术风险及跨领域协同挑战，商业银行需提升风险筛查能力，构建技术导向型风控体系并强化协同机制。,区域金融研究,2025/8/15 12:41,期刊,,273
产业链,集中签约83个项目 总投资889.81亿元 凉山重大产业链借“火”突破提升,陈国盼;程磊;李其轩,<正>火把点燃希望，合作成就未来。7月18日，2025年凉山彝族火把节重大产业链招商引资项目集中签约仪式在凉山州西昌市举行，活动共签约项目83个，总投资889.81亿元，涵盖钒钛、稀土、航空航天和低空经济、清洁能源、生物医药等10个产业链。此次活动的举办为凉山大力实施“五大产业链突破提升行动”，构建更具特色优势的现代化产业体系，注入了新的强劲动能。,经营管理者,2025/8/10,期刊,,3
产业链,低空经济绿色发展问题研究：基于产业链与空间视角,娄伟;钟佳珉,低空经济绿色发展的基本原理是以电动化、智能化、轻量化技术为核心驱动力，通过点对点直达、替代高污染场景、高效空域管理和系统集成等模式实现经济发展与生态环保的协调统一。与传统运输航空及地面交通经济相比较，低空经济具有一定的“原生绿色”优势，但是在绿色发展过程中，仍面临产业链协同和全生命周期环保压力较大、资源节约与高效利用能力不足等挑战。有效处理这些瓶颈问题，需要结合低空经济绿色发展的原理来探讨应对路径和模式：从产业链视角来看，需将场景驱动、设计即循环等内在发展逻辑转化为发展优势，并且通过强化上中下游产业横向协同实现系统不断优化；从空间视角来看，需要利用分布式布局和时空压缩等特征，完善敏捷响应机制，并且通过“空天地”纵向一体化推动多方联动。,阅江学刊,2025/8/8 16:48,期刊,,339
产业链,基于技术创新的飞机装备工时优化策略及低空经济产业链赋能研究,孙浩天,在低空经济蓬勃发展的时代背景下，飞机装备制造作为其关键上游产业，工时优化成为提升产业竞争力的核心要素。本文以技术创新为切入点，深入剖析飞机装备工时优化的内在机理，通过系统的理论分析与数学建模，量化研究各影响因素间的关系。创新性地提出基于工业互联网、人工智能、增材制造等前沿技术的工时优化策略，并全面阐述其对低空经济产业链各环节的赋能机制，旨在为航空制造业转型升级与低空经济高质量发展提供科学的理论依据和切实可行的实践指导。,产业科技创新,2025/4/15,期刊,,37
产业链,李丰：中国产业链的形成过程就像搭积木,,<正>近年来，我们投资了多家智能机器人公司和一家低空经济领域的公司。我逐渐意识到，中国产业链形成的过程有点像搭积木。想象一下，搭积木时，我们是顺次来搭的。如今，这些高附加值或新兴科技产业链，并非凭空诞生，而是建立在之前那一块块“积木”——众多的生产制造、加工相关行业层层累积的基础之上。以中国新能源汽车产业链为例。如今，全球最大的电池制造商是宁德时代，英文名为CATL。CATL这个名字源自曾毓群早期创办的ATL公司。ATL起初专注于生产可适配多种电子产品的软包电池，后来转做手机电池，并最终被日本TDK集团收购。2011年，国内开始大力推进新能源汽车产业，曾毓群把握住这一机遇，将动力电池部门从ATL中剥离出来，成立了今天的宁德时代。,中国商人,2025/1/23,特色期刊,,1
产业链,“抢滩”低空经济 产业链何去何从？,部孟月,<正>低空经济作为战略性新兴产业，有望成为新的经济增长引擎，而信息服务是推动低空经济快速规模化发展的关键，低空智联网更是推动低空信息服务高质量发展的基石。近日，产业大咖齐聚“2025 ICT行业趋势年会”之“低空智联网创新论坛”，共话低空经济新趋势，共促数字经济高质量发展。低空经济发展面临多重挑战随着低空经济的蓬勃兴起，其已然成为国家战略性新兴产业的重要组成部分。低空经济发展前景广阔，但仍需产业各方协同合作，构建低空智联网联合产业生态。中国信息通信研究院5G应用创新中心副主任杜加懂表示，当前空域开发面临诸多挑战，需对空域实施“三通一平”举措，将其打造成适宜低空经济发展的“良田”。,通信世界,2025/1/10,期刊,,185
产业链,拆解低空经济产业链,朱克力,<正>2024年4月7日，中国民用航空中南地区管理局向总部位于广州的亿航智能控股有限公司颁发无人驾驶载人航空器生产许可证，这也是全球电动垂直起降飞行器（eVTOL）行业内首张生产许可证，各路媒体纷纷表示“广州在全球率先进入无人驾驶载人飞行时代”。而在稍早的3月，同样在广东，eVTOL“盛世龙”从深圳蛇口邮轮母港起飞，20分钟后抵达珠海九洲港码头，而这段距离地面车程一般需要2.5～3小时。,企业管理,2024/12/11,期刊,6,1509
产业链,低空经济产业链和需配套解决的问题,周航,自步入新时代以来，我国社会和经济迎来快速发展，为进一步刺激市场经济活力，发展低空经济成为重要路径。低空经济产业与社会经济发展存在紧密关系，需要进一步完善低空经济产业链，才能有效推动低空经济发展。本文重点分析低空经济产业链发展概况，深入调查研究低空经济发展特点，探究低空经济主要市场构成，总结低空经济产业链和需配套解决问题研究，希望对从事相关工作人员予以参考和借鉴。,大众投资指南,2024/12/1,特色期刊,,46
产业链,低空经济的产业链与超大规模市场优势研究,张澎,随着我国航空事业的蓬勃发展，我国低空领域逐步放开，有关部委、地方政府积极推动低空经济产业发展相关政策的落实，中央经济工作会议将其定调为战略新兴产业，低空经济获得全新发展。基于此，本文简述了低空经济的内涵、低空经济发展的意义与趋势，探究了低空经济产业链构成与市场规模现状，通过对低空领域开放的历史背景与现状的了解，进一步分析了我国低空经济超大规模市场优势以及发挥这一优势的关键问题。最后在低空经济产业链发展的背景下提出完善配套措施、争夺低空经济先手优势的策略方法。,公关世界,2024/11/26,期刊,9,1753
产业链,努力提升低空经济产业链供应链韧性和安全水平,田刚印,<正>党的二十届三中全会关于提升产业链供应链韧性和安全水平制度的相关论述，为低空经济事业安全发展高质量发展指明了方向。低空经济是以民用有人驾驶和无人驾驶航空器为主，以载人、载货及其他作业等低空飞行活动为牵引，辐射带动相关领域融合发展的综合性经济形态，主要包含低空制造、低空保障、低空飞行及综合服务等重点方向。内涵有新旧之分：旧的以通用航空为主，以通航机场和通航产业园为主要载体，开展应急、观光旅游、载人载货、海上油服等业务；新的是有人机和无人机融合发展，无人机已占绝对数量和产值优势，业务全面渗透进消费类、工业类和民航类，形成新质生产力。,北京观察,2024/9/15,期刊,1,539
产业链,广深地区低空经济全产业链发展的策略研究,田镇宁,广深地区作为中国经济发展的重要引擎，近年来在推进低空经济发展方面取得了显著成效。通过构建通用航空产业链、建设无人机产业基地和创建低空经济示范区，该地区不仅促进了产业规模的扩大，还优化了产业结构。然而，这一发展过程并非没有挑战。通用航空产业的配套设施不足限制了产业的快速扩张；低空空域管理体制的改革步伐缓慢，影响了航空活动的便捷性和安全性；产业配套建设的不完善也制约了产业链的完整性。为了应对这些问题，广深地区需要加快基础设施建设，提升服务能力，同时推动政策创新，简化审批流程，以适应低空经济发展的需求。此外，加强人才培养和技术研发投入也是关键，这将有助于提高产业自主创新能力和竞争力。通过这些措施，广深地区有望在低空经济领域实现更加持续和健康的发展，为区域乃至国家经济增长贡献新的动力。,中国商论,2024/8/30,期刊,6,1164
产业链,起飞！航向未来 湖北武汉对通用航空产业链进行质量提升,曹坤鹏,<正>“低空经济”是指以民用有人驾驶和无人驾驶航空器为主，以载人、载货及其他作业等多场景低空飞行活动为牵引，辐射带动相关领域融合发展的综合性经济形态。2023年，中央经济工作会议明确指出，“打造生物制造、商业航天、低空经济等若干战略性新兴产业”。2024年1月1日，《无人驾驶航空器飞行管理暂行条例》已正式施行，标志着我国无人机产业将进入“有法可依”的规范化发展新阶段。湖北武汉抓住机遇。作为我国中部的重要交通枢纽，近年来在通用航空产业的发展上迈出了坚实的步伐。2016年，汉南区被国际航联选为世界飞行者大会（WFE）的永久会址，通航运营业务扩大范畴，后官湖湿地公园、东湖风景区、常家山国际运动公园等已开通空中游览、低空运动等通航文旅服务项目。,中国质量监管,2024/2/18,期刊,,71
产业链,完善低空经济产业链 推进通航制造产业升级,陈卓,<正>通用航空发展具有重要的战略意义，与公共运输航空具有同等重要的战略地位，与诸多行业的发展关系密切，包括通航飞机的生产、制造、依托低空空域的运行，同时辐射旅游、客运、服务、培训、科研等众多产业，形成低空经济产业链结构，不断推动社会发展，提高人民生活水平。在国内低空空域改革的背景下，一些城市较早完成了航空产业布局规划，城市空中交通等行业蓄势待发。从城市通用航空长远发展的角度来看，城市的航空产业规划还须结合资源禀赋，做好商业布局，深挖市场需求，实现高端制造产业升级；积极出台低空运行管理文件，完善公共低空出行规则，维护公共安全与生态利益，实现通航服务现代化。,大飞机,2023/10/28,期刊,5,2125
产业链,低空经济产业链以及配套问题解决方法研究,何行;张廷玉,"<正>近年来我国低空开放面积逐步增大,低空领域经济获得全新发展。本文通过研究低空领域开放的历史背景与现状,分析低空经济相关的产业链以及其相关配套问题,并提出具体的解决方法。针对低空经济运行管理机制配套问题,提出建立高效空中管理运行机制的方法;针对低空经济运行法律法规配套问题,提出建立规范化法律方针的方法;",中国经贸导刊,2021/11/25,期刊,16,2925
产业链,中国通用航空发展空间与产业链,冯超,"通用航空是资本、技术密集,且关联度很高的产业,符合我国产业升级与消费升级的方向。通用航空产业链很长,涵盖第二第三产业,直接涉及建筑业,新材料、电子、机械、能源等制造业,培训、租赁、售后、运营、商务、维修、金融、保险、信息等服务业,其就业带动效应非常明显。在我国传统产业趋于饱和之际,通用航空产业发展受到了政府以及社会各界的高度关注。目前,尽管我国在航空器制造、保障服务及运营方面尚处于起步阶段,但随着政府不断出台措施完善发展环境,我国通用航空产业在整体规模、市场需求及提供就业方面均存在巨大的发展空间。为加快中国通用航空发展,使通用航空真正成为新的经济增长点,需借鉴国外发展经验和技术,加大低空空域开放力度,完善相关标准;抓住机遇,提升我国通用航空制造水平;发挥市场作用,鼓励多元化运营。",中国流通经济,2014/5/23,期刊,73,5050
产业链,我国低空经济产业链和需配套解决的问题,高世伟;李艳华,"通过对我国低空开放历程、进展及前景的回顾和分析,指出随着低空开放,将催生一个庞大的低空经济产业链,文中对产业链的主要环节做了分析,并对开放优势变成产业优势提出对策建议。",港口经济,2013/11/20,期刊,15,2635
低空经济示范区,电商产业园区与低空经济示范区协同发展研究,卜莹雪,低空经济作为战略性新兴产业，产业链条长，为各行各业的创新发展注入了源源不断的活力。其中，电商产业园区在基础设施、技术应用、政策创新、物流效率、产业生态上与低空经济示范区形成了高度互补趋势，有效降低电商运营成本并提高物流效率。深入探索电商产业园低空经济示范区的进一步发展，能够为构建“空中+地面”的立体化经济模式提供重要支持。本文以二者的协同共生核心机制为切入点，探讨了当前面临的挑战与可采取的策略，期待低空经济与电商产业共筑1+1>2的未来景象。,中国航务周刊,2025/8/11,期刊,,47
低空智能网联体系,低空智能网联体系赋能低空经济规模化发展,刘牧洲;肖海浪;周晶;席绪亚;赵慧,低空经济已列入战略性新兴产业，成为发展新质生产力的重要方向。低空智能网联体系是加速低空经济规模化发展的有效途径之一。低空智能网联体系以空地融合网络为基础，集成诸如导航、气象、感知、算力等多元数智能力，提供连接、监管和算力的低空智能网联服务，赋能各类低空应用创新场景。低空智能网联体系将塑造“自由飞、智能用、精细管”的低空经济规模化发展新格局。,信息通信技术与政策,2024/11/25,期刊,2,389
“新”,“卓粤”广东，向“新”而行,安宁;田新元;王军善,<正>拥有全部31个制造业大类，其中15个规模位居全国第一；形成9个万亿级产业集群，8个先进制造业集群入选“国家队”；智能手机、工业机器人等优势产品产量全国第一……“十四五”期间，以“再造一个新广东”的雄心，广东省在科技创新、未来产业等领域都取得了瞩目成效。,中国战略新兴产业,2025/8/1,特色期刊,,
“新”,文成：山水侨城 向“新”发力,叶小西;包永强;刘超荣,<正>与亿航智能设备（广州）有限公司合资成立运营公司，成为目前唯一拿到型号合格证、标准适航证和生产许可证的无人驾驶电动垂直起降航空器（简称e VTOL）浙江区域总代理；华润饮料温州生产基地开工建设；创成第五批浙江省文明县……一个个令人惊艳的变化，如一朵朵耀眼浪花，翻涌于“山水侨城”的发展浪潮之中。文成正向“新”而行，展示出高质量发展的新姿态。,今日科技,2025/2/20,期刊,,10
“新”,持续向好 我国物流业向“新”求质,蒋永霞,<正>2024年，我国物流运行保持平稳较快的增长势头，社会物流总额再创新高，社会物流成本也一再降低，为我国经济运行发展提供了良好助力。在行业发展过程中，以科技创新催生的产业新动能势头强劲，无人机、无人车、低空经济等新设备、新模式不断涌现，这些向“新”求质的探索，不仅展现出物流业强大的活力，更是物流业前进的动力。,中国商界,2025/1/15,期刊,,9
“新”,海城市:向“新”而行 逐“质”攀高,秦涛,<正>聚焦低空经济发展新质生产力、推动菱镁产业智能化升级、打造西柳电子商务产业园区……近年来，海城市向新图强，“三箭齐发”，不断增强发展新动能，推动县域经济高质量发展。聚焦低空经济布局六大场景发展新质生产力前不久，“北纬40度海城质造”城市品牌发布暨2024海城市低空经济应用场景论坛举行。来自国内高校、科研机构、行业应用领域的专家学者以及海城域内外低空经济上下游企业、中国电信合作伙伴负责人等100余人参加论坛。,共产党员,2025/1/14,特色期刊,,12
“新”,聚“新”成势，航空产业“飞”出新高度,李霁玥,<正>逐梦蓝天，蜀人脚步从未停息。三千年前，古蜀人将翱翔天空的梦想寄托于“太阳神鸟”；三千年后，今蜀人飞天逐梦的步履愈发坚实有力：3月，沃兰特的电动垂直起降飞行器（e VTOL）智能制造项目落户自贡航空产业园；8月，国内首个飞机拆解和循环利用项目在成都正式开启；9月，四川省政府与中国民用航空局签署战略合作协议，双方携手，全面推动四川民航高质量发展；……短短时间，动作频频，背后释放信号明显：大力发展航空产业，四川致力建设“航空强省”。,经营管理者,2024/11/10,期刊,1,29
“新”,浙江工商大学计算机科学与技术学院杨柏林教授团队 科研向“新”带动产业提“质”,陈闯,<正>在浙江省自然科学基金委员会下达的2024年度浙江省基础公益研究计划项目中，浙江工商大学9个项目获立项，其中，计算机科学与技术学院杨柏林教授团队（以下简称“团队”）的“极低照度多光谱成像降质机理建模与高质量复原技术研究”获省自然科学基金重大项目资助。长期以来，团队紧紧围绕国家未来产业数字化发展所需，在数字媒体、大数据可视分析、虚拟（增强）现实、人工智能等科研方向深耕细作，从产业发展中发现问题，在科研创新中解决问题，推动一系列科研成果转化，助力产业转型迭代。,今日科技,2024/9/29,期刊,,113
“新”,三大运营商2024年中期业绩 “稳”增长、“新”凸显,邓璐;李毅君;刘今超,<正>三大运营商均已于8月份发布了2024年中期业绩（见附表），面对外部环境错综复杂、行业增长新旧动能转换等压力，运营商整体仍保持稳健增长态势，发展呈现新亮点、新趋势，结构转型持续提速，5G-A、算网等新型基础设施实现规模部署，科技创新成效显著，AI、低空经济、安全等关键领域布局加速完善。下一步，三大运营商仍需以科技创新为引领，瞄准战略性新兴产业及未来产业的关键赛道，跑出加速度、争创新优势，加快壮大新动能，助力形成新质生产力。,通信世界,2024/9/10,期刊,,86
“新”,追“新”逐“质” 达州县域经济协同共进,车文斌;周淼葭;黄世涛,<正>6月26日，四川省委省政府发布《关于推动新时代县域经济高质量发展的意见》，7月10日，四川省县域经济发展推进会议召开，进一步作出了壮大县域经济，夯实区域协调发展底部根基，推动四川现代化建设的部署。川东重镇达州，资源富集，交通便捷，享有“巴人故里、红色达州、中国气都”美称，是成渝地区双城经济圈北翼振兴战略支点。新时代，新征程，新伟业。深刻领悟“发展新质生产力是推动高质量发展的内在要求和重要着力点”核心要义，达州明确“以创新为主导加快发展新质生产力，积极构建富有达州特色和优势的现代化产业体系”为主攻方向，围绕天然气、锂钾、能源、森林四大资源，突破关键核心技术，加快创新链产业链深度融合，深入推进制造业“智改数转”，推动人工智能、勘探开发、高端化工、高性能纤维、清洁能源、农林生物、智能装备制造七大领域关键技术攻关，开辟数字经济、低空经济、三大纤维材料、丘区智能农机装备等产业新赛道，支撑引领城乡融合高质量发展。各县（市、区）因地制宜、精准施策，向新而行，着力推进以县域为重要切入点的城乡融合发展。,当代县域经济,2024/8/5,期刊,,174
“新”,未来产业发展驱动新质生产力——低空经济的促“新”,樊文青,当今世界，科学技术在飞速发展，知识经济正逐步取代传统经济模式，在全球经济发展中起着主导作用。新质生产力的提出，迎合了时代对于高质量发展的要求，促使我国进行新一轮的科技革命和产业变革。目前，我国正在推动传统产业向新兴产业转型，并且布局建设未来产业。本文主要通过介绍低空经济和其发展情况，运用综合评价的方法，通过分析发展低空经济的代表性公司来阐述低空经济对新质生产力的推进作用。,中外企业文化,2024/7/25,期刊,,240
“新”,低空经济“新”在哪里？,吕人力;于一;许东松,<正>2023年12月召开的中央经济工作会议明确提出打造低空经济等战略性新兴产业。2024年，低空经济被首次写入“两会”政府工作报告中。在2024年3月民航局召开的通用航空工作领导小组会议上，宋志勇局长表示，要深刻把握低空经济是新质生产力的代表，发展低空经济是培育竞争新优势、打造增长新引擎、增强发展新动能的战略选择。这意味着低空经济的战略性新兴产业的地位已经明确，并且将成为促进民航高质量发展的重要动力。那么，,民航管理,2024/5/15,期刊,3,237
“新”,湖畔小城“新”潮澎湃,刘小草,<正>低空经济“飞”出新质生产力、传统制造业“转”出新质生产力、农田沃野“长”出新质生产力……暮春时节，坐落在鄱阳湖畔的小城共青城处处春色锦绣，“新”潮澎湃。江西共青城市面积小、人口少、工业基础较弱，面对“先天不足”的条件，如何闯出一条新路，才能在区域竞争格局中争先进位？“坚持科技创新引领，加快形成新质生产力。”共青城市委书记卢治轩表示，这让城市发展有了更多期待。,大众投资指南,2024/4/20,特色期刊,,2
“新”,金融向“新”：为未来经济和个人发展汲取智慧和力量,张奥平,<正>新质生产力，包括人工智能、大数据、云计算等先进技术，正逐渐渗透到我们生活的每一个角落，改变着我们的行为方式、思维模式和工作模式。在现代经济的大潮中，新质生产力正逐渐成为推动社会进步和经济发展的关键力量。为了深入探索新质生产力的内涵及其对当代社会的影响，我们特别邀请了经济学家、新质未来研究院院长张奥平先生接受《现代商业银行·财富生活》的专访。在本次专访中，我们将围绕新质生产力的内涵、发展现状及未来趋势展开深入对话。同时，我们还将探讨新质生产力与个人生活和职业发展的紧密联系，以及科技创新在其中的重要作用。让我们一同跟随本期专题的脚步，共同探索新质生产力的奥秘，为未来经济和个人发展汲取智慧和力量。,现代商业银行,2024/4/15,期刊,,78
“新”,解读政府工作报告里的“新”词“新”语,,<正>全国两会刚刚落幕，政府工作报告新鲜出炉。我们观察到，本次政府工作报告中，出现了不少“新”词“新”语：创新药、氢能、新型储能、商业航天、低空经济、人工智能+……它们与我们的生活息息相关，更是拉动中国经济高质量发展的新增长引擎。如何理解这些新词，它们背后的产业发展状况如何？本期专题为您一一解读。,中国战略新兴产业,2024/4/1,特色期刊,,17
“新”,万亿产业从“新”出发,周书婷;陈晴,"<正>发展低空经济，需要用新技术突破、新机制协同、新政策支持。中央经济工作会议指出,要以科技创新推动产业创新,特别是以颠覆性技术和前沿技术催生新产业、新模式、新动能,发展新质生产力。低空经济作为战略性新兴产业,链条长、应用场景丰富,是培育发展新动能的重要方向,有望成为新的经济增长点。",产城,2024/3/25,期刊,,68
“新”,成都淮州机场 向“新”前行，建设低空经济发展示范,李丹,"<正>当前，站在低空经济方兴未艾的关键节点上，成都通航产业园正迎风起势，因地制宜谋划发展低空经济新赛道。热血的红色航空文化长廊、多样化的航空知识、沉浸式的飞行体验、独一无二的真机接触、深度沉浸的模拟飞行、趣味十足的低空游览……如今,这些已经成为不少市民和外地游客来淮州机场打卡的热门体验项目。数据显示,2023年,淮州机场接待游客超5万人,研学人数3.6万人。",产城,2024/3/25,期刊,1,364
“新”,沈阳：以科技创新引领产业向“新”,陶阳,"<正>今年，沈阳市实施新质生产力培育行动，推进新能源及新型储能、低空经济、生物医药及医疗装备、集成电路装备等战略性新兴产业融合集群发展。超越8000亿,登上新台阶！数据显示：2023年,沈阳市地区生产总值达8122.1亿元,增速高于全国0.9个百分点,高于全省0.8个百分点,经济运行延续回升向好态势。",商业文化,2024/3/15,期刊,1,37
“新”,激昂地方向“新”力,陈希琳,<正>一年春作首，万事行为先。在2024年这个实现“十四五”规划目标任务的关键一年，各地紧扣“向新质生产力要增长新动能”主旋律，省级两会陆续胜利闭幕，“新质生产力”成为地方政府工作报告中的“高频词”，为实现经济增长预期目标提供了新的更多有力抓手。打好“未来牌”。黑龙江提出，实施未来产业孵化与加速计划，前瞻布局深空、深海、深地等未来产业，培育形成新质生产力。北京提出，促进新能源、新材料、商业航天、低空经济等战略性新兴产业发展，开辟量子、生命科学、6G等未来产业新赛道。山西提出，瞄准科技前沿，挖掘优势潜力，布局发展高速飞车、绿色氢能、量子信息、前沿材料等未来产业，支持发展氢能制储运加用全产业链，加快形成新质生产力。打好“创新牌”。广西提出，大力培育专精特新、单项冠军、瞪羚企业等创新型企业，建立健全“企业出题、科技答题”机制，实施产业类科研项目企业牵头制。山东提出，充分发挥企业创新主体作用，开展科技领军企业提升行动，鼓励龙头企业建设创新联合体，加大科技研发投入补助。新疆提出，深化“四方合作”和科技援疆机制，以丝绸之路经济带创新驱动发展试验区和乌昌石国家自主创新示范区为引领，,经济,2024/3/1,期刊,1,56
协同发展,电商产业园区与低空经济示范区协同发展研究,卜莹雪,低空经济作为战略性新兴产业，产业链条长，为各行各业的创新发展注入了源源不断的活力。其中，电商产业园区在基础设施、技术应用、政策创新、物流效率、产业生态上与低空经济示范区形成了高度互补趋势，有效降低电商运营成本并提高物流效率。深入探索电商产业园低空经济示范区的进一步发展，能够为构建“空中+地面”的立体化经济模式提供重要支持。本文以二者的协同共生核心机制为切入点，探讨了当前面临的挑战与可采取的策略，期待低空经济与电商产业共筑1+1>2的未来景象。,中国航务周刊,2025/8/11,期刊,,47
协同发展,长三角低空经济高质量协同发展的路径研究,兰建平;吴骏毅,低空经济的提出，既体现国家对低空资源利用的重视，又彰显中国在全球通用航空领域的理论创新和实践探索。长三角一体化国家战略明确支持低空经济发展。在研究低空经济协同发展理论基础、对标区域、长三角要素基底论证分析的基础上，提出要统筹发展和安全、竞争与合作、市场和政府、当前和长远、自主和开放五对关系，以及做好制度协同创新的顶层设计方案，产业链融通建设世界级产业集群，强化创新协同实现两创融合、教科人一体，推动新型基础设施网络化、标准化、共享化布局，联合开发能够商业化运作的超级场景，共同放大国家低空经济试点城市效应等政策建议，为长三角低空经济高质量协同发展提供参考借鉴。,浙江工业大学学报(社会科学版),2025/7/30 13:15,期刊,,528
协同发展,低空经济与智能物流协同发展研究,刘洋,低空经济作为一种新兴的经济形态，与智能物流的深度融合是推动经济高质量发展的重要方向。本文通过分析低空经济与智能物流的内涵及关联机制，探讨无人机配送、智能仓储等协同应用场景，剖析技术瓶颈与政策挑战，并从基础设施、技术创新、标准体系等方面提出协同发展路径，旨在为构建“空地一体”的智能物流体系提供理论参考，助力低空经济规模化发展。,中国物流与采购,2025/7/16,期刊,,38
协同发展,低空经济与新质生产力协同发展：逻辑机理、结构框架与关键路径,王珏,随着新质生产力培育和发展的逐步推进，低空经济因其以科技创新为核心、以资源高效利用为目标、以产业融合为主要表现成为新质生产力的典型代表。低空经济与新质生产力内在逻辑的高度一致性决定了二者具有高度协同性，并在生产力三要素上有所体现：基于劳动者智力化协同形成新动能；基于劳动工具智能化协同构建产业体系；基于劳动对象数字化协同打造发展生态。由于低空经济尚处于起步阶段，在发展过程中仍存在基础设施薄弱、管理体系滞后和安全管控平台缺失等问题，要进一步加强低空智联网建设、体制机制创新和产业体系构建，推动低空经济与新质生产力协同发展。,新疆师范大学学报(哲学社会科学版),2025/7/8 14:34,期刊,,1590
协同发展,流空间视角下我国航空运动产业与低空经济协同发展的学理意涵、内生逻辑与实践进路,巫文涵;韩松,"<正>研究目的:2023年,中央经济工作会议首次将低空经济列为战略性新兴产业;2024年,低空经济等新增长引擎首次被写入政府工作报告,标志其正式成为我国国家战略的重要部分;12月,国家发展改革委低空经济发展司正式挂牌成立。2025年,政府工作报告将低空经济发展力度从""积极培育""转向""培育壮大"",为其绿色低碳高质量发展道路进一步指明了方向,低空经济从政策破冰逐步迈向创新驱动、价值转化的发展新纪元。作为低空飞行活动的重要组成部分,航空体育运动能有效拓宽低空经济新技术、新产品、新场景应用深度和广度;同时,航空运动产业更将借其发展红利,协同战略性新兴产业集群培育工程,构建具有制度优势的产业生态体系。",2025第十三届体育管理科学大会摘要集,2025/6/27,中国会议,,9
协同发展,新疆低空经济协同发展模式研究,王少杰,低空经济作为新质生产力的代表，应用场景快速拓展。新疆维吾尔自治区位于我国西北地区，地域辽阔，低空经济市场需求潜力大。总体看，当前亟需紧抓新疆发展低空经济的战略机遇，明晰低空经济发展的战略定位及分阶段发展目标，构建以低空运营服务为牵引，以低空飞行器制造为支撑，以测试领域创新发展为特色的协同发展模式，加快将新疆打造成立足西部、辐射中亚的低空经济创新发展高地。,财经界,2025/6/1,期刊,,58
协同发展,四川高速公路与低空经济的协同发展思路,王珺菁;罗韵东;张峻豪,<正>作为新质生产力的重要组成部分，低空经济在“高速+交旅融合”的场景下发展势头迅猛。高速公路作为交旅融合的重要载体，其基础优势极大提升了低空经济发展效能和服务触达性。同时，高速公路和低空经济融合也面临政策壁垒多、产业链条不完备、产业基础较薄弱等亟需解决的发展障碍。四川作为高速公路大省，未来将在政策端、产业端、需求端推动高速公路与低空经济产业高质量融合，完善低空经济相关政策规划，增加路网沿线低空遥感通信、无人、载人等基础配套，探索低空经济在路网文旅休闲、乡村振兴、物流配送、应急救援、勘测巡检等方面的创新场景应用。“高速公路+低空经济”有利于赋能交旅融合提质升级，实现高质量发展。,中国公路,2025/4/16,期刊,,59
协同发展,5G-A解锁数字密码，构建协同发展新格局,杜加懂;张天静,5G-A作为5G的演进技术，在推动产业升级和经济发展中扮演着关键角色。文章通过系统研究5G-A标准演进、网络建设及应用探索情况，深度剖析5G-A规模发展面临的技术、生态、商业三重发展阻碍，并给出具体发展建议，有力支撑构建多方协同的5G-A发展体系。,信息通信技术,2025/4/15,期刊,,2
协同发展,加强与东盟协同发展 助力低空经济高飞,李小芹,低空经济作为新兴经济形态，正成为全球经济增长的新引擎。本文从分析中国与东盟低空经济发展现状出发，直面双方合作面临的机遇与挑战，基于东盟航空一体化达到的成效和“一带一路”倡议以及《区域全面经济伙伴关系协定》(RCEP)框架内容，从加强中国-东盟一体化出发在政策优化与技术标准、推进基础设施共建互联、产业合作、优化人才培养技术交流等方面提出合作建议，希望通过各方努力持续推动中国与东盟低空经济的高质量发展。,经济界,2025/3/2,期刊,,90
协同发展,数字经济与低空经济协同发展的内在机制与实现路径,蒋雯;李冰,<正>数字经济是我国发展新质生产力的关键引擎，低空经济则是新质生产力的重要组成部分，数字经济与低空经济协同发展对推进我国经济高质量发展至关重要。从内在机制看，数字经济与低空经济通过资源驱动机制、产业促进机制、生态赋能机制，实现双向拉动、协同发展的格局。随着全球经济的数字化转型，数字经济成为推动经济增长和社会进步的重要力量。党的二十大正式提出加快发展数字经济，促进数字经济和实体经济深度融合，打造具有国际竞争力的数字产业集群。中共中央、国务院于2023年印发了《数字中国建设整体布局规划》，为全面提升数字中国建设的整体性、系统性、协同性，促进数字经济和实体经济深度融合作出具体安排。,数字经济,2025/2/25,期刊,1,275
协同发展,长三角区域低空经济协同发展的立法保障研究,张楠;李诚,长三角区域是我国经济法发展的先行地，也是发展低空经济产业的重要基地。长三角区域低空产业在“三省一市”发展中呈现出各有优势、各有特点的表现。长三角区域为了布局未来低空经济发展的重大战略采取了部分优先立法模式，但总体呈现出立法主体低、整体法律规范不健全、地方立法协同性不足等问题。其主要原因是存在区域经济发展不平衡、协同立法经验不足等问题。长三角区域低空经济发展要破除发展瓶颈建议国家指导修改协同立法模式，建立各城市特色立法。,商业观察,2025/1/25,期刊,1,452
协同发展,“低空+轨道”如何协同发展？专访国家最高科学技术奖获得者、中国科学院院士、中国工程院院士李德仁,潘奕婷,<正>在城轨交通日新月异的发展中，如何与多种交通方式融合，构建高效、智能、绿色的交通体系，成为行业内外共同关注的焦点。在中国城市轨道交通协会工程建设专业委员会2024年年会暨中国轨道交通绿智融合发展（广州）论坛的现场，以交通融合发展的创新之路为主题，国家最高科学技术奖获得者、中国科学院院士、中国工程院院士李德仁接受了深度专访。在采访中，李德仁院士剖析了轨道交通与低空经济等多种交通方式融合发展的新趋势，以及构建智能化交通体系的关键路径，描绘出未来交通更为清晰的宏伟蓝图。,城市轨道交通,2025/1/15,期刊,,151
协同发展,低空经济与智能物流协同发展的逻辑、挑战与推进路径,李梅;张予洁;卢忠东;林中明;梁狄,低空经济作为我国战略性新兴产业，是经济的增长点，其与物流行业的转型升级密切相关，二者的协同发展是推动物流创新变革的关键。文章聚焦低空经济背景下的智能物流协同发展，探讨其内在逻辑、面临的挑战及推进路径。低空经济通过突破空间限制、优化运输路径、提升响应能力以及整合各类资源，为提升智能物流的效能提供了强大动力；智能物流则基于精准运输、高效运转和信息集成等需求，驱动低空经济业态不断创新。文章提出，低空智能物流协同产业集群遵循资源共享、技术创新与市场拓展的共生逻辑，共同促进协同发展。针对协同过程中面临的合规性、科技应用、经营管理、人力资源等多重挑战，提出从优化政策法规、加强科技创新、推动市场运营转型、健全人才培养体系等路径推动二者协同发展，最终实现智能物流的可持续与高质量发展。,企业科技与发展,2025/1/2 17:19,期刊,5,1392
协同发展,京津冀低空经济协同发展潜力大,李沛霖;卢伟,<正>京津冀三地联合签署《低空经济产业发展战略合作协议》，成立京津冀低空经济产业联盟，共同推进飞行服务平台统一建设、协同运行、信息互通，标志着三地已在低空经济产业的研发、制造及场景应用方面高度互补，达成协同培育低空经济产业的重要共识。低空经济有望成为推动京津冀协同发展走深走实的重要新抓手。目前，京津冀地区低空经济已有一定规模，通用航空市场和无人机市场的发展尤为迅速，上下游产业加快成链成群，产业基础逐渐夯实。低空经济设施配套与服务保障能力显著提升，低空经济研发试验平台、运营孵化平台协同推进。,汽车画刊,2024/12/25,特色期刊,,21
协同发展,低空经济协同发展助推新质生产力发展的逻辑与路径,赵光辉;李重荣,新质生产力是新时代高质量发展的关键动因，低空经济作为新质生产力的重要组成部分，属于关键的战略性产业，其融合了多个领域和业态，具有覆盖面广、科技含量高等特点。通过掌握低空经济的协同发展，可以助推新质生产力的发展，并发挥低空经济对战略性新兴产业的核心引领作用。文章研究结果表明，低空经济的产业链协同、应用场景协同以及人才与财务资源协同，成为低空经济促进新质生产力发展的重要途径。这些协同关系夯实了新质生产力的发展动力点，推动了经济体系的可持续增长。,企业科技与发展,2024/12/3 10:37,期刊,9,2316
协同发展,科技创新驱动低空经济与现代化产业体系协同发展——从技术集成到产业转型,谢捷;陈柳钦;李雁,作为战略性新兴产业，基于科技创新驱动的低空经济在中国现代化产业体系的构建中扮演着日益重要的角色。文章聚焦低空经济的技术集成与产业转型过程，分析其在国家政策支持和市场驱动下的发展情况。低空经济不仅在航空器制造、基础设施建设及飞行服务等关键环节构建出多维应用场景，而且还与工业、农业及服务业深度融合，展现出强大的经济拉动效应与巨大的应用潜力。通过无人机技术、5G、人工智能等前沿科技的集成应用，低空经济展现出跨行业协同的巨大潜力。然而，低空经济的发展仍面临政策法规不完善、产业链脆弱、技术瓶颈等多重挑战。文章从科技创新视角出发，提出了低空经济与现代化产业体系协同发展的路径，包括政策支持、产业链优化、跨界融合及低空通信网络构建，旨在为中国经济高质量发展提供理论支撑和实践指导。,企业科技与发展,2024/11/20 13:08,期刊,4,1978
协同发展,智慧交通与低空经济协同发展的空间规划策略研究,杜智民;高超;陈泽鹏,随着技术革命与空间革命对人类社会的加速重塑，推动智慧交通系统与低空经济的协同发展成为构建三维立体城市空间的关键路径。基于空间协同理论、复杂系统理论、空间句法理论、新经济地理学理论、韧性城市理论等，分析智慧交通系统的空间布局特征和低空经济的空间发展模式，探索两者的空间协同机制和协同发展的空间规划策略。研究发现，智慧交通系统为低空经济提供了高效的地面支撑和空间信息服务，低空经济的发展推动了智慧交通系统向三维空间的延伸和创新；低空经济的空间发展模式正在形成一个立体化、网络化、智能化的新型城市空间体系，通过科学规划低空交通走廊、合理布局空中枢纽、优化地空接驳设施的空间分布，低空经济能够创造出新的城市空间形态和经济增长点；智慧交通与低空经济的空间协同机制体现了城市系统的复杂性和整体性，可以通过空间布局、技术应用和管理制度的协同，构建三维立体交通网络，优化空地一体化枢纽布局，推进智慧空间信息系统建设，完善空间规划法规和管理机制等，形成新型城市空间治理模式，推动城市向智能、高效、宜居的方向发展。,长安大学学报(社会科学版),2024/9/30,期刊,6,1186
飞行汽车,飞行汽车产业发展现状、若干问题及建议,曾立锵;张朝权;莫秋凡;陈宏伟,<正>飞行汽车作为一种陆空两用的新型交通工具，近年来在技术进步和社会需求的共同助推之下，迎来产业化快速发展。不仅传统航空和造车企业布局飞行汽车研发，还涌现出大批创新型科技企业，越来越多飞行汽车型号通过审定，相关政策要求也陆续发布或逐步完善。但受制于核心技术、空域资源、应用场景和政策法规等因素，现有的飞行汽车规模化应用和管理还存在许多问题，阻碍产业进一步发展。因此，我国应发挥好地域辽阔、市场庞大、场景丰富等优势，开展产业链强链补链，加速技术研发、生产制造、场景落地、基础设施建设，逐步构筑“通道+网络”的低空航线布局，完善低空飞行相关政策法规，推动低空飞行产品合法合规落地。,汽车与配件,2025/7/15,期刊,,96
飞行汽车,政策赋能飞行汽车,李琳,<正>全球低空制度均在起步阶段，各国资源禀赋和法律框架基础的不同导致了差异化的发展路径。从神话故事里的嫦娥奔月，到“诗仙”李白笔下的“扶摇直上九万里”，再到100多年前第一架飞机横空出世，人类关于翱翔碧空的浪漫梦想延续千年。如今，在全球交通革命的背景下，人类飞行又拥有了一项新的选择——飞行汽车。,汽车观察,2025/6/15,期刊,,25
飞行汽车,对话沈映春:“飞行汽车”距离现实还有多远?,李艳艳,"<正>“现在全世界都在攻克这个难题。”试想一下,出门时,我们可以打个“飞的”,而不只是打车。这并非只停留在动漫特效和人们的想象之中,而是沈映春坚定看好的通勤日常——在并不遥远的未来,不管是私人飞行还是商务飞行,都将是低空经济发挥市场潜力的应用场景。沈映春是航空领域知名学者。她是北京航空航天大学教授、知识产权经济研究所所长,长期研究科技创新和战略性新兴产业。她的新书《低空经济:中国经济发展新引擎》,深度剖析了低空经济及产业链。近期,沈映春接受了《中国企业家》的独家专访。",中国企业家,2025/6/5,期刊,,26
飞行汽车,飞行汽车行业简析,,<正>飞行汽车是指能够在路面行驶和空中飞行两种模式间切换的交通工具，它结合了传统汽车与航空器的特点。这种交通工具的设计理念旨在解决交通拥堵问题，并为人们提供更加灵活、快捷的出行方式。发展飞行汽车的核心目标是为了缓解城市交通拥堵、提升立体交通效率、推动绿色出行。通过利用三维空间中的空中路径来避开地面交通堵塞，从而缩短出行时间。,汽车与配件,2025/5/28,期刊,,171
飞行汽车,飞行汽车下一个风口,,"<正>“在政策与技术革新的双重推动下,低空经济作为新质生产力之一,快速崛起。”《汽车观察》于2025年1月发文称,“飞行汽车与新能源汽车产业契合度很高,对于这一万亿级的蓝海市场,车企争相布局。对于车企来说,制造飞行汽车是强化智能化品牌力的好方式以飞行汽车为自身的智能化、电动化实力做背书,车企可以为资本市场讲出更好的故事。”",汽车观察,2025/3/15,期刊,,71
飞行汽车,刷屏一年的飞行汽车能上天了？,王茜,<正>自2023年年底，低空经济被我国列为战略性新兴产业以来，经过探索各种场景，很多新变化发生了，尤其在飞行器制造领域，从之前“造出来”实现“首飞”，到如今瞄准“飞起来”实现真正的商用，各种政策利好和商业破局，促使行业变革迎来关键时刻。截至目前，我国已有近30个省份将发展低空经济写入地方政府工作报告或出台相关政策争相布局低空经济，,法人,2025/1/15,期刊,,89
飞行汽车,低空经济飞行汽车用动力电池关键材料开发进展,邵宗普,近年来，我国低空经济发展迅速，作为新质生产力和未来产业，被积极打造成新的增长引擎。飞行汽车作为低空经济的重要组成部分，其发展规模和技术发展水平是决定低空经济能否迅速普及、迈向新台阶的重要影响因素。与常规新能源汽车不同的是，飞行汽车对电池能量密度和安全性能提出了更高的要求，发展高比能、高安全的锂离子电池成为匹配其需求的大势所趋；其中高性能正极等关键材料的开发，是实现飞行汽车用动力电池产业化突破的关键。本文将简要论述飞行汽车的发展历史及现状、飞行汽车用动力电池的特殊要求及其关键材料的开发方向，并探讨低空经济飞行汽车用动力电池商业化应用的开发路线。,山东化工,2024/12/23,期刊,1,351
飞行汽车,飞行汽车引爆低空经济：科幻正在走进现实,郑雪芹,"<正>千米低空、打飞的自由……科幻电影的场景正逐步走进现实，飞行汽车或将成为未来交通领域的璀璨新星。以飞行汽车、无人机为代表的低空经济正在打开下一个万亿级新赛道的大门。被誉为“千米低空、万亿市场、中国经济新引擎”的低空经济成为2024年国内经济领域炙手可热的话题之一。低空经济的火热也带动了飞行汽车、eVTOL飞行器、动力电池等多个热搜关键词,国内已有企业开始进行试飞,飞行汽车已经成为低空经济的新业态。",汽车纵横,2024/12/15,期刊,1,345
飞行汽车,飞行汽车，幻想照进现实,夏无风,<正>产业的动态、投资的趋势、公众的接受度以及政策的支持共同塑造着飞行汽车的未来。随着技术的不断进步和市场的逐步成熟，飞行汽车有望成为解决城市交通拥堵、提高出行效率的关键。在描绘未来世界的科幻电影中，最常见到的事物大概就是大型宇宙飞船和飞行汽车了。宇宙飞船和飞行汽车分别代表着向外的征服和向内的生活，而向内的生活显然离我们更近。,创意世界,2024/12/1,特色期刊,,14
飞行汽车,新质生产力推动“换道超机”的实践——探讨南北共建飞行汽车合作新模式的思考,欧先国;笪琳娜;李群,随着科技的迅猛发展，新质生产力如春风般拂过大地，为各行各业带来了翻天覆地的变化。在这股变革的浪潮中，作为国民经济战略性支柱产业，汽车产业颠覆性变革尤为引人注目。新质生产力的崛起，不仅推动了汽车产业的电动化、智能化、网联化、共享化“新四化”变革，更催生了飞行汽车这一颠覆性的创新产品，让交通出行向空中延伸。以飞行汽车对汽车产业发展的影响为例，探讨加快新质生产力对行业高质量发展的重要性，分析飞行汽车面临主要挑战与问题，结合研究地区发展特点，大胆提出东北地区与广东省深化新质生产力实质化合作的思路与建议。,商业经济,2024/11/4,期刊,1,350
飞行汽车,从飞行汽车看低空经济新业态,沈海军,近年来，我国低空经济呈现蓬勃发展态势，相关政策密集出台，企业也作出了积极响应，行业发展确定性进一步增强，相关产业取得长足发展，特别是无人机领域处于世界先进水平，但我国低空经济整体水平与欧美发达国家相比仍有一定差距。通用航空、无人机、飞行汽车是低空经济的主要产业领域，特别是近年出现的飞行汽车被视为低空经济发展的新引擎。在飞行汽车研发方面，国内外均尚处于起步阶段，我国在若干局部技术上领先，但并未形成明显优势。未来，需推动飞行汽车品质和关键技术的不断突破，同时，也要加紧筹划和完善配套的法律法规、基础设施、行业标准、运行环境及监管政策以推动城市空中交通(UAM)体系的建设和低空经济的整体发展。,人民论坛·学术前沿,2024/8/14,期刊,6,1874
飞行汽车,小鹏汇天：自主研发 打造最安全的智能电动飞行汽车,潘慧,广东汇天航空航天科技有限公司（以下简称“小鹏汇天”）是亚洲规模最大的飞行汽车公司，是小鹏汽车的生态企业。小鹏汇天融合智能汽车与现代航空，致力于为个人用户打造最安全的智能电动飞行汽车，为人类城市立体交通提供产品和解决方案。近日，本刊记者走进小鹏汇天，揭开了小鹏汇天飞行汽车的神秘面纱，并倾听小鹏汇天自主研发飞行汽车的创新故事。,广东科技,2024/6/15,期刊,1,382
飞行汽车,广汽集团：布局飞行汽车赛道 打造低空经济“新名片”,潘慧,广州汽车集团股份有限公司（以下简称“广汽集团”或“公司”）立足粤港澳大湾区，致力于成为粤港澳大湾区乃至国内飞行汽车新赛道的龙头企业，打造低空经济“新名片”。近日，本刊记者特邀广汽研究院前瞻技术部智慧交通载具创新工作站负责人苏庆鹏，为我们介绍广汽集团在飞行汽车发展及赋能低空经济高质量发展方面的创新举措与成效。,广东科技,2024/6/15,期刊,,227
飞行汽车,广东省飞行汽车产业发展现状及对策建议,王旭;曾立锵,<正>飞行汽车是未来出行的重要交通工具形态，是对现有的交通和出行方式的补充与拓展，是《交通领域科技创新中长期发展规划纲要（2021—2035年）》中提出的重要发展方向。广东省在飞行汽车产业方面具有先发优势，聚集了飞行汽车研发、生产、运营等方面的头部企业，探索拓展物流、消防、医疗、文旅等特色应用场景，研究制定低空经济支持政策和措施。本研究将分析广东省飞行汽车发展现状，找出目前广东省产业发展存在的主要问题，并根据分析结果，提出产业发展的下一步布局思考。,广东科技,2024/6/15,期刊,1,320
飞行汽车,飞行汽车——广东省加速形成新质生产力，竞速低空经济的新赛道,尚学峰,<正>在2023年12月的中央经济工作会议上，国家明确将“低空经济”确定为战略性新兴产业，并于2024年2月发布《关于推动未来产业创新发展的实施意见》，提到加快发展电动垂直起降航空器、临空无人系统等，以抢占前沿装备先机，坚实制造业主战场。目前，超过20个省市政府工作报告中提出发展低空经济、通用航空，一系列支持低空经济发展的政策举措在近期纷纷出台。,科技与金融,2024/5/9,期刊,1,230
飞行汽车,何小鹏：全国人大代表 小鹏汽车董事长兼首席执行官 推动飞行汽车应用 助力低空经济新质生产力发展,,<正>长期以来，小鹏汽车一直在践行发展新质生产力，过去十年一直坚持围绕新能源汽车和自动驾驶开展科技创新。新能源、碳中和、绿色环保以及效率的提高对于推动社会发展非常关键。而中国新能源汽车在过去十年有着巨大的发展，去年中国新能源汽车占全球新能源汽车产销的60%。这些数字，可以说就是中国新能源汽车满足了全球消费者需求的最好例子。,中国商人,2024/4/5,特色期刊,,52
飞行汽车,低空经济蓄力，飞行汽车或成下一个风口,,<正>汽车“飞天”，告别交通拥堵，听起来很“科幻”，但其实并非遥不可及。所谓飞行汽车，就是既可以在空中飞行，也可以在陆地上行驶的汽车。20世纪40年代，当汽车、航空技术有了相当大的发展后，福特汽车公司创办人亨利·福特大胆地发出“飞行汽车迟早会出现”的科学预言。1917年，飞行汽车之父格·寇蒂斯第一次向人们展示了飞行汽车这种新型交通工具。,科技创新与品牌,2024/1/15,特色期刊,,23
低空物流,新质生产力驱动宁波低空物流差异化发展,唐新贵;张静雨,在全球数字经济与绿色低碳转型背景下，低空物流作为新质生产力的重要载体，正通过技术创新与场景突破推动物流产业变革。宁波作为长三角低空经济先行区，依托政策支持、基建布局与特色场景探索，初步构建了“政策牵引—基建支撑—场景突破”的发展路径。然而，与深圳等标杆城市相比，宁波在空域管理、产业链完整度及末端配送效率方面仍存在显著差距，空域开放比例不足、政策体系分散、下游运营场景薄弱等问题制约其规模化发展。例如，深圳通过专项立法与智能空域系统实现75%空域开放及250条无人机航线覆盖，而宁波仅局部试点单条航线，日均配送量不足深圳的25%。对此，本文提出“空域—政策双引擎赋能”“产业链联动升级”“立体网络构建”三大对策，通过军民协同开放低空走廊、专项立法完善政策闭环、强化中上游技术攻关与下游场景规模化，推动宁波在港口物流、跨境电商等领域形成差异化优势，加速低空物流与城市战略的深度协同。,产业创新研究,2025/8/15,期刊,,23
低空物流,低空物流关键技术发展及挑战,于洋;魏尧;王靖云;胥叶;付洋春,在国家低空经济战略和新一代航空技术快速发展的推动下，低空物流作为智慧交通的重要组成，正加速构建“天地一体、多元融合”的新型物流网络。本文旨在构建高效、安全、智能的低空物流系统，重点解决山区、城乡复杂环境的物流瓶颈，提升城乡覆盖范围及“最后一公里”配送效率，推动物流绿色化与智能化转型。文章系统分析了四种无人载具—多旋翼无人机、固定翼无人机、eVTOL垂直起降飞行器和翼伞无人机的性能特点及应用，指出其在航程、载重、环境适应性和运行成本上的差异及互补优势。围绕低空空域划分标准和运营管理机制，结合城市空域结构化建模和智能航路规划技术，分析了适用于多样地形环境下的低空路径规划模式，并构建了低空物流网络优化框架。构建了涵盖起降点、补能设施、飞行监管和物流调度的综合运营体系，强化系统集成与协同能力。研究发现，当前低空物流发展面临空域政策滞后、适航标准不统一、运营成本高和飞行安全保障不足等瓶颈。为推动低空物流与智慧交通深度融合，需从政策、标准、运营和技术四个维度协同发力：加快空域开放改革，完善无人机适航认证，探索可持续商业模式，构建智能调度与精准监管支撑的绿色低空物流系统。,长沙理工大学学报(自然科学版),2025/7/11 9:01,期刊,,854
低空物流,低空物流数字基础设施及数字孪生应用综述,龙泺安;杨云龙;王晗;李堉琨;宋文倩,随着低空经济加速推进，低空物流正由试点探索阶段迈向常态化运行，对系统级的数字支撑能力提出更高要求。本文围绕低空物流中的数字基础设施与数字孪生系统，系统梳理其感知与通信体系、数据融合机制、建模方法与调度优化策略的核心构成与技术逻辑。研究表明，当前数字体系已具备一定的集成能力，但在数据接口规范、平台协同能力与运行反馈机制等方面仍存在结构性障碍。文章进一步指出，未来应聚焦架构可扩展性、平台制度化建设与监管协同能力，构建面向城市级运行的数字支撑底座，为低空物流的规模化落地与智能化调度提供理论支撑与技术路径。,长沙理工大学学报(自然科学版),2025/7/2 10:17,期刊,,642
低空物流,低空物流领域保障体系的发展现状及对策,周纪君;李远哲;陈珍;谭明军;刘馥齐,为推动低空物流领域发展的深入研究，综述了近年来该领域的重要研究进展，围绕通导监保障体系、低空管理保障体系、低空飞行保障3个方面进行了系统性梳理。分析表明：1)当前发展的通感一体化技术、毫米波通信技术、“北斗”卫星导航系统、惯性导航、ADS-B技术等主流技术，虽能为低空物流配送提供精准可靠的通信与导航支撑，但仍存在着覆盖范围不足、稳定性受限等问题；2)低空空域管理聚焦于空域划分和航线规划，低空安全监管围绕着法律法规、运营安全监管等方面，低空飞行服务则主要以顺丰、京东等物流企业为主，但仍存在着低空空域管理尚不完善、安全监管难度大等问题；3)低空飞行保障研究重点聚焦于地方政策、规章制度、技术标准等方面，但缺乏细致的分类标准和技术管理规范；4)通过归纳和总结研究现状，提出了在技术创新、资源整合与协同管理等方面的对策建议，研究结果可供推动低空物流领域规模化、高质量发展参考。,公路交通技术,2025/6/15,期刊,,156
低空物流,低空经济高质量发展背景下广西低空物流发展策略研究,朱泳霖,"本文围绕广西低空经济与低空物流的现状展开分析,揭示两者协同发展的内在机理,并通过SWOT模型评估其发展潜力与制约因素。通过构建三方演化博弈模型,探讨物流企业、政府监管部门与东盟区域主体之间的互动关系,结合MATLAB仿真分析提出针对性策略。研究表明,技术创新、政策优化与市场机制激活是推动广西低空物流高质量发展的关键路径,而制度协同与技术赋能则为跨境物流合作提供了重要支撑。",中国航务周刊,2025/5/5,期刊,1,630
低空物流,山地低空物流的制度张力与政策调适：以贵州为实证,赵光辉,低空物流是低空经济的核心，对构建立体交通体系和提升区域物流效率具有重要意义。以贵州省为研究对象，探讨山地地形下低空物流发展的制度张力与政策调适路径，揭示低空经济中空间布局与制度环境的相互影响和共同演化，探讨技术与制度在低空经济政策制定中的相互作用，形成推动低空经济政策调适的“双螺旋”机制。研究发现，低空经济通过资源、技术和制度三维协同，能够优化空域资源配置、降低物流成本并提升服务覆盖率。然而，贵州省在低空物流实践中仍面临空域审批效率低、适航认证标准模糊、多模态协同不足等挑战。研究提出构建分类分层的空域管理制度、升级基础设施建设、实施精准补贴等创新策略，以推动低空经济与现代物流体系的深度融合与可持续发展。同时，建议建立涵盖经济、社会、环境维度的评估指标体系，并通过动态调整机制优化政策实施效果。研究结果表明，低空经济在贵州的发展不仅有助于提升物流效率，还能促进区域经济增长和社会公平，为其他地区提供有益的政策参考和实践借鉴。,物流技术,2025/4/22 12:52,期刊,2,653
低空物流,低空经济视角下河北省低空物流发展机遇与对策,桂鹏飞,低空经济作为战略性新兴产业，正加速成为区域经济高质量发展的新引擎。低空物流凭借其高效、灵活、低碳的优势，在应急救援、医疗配送、农产品运输等领域展现出巨大潜力。河北省地处京津冀核心区域，空域资源丰富，产业基础扎实，具备发展低空物流的独特优势。本文从政策支持、技术创新、应用场景和产业生态四个维度，系统分析了河北省低空物流发展的机遇与挑战，提出了“政策引导-技术驱动-场景突破-生态协同”四位一体的发展路径，为区域经济转型升级注入新动能，也为全国低空经济发展提供可借鉴的实践经验。,中国物流与采购,2025/4/2,期刊,,271
低空物流,eVTOL飞行器赋能低空物流发展的困境及优化路径,蒋中麒,"物流行业正在以eVTOL飞行器为核心的低空经济驱动下,步入产业转型升级的“快车道”。以eVTOL飞行器在低空物流中的应用优势为切入点,与传统航空器相比,eVTOL飞行器的应用具有灵活起降、经济环保以及安全稳定等优势。进而分析认为,eVTOL飞行器在低空物流中的应用尚存在核心技术、适航审定、空域管理等方面的难题,为进一步提高eVTOL飞行器应用水平,相应地提出了优化核心技术、完善审定流程、加强空域管理等一系列优化路径。",中国航务周刊,2025/3/17,期刊,1,778
低空物流,低空物流服务采纳行为的演化博弈分析及动态策略,董绍增,随着低空经济的迅速崛起和政策红利的不断释放，低空物流作为“低空经济+物流”的新兴应用模式，受到广泛关注。基于演化博弈理论，构建了物流企业与顾客在低空物流服务采纳过程中的动态博弈模型，深入分析了双方在有限理性条件下的策略选择机制及其演化规律，揭示了影响物流企业与顾客采纳低空物流服务策略的内在机制，并通过局部稳定性分析确定了系统可能达到的均衡状态。研究结果表明，低空物流服务的采纳行为受到物流企业固定成本、顾客支付成本、机会损失以及政府政策协同调控等关键因素的显著影响。推动系统向全采纳稳定状态转变的关键在于有效降低物流企业的固定成本、提升顾客所获附加收益以及优化政策协同机制；反之，较高的固定成本、机会损失和顾客支付成本则会显著阻碍低空物流服务的推广。针对研究结果，从政府、企业与顾客三个层面提出了相应的政策建议。该研究不仅为低空物流服务的市场化推广提供了理论支持，也为政府制定空域管理与激励政策、企业设计差异化服务策略提供了实践指导。通过协调多方利益主体的决策行为，为推动低空物流服务的规模化应用和低空经济的高质量发展提供了新的理论视角和实践路径。,物流技术,2025/3/14 19:08,期刊,4,850
低空物流,低空物流发展的挑战与对策,张龙枝,随着经济快速发展和科技不断进步，低空经济作为一种新兴经济形态，正逐渐展现出巨大潜力。其中，低空物流作为低空经济的重要应用领域之一，具有高效、快速、灵活等优势，有望为物流行业带来新变革。文章深入分析了低空物流发展面临的挑战，包括技术难题、法规限制、安全风险、成本因素，以及社会接受度。同时，针对这些挑战提出了相应的对策，如加强技术研发、完善法规体系、强化安全管理、降低成本，以及提高社会认知度等，以期为低空物流的可持续发展提供理论支持和实践指导。,物流科技,2025/2/20,期刊,4,516
低空物流,低空物流：新质生产力推动下的物流行业变革,嵇海霞,在新质生产力的推动下，物流行业正经历着一场巨大变革，低空物流逐渐展现出巨大潜力和广阔的应用前景。各省通过制定相关政策与投资计划，积极推动低空物流基础设施建设与技术创新。然而，低空物流的发展仍存在诸多挑战：各地区隔离运行，亟须协同合作；成熟的商业模式尚未建立，迫切需要拓展应用场景；基础设施建设存在不足，关键技术仍待完善；社会接受程度较低，公众认知有待提高；相关专业人才紧缺，制约行业快速发展。为解决这些问题，本文建议采取以下措施：协调区域发展，完善法规标准；拓展应用场景，创新商业模式；建设基础设施，推进技术研发；提升认知水平，强化安全保护；加强人才培养，促进多元发展，旨在推动物流行业的全面进步，促进低空物流的可持续发展。,中国商论,2024/12/15,期刊,5,1827
低空物流,城市低空物流地面基础设施规划思路初探,梁倩玉,"本文旨在探索无人机技术在城市物流领域的应用及其对地面基础设施的规划要求。通过综合运用案例分析、技术评估、经验借鉴等研究方法,系统性地分析了低空物流新模式在城市应用场景中的适应性、组织特点,以及所需的设施体系、空间需求和布局因素。具体而言,通过对美团和顺丰无人机配送网络的分析可知,低空物流配送模式具有网络化、系统化和协同化的组织特点,据此提出了""低空物流场+低空物流站+低空物流点""的三级网络体系构想。同时,参考地面交通设施和直升机起降点的规划实践,进而发展出一套针对三级低空物流地面设施的空间规划要求和布局因素,可为城市规划工作者提供实用的指导和建议。",绿色数智 提质增效——2024年中国城市交通规划年会论文集,2024/9/20,中国会议,2,1008
