title,date,url,content
"FAA Releases Updated Air Traffic Controller, Safety Inspector Hiring Plans","Thursday, August 7, 2025",https://www.faa.gov/newsroom/faa-releases-updated-air-traffic-controller-safety-inspector-hiring-plans,"WASHINGTON, D.C. — U.S. Transportation Secretary Sean P. Duffy released the FAA’s updated plans detailing how it will hire, train, and develop the best and the brightest air traffic controllers and aviation safety personnel. The plan accounts for ongoing innovation in our skies, including aircraft with innovative electric and hybrid systems, increased drone presence, growth in commercial space travel, and technology advancements such as artificial intelligence.    

By the numbers: Under the latest Air Traffic Controller Workforce Plan, the FAA anticipates hiring at least 8,900 new air traffic controllers through 2028, including 2,000 in 2025. The Aviation Safety Workforce Plan calls for hiring about 4,600 safety inspectors and engineers through 2034.   

“Under President Trump’s leadership, the USDOT isn’t just solving today’s problems. By looking ahead and planning for the future of transportation, we can ensure America remains the global aerospace leader,” said U.S. Transportation Secretary Sean P. Duffy. “Putting the best and brightest in our towers and in the field will allow us to make flying safer, reduce delays and cancellations, and bring about a Golden Age of travel.”   

“The aviation ecosystem is rapidly evolving and the FAA must adapt to unprecedented changes,” said FAA Administrator Bryan Bedford. “Our success depends on highly skilled and dedicated air traffic control and aviation safety inspector workforces and growing both is a top priority for the FAA.” 

Air Traffic Controller Hiring 

Groundbreaking initiatives: Under the leadership of Transportation Secretary Sean P. Duffy and Deputy Administrator Chris Rocheleau, the FAA has taken unprecedented action to speed up air traffic controller hiring and training. During a supercharged hiring initiative in March, the FAA streamlined the process while qualifying and referring more than 8,320 candidates to the controller aptitude exam. While it previously took more than 13 months from application to admission into the FAA Academy, the best and brightest are already entering.  

In May, Secretary Duffy unveiled a new package of actions to further supercharge the air traffic controller workforce, including financial incentives, rewarding Academy graduates who are assigned to hard-to-staff facilities and expediting routine medical and security clearances. 

The FAA also is:   

Aviation Safety Inspector/Engineer Hiring 

What they do: Employees in the FAA’s Aviation Safety (AVS) division perform critical functions, including monitoring and enforcing compliance with regulations, investigating accidents and incidents, certifying aircraft, personnel, equipment and avionics and administering the FAA’s medical programs.     

Challenges: AVS must keep up with rapid technological advancements such as advanced materials for aircraft structures, systems, alternate fuels, airports, and airspace; innovative electric and hybrid systems; and the impact of artificial intelligence and machine learning.    

A robust hiring strategy: Initiatives to recruit skilled and experienced inspectors, engineers, and medical officers include:   "
U.S. Transportation Secretary Sean P. Duffy Unveils Proposed Rule to Unleash American Drone Dominance as Part of His Innovation Agenda,"Wednesday, August 6, 2025",https://www.faa.gov/newsroom/us-transportation-secretary-sean-p-duffy-unveils-proposed-rule-unleash-american-drone,"WASHINGTON, D.C. — Today, U.S. Transportation Secretary Sean P. Duffy unveiled a new proposed rule – Beyond Visual Line of Sight (BVLOS). This rule will unleash American innovation safely integrate unmanned aircraft systems (UAS) into the national airspace system.

For more information about the proposed rule, see our fact sheet.

""We are making the future of our aviation a reality and unleashing American drone dominance. From drones delivering medicine to unmanned aircraft surveying crops, this technology will fundamentally change the way we interact with the world,"" said U.S. Transportation Secretary Sean P. Duffy. ""Our new rule will reform outdated regulations that were holding innovators back while also enhancing safety in our skies. Thanks to President Trump, America – not China – will lead the way in this exciting new technology.""

Previously, operators would have to get individual waivers or exemptions to use their drones without visual line of sight. These were approved on a case-by-case basis, and the process was cumbersome. By eliminating these requirements for BVLOS operations, the proposal will significantly expand the use-case for drone technologies in areas like: manufacturing, farming, energy production, filmmaking, and the movement of products including lifesaving medications.  

""Normalizing BVLOS flights is key to realizing drones’ societal and economic benefits,"" said FAA Administrator Bryan Bedford. ""Package delivery, agriculture, aerial surveying, public safety, recreation, and flight testing are just some of the uses we expect to see as we enable these innovative technologies while maintaining the safety of our National Airspace System.""

""Today’s NPRM is a bold, forward-looking step that helps unlock the full potential of BVLOS drone operations, transforming how we monitor infrastructure, deliver critical supplies, advance precision agriculture, and speed up emergency response. Under President Trump’s leadership, we are giving innovators a predictable, scalable pathway to conduct BVLOS missions, to ensure that the United States remains the global leader in drone technology. We look forward to public comment on this critical rulemaking,"" said Michael Kratsios, Director of the White House Office of Science and Technology Policy.

The proposal also includes updated requirements for manufacturers, operators, and drone traffic-management services to keep BVLOS drones safely separated from each other and from manned aircraft. 

Additional Information:

The Transportation Security Administration (TSA) is a partner in developing this rule.

The FAA encourages people to submit comments in the Federal Register. The comment period will be open for 60 days following publication and will not be extended. 

You can read more about Secretary Duffy’s broader transportation innovation agenda.
 "
FAA Drone Detection Testing,"Friday, June 13, 2025",https://www.faa.gov/newsroom/faa-drone-detection-testing-0,"The FAA will conduct drone-detection testing near Santa Teresa, New Mexico, from June 16-27. 

The FAA’s Center of Excellence for UAS Research (ASSURE), in coordination with U.S. Customs and Border Protection and the Doña Ana County International Jetport, will conduct the testing. State and local first responders will also participate.  

This is the third in a series of off-airport tests the FAA has planned. The agency conducted the first test in Alaska and then near Cape May, New Jersey. The FAA selected the New Mexico location for its hot and arid climate, which supports the testing objectives. Additional testing is scheduled in North Dakota and Mississippi later this year.  

The FAA will operate several large drones and about 100 commercial off-the-shelf drones during the two-week period. Testing will take place over the desert and near the old Rio Grande Speedway during the daytime on weekdays only. The public should not fly recreational drones near this area during the testing period.

The agency has been testing drone-detection technologies at airports over the last few years and is expanding testing to off-airport locations. These tests will help determine the effectiveness of these technologies and whether they might interfere with FAA or aircraft navigation systems.   

The FAA will provide b-roll from the testing in New Mexico the week of June 23.  

Additional Background 

The FAA receives more than 100 drone-sighting reports near airports each month, and we want to send a clear message that operating drones around airplanes, helicopters, and airports is dangerous and illegal.  

On March 16, 2023, the FAA chartered the UAS Detection and Mitigation Systems Aviation Rulemaking Committee to advise the agency on safely integrating drone detection and mitigation systems. The ARC made 46 recommendations on ensuring systems do not interfere with the safe and efficient operation of the National Airspace System. We have incorporated many of the recommendations into our work to safely integrate them. 
 "
U.S. Transportation Secretary Sean P. Duffy and U.S. Sen. Ted Cruz Announce Texas A&M Will Lead the Center for Advanced Aviation Technologies,"Wednesday, April 23, 2025",https://www.faa.gov/newsroom/us-transportation-secretary-sean-p-duffy-and-us-sen-ted-cruz-announce-texas-am-will-lead,"WASHINGTON, D.C. –U.S. Transportation Secretary Sean P. Duffy and U.S. Senator Ted Cruz (R-TX) today announced that Texas A&M University System (TAMUS) will be the managing entity to establish and operate the Federal Aviation Administration (FAA)’s Center for Advanced Aviation Technologies (CAAT).

“Texas is the perfect place for our new Center for Advanced Aviation Technologies. Under Senator Cruz’s leadership, the state has already established itself as a leader in commercial drone safety testing,” said U.S. Transportation Secretary Sean P. Duffy. “From drones delivering your packages to powered lift technologies like air taxis, we are at the cusp of an aviation revolution. The CAAT will ensure we make that dream a reality and unleash American innovation safely.” 

“When I authored the bipartisan FAA Reauthorization Act of 2024, I wrote the language creating the Center for Advanced Aviation Technologies with the express intention of bringing that Center to the Dallas-Fort Worth area because of the groundbreaking innovation occurring there. I’m confident this new research and testing center will help the private sector create thousands of high-paying jobs and grow the Texas economy through billions in new investments. I am thankful to Secretary Duffy for recognizing the value of placing the new center in Texas, and I’m grateful to see the Texas A&M System leading this initiative and cultivating the next generation of aviation leaders. This is a significant win for Texas that will impact communities across our state, and I will continue to pursue policies that create new jobs and ensure the Lone Star State continues to lead the way in innovation and the manufacturing of emerging aviation technologies,” said U.S. Senator Ted Cruz.

The CAAT will play a pivotal role in advancing aviation technologies and ensuring their safe integration into the National Airspace System (NAS). The center will also represent a collaboration between government, academia, and industry to drive innovation in aviation.

The FAA previously authorized a North Texas test site where multiple companies are conducting commercial drone operations to deliver packages in the same airspace while keeping their drones safely deconflicted using Unmanned Aircraft System Traffic Management (UTM) technology. The FAA has also authorized public safety operations in this airspace.

Background:

The FAA is establishing the CAAT to focus on the testing and integration of new and emerging aviation technologies, including Advanced Air Mobility (AAM). The FAA Reauthorization Act of 2024 (Public Law 118-63) requires the FAA to develop a CAAT consisting of an airspace laboratory, flight demonstration zones, and testing corridors.

Twenty-eight proposals were received from entities across multiple states, TAMUS was selected to manage the center because of its:"
FAA Drone Detection Testing,"Friday, April 11, 2025",https://www.faa.gov/newsroom/faa-drone-detection-testing,"The FAA will conduct drone-detection testing in Cape May, New Jersey, between April 14-25. 

The FAA’s Center of Excellence for UAS Research (ASSURE) will conduct the testing. The Delaware River Bay Authority Police and other local first responders will also participate. 

The FAA will operate several large drones and more than 100 commercial off-the-shelf drones during the two-week period. Testing will take place over the water and near the Cape May Ferry Terminal during the daytime on weekdays only. The public should not fly recreational drones near this area during the test period. 

The agency has been testing drone detection technologies at airports over the last few years and is expanding testing to off-airport locations. These tests will help determine the effectiveness of these technologies and whether they might interfere with FAA or aircraft navigation systems.  

The FAA conducted the first of these off-airport tests in Alaska and will conduct additional testing in New Mexico, North Dakota and Mississippi later this year.

The FAA will provide b-roll next week. 

Additional Background

The FAA receives more than 100 drone-sighting reports near airports each month, and we want to send a clear message that operating drones around airplanes, helicopters, and airports is dangerous and illegal. 

On March 16, 2023, the FAA chartered the UAS Detection and Mitigation Systems Aviation Rulemaking Committee to advise the agency on safely integrating drone detection and mitigation systems. The ARC made 46 recommendations on ensuring systems do not interfere with the safe and efficient operation of the National Airspace System. We have incorporated many of the recommendations into our work to safely integrate them.
 "
FAA Designates New Orleans Area a ‘No Drone Zone’ for Super Bowl LIX,"Friday, January 31, 2025",https://www.faa.gov/newsroom/faa-designates-new-orleans-area-no-drone-zone-super-bowl-lix,"WASHINGTON – Caesars Superdome in New Orleans is a ‘No Drone Zone’ for Super Bowl LIX. Drones also are prohibited around the downtown area during the days leading up to the event. Drone operators who enter the restricted areas without permission could face drone confiscation, fines up to $75,000 and potential criminal prosecution. 
 
Drones will be restricted during the following times and days: 
 
Game Day, Sunday, Feb. 9 

 
Before Game Day, Feb. 3-8 

Additional details are available in the Super Bowl LIX Flight Advisory.  
 
Detailed information for general aviation and drone pilots is available on the FAA’s Super Bowl LIX webpage.   
 "
"DHS, FBI, FAA & DoD Joint Statement on Ongoing Response to Reported Drone Sightings","Tuesday, December 17, 2024",https://www.faa.gov/newsroom/dhs-fbi-faa-dod-joint-statement-ongoing-response-reported-drone-sightings,"There are more than one million drones lawfully registered with the FAA in the United States and there are thousands of commercial, hobbyist and law enforcement drones lawfully in the sky on any given day. With the technology landscape evolving, we expect that number to increase over time.

FBI has received tips of more than 5,000 reported drone sightings in the last few weeks with approximately 100 leads generated, and the federal government is supporting state and local officials in investigating these reports. Consistent with each of our unique missions and authorities, we are quickly working to prioritize and follow these leads. We have sent advanced detection technology to the region. And we have sent trained visual observers.

Having closely examined the technical data and tips from concerned citizens, we assess that the sightings to date include a combination of lawful commercial drones, hobbyist drones, and law enforcement drones, as well as manned fixed-wing aircraft, helicopters, and stars mistakenly reported as drones. We have not identified anything anomalous and do not assess the activity to date to present a national security or public safety risk over the civilian airspace in New Jersey or other states in the northeast.

That said, we recognize the concern among many communities. We continue to support state and local authorities with advanced detection technology and support of law enforcement. We urge Congress to enact counter-UAS legislation when it reconvenes that would extend and expand existing counter-drone authorities to identify and mitigate any threat that may emerge. 

Additionally, there have been a limited number of visual sightings of drones over military facilities in New Jersey and elsewhere, including within restricted air space. Such sightings near or over DoD installations are not new. DoD takes unauthorized access over its airspace seriously and coordinates closely with federal, state, and local law enforcement authorities, as appropriate. Local commanders are actively engaged to ensure there are appropriate detection and mitigation measures in place."
‘Tis the Season for Drone Safety,"Wednesday, December 4, 2024",https://www.faa.gov/newsroom/tis-season-drone-safety,"WASHINGTON – If you are considering a drone as a holiday gift, the Federal Aviation Administration (FAA) wants you and your loved ones to understand how to fly it safely.  

The FAA is again launching its 12 Days of Drones campaign to educate people about the rules, regulations and best practices of operating a drone.  

This December, the agency will share important drone-safety information and resources that will help future pilots – including those flying for fun – stay up to date with the latest rules. The FAA will post all of the campaign’s safety messages on its FAADroneZone X (formerly Twitter) and Facebook accounts throughout the month.  

The campaign will run each weekday from December 9 – 24 with each day dedicated to a specific drone safety topic. 

Additional information about safely flying a drone is available on the FAA website.
 "
"FAA Proposed $341,413 in Civil Penalties Against Drone Operators","Friday, August 23, 2024",https://www.faa.gov/newsroom/faa-proposed-341413-civil-penalties-against-drone-operators,"WASHINGTON – The Federal Aviation Administration (FAA) proposed $341,413 in civil penalties against 27 people who violated federal drone regulations. The FAA issued the fines between October 2022 and June 2024.

Drone operators who conduct unsafe or unauthorized operations face fines up to $75,000 per violation, an increase included in the FAA Reauthorization Act of 2024. The FAA also can suspend or revoke drone operators’ pilot certificates.

“Violating the drone regulations puts lives at risk in the air and on the ground,” said FAA Administrator Mike Whitaker. “Flying a small drone means you are flying an aircraft, and unsafe behavior will cost you.”

The FAA encourages people to report unsafe and unauthorized drone operations to their local Flight Standards District Office. The agency reviews all reports and investigates when appropriate. The FAA has resources here to help people fly safely.

The FAA does not identify individuals against whom it proposes civil penalties. Among the enforcement cases are:"
FAA Makes Drone History in Dallas Area,"Tuesday, July 30, 2024",https://www.faa.gov/newsroom/faa-makes-drone-history-dallas-area,"WASHINGTON— In a first for U.S. aviation, the FAA has authorized multiple commercial drone operations in the same airspace.

The authorizations for Zipline International and Wing Aviation allow them to deliver packages while keeping their drones safely separated using Unmanned Aircraft System Traffic Management (UTM) technology. In this system, the industry manages the airspace with rigorous FAA safety oversight. 

Typically, when operating drones, the drone pilot must be able to always see the aircraft. However, new advancements in air traffic technology and procedures are providing a key step toward making these Beyond Visual Line of Sight (BVLOS) flights routine.

Using UTM services, companies can share data and planned flight routes with other authorized airspace users. This allows the operators to safely organize and manage drone flights around each other in shared airspace. All flights occur below 400 feet altitude and away from any crewed aircraft. The FAA expects initial flights using UTM services will begin in August and issuing more authorizations in the Dallas area soon. 

This comes as the FAA works to release the Normalizing UAS BVLOS Notice of Proposed Rulemaking (NPRM), which would enable drone operators to expand operations while maintaining the same high level of safety as traditional aviation. We are on track to release the NPRM this year, following strong Congressional support in the recent FAA reauthorization.
 
Drones represent a very different type of aircraft than traditional commercial aviation, and the FAA’s approach to this new NPRM has evolved accordingly. Industry has created the market and technology, and the Agency has worked with them on creative solutions to ensure operations can be done safely – UTM services are a clear example of this innovative approach. The NPRM has been designed to allow operations to scale with the size of the industry.

Check out our blog and watch this video to learn more. "
Mark Your Calendar: 2024 FAA Drone and Advanced Air Mobility Symposium,"Tuesday, April 30, 2024",https://www.faa.gov/newsroom/mark-your-calendar-2024-faa-drone-and-advanced-air-mobility-symposium,"WASHINGTON— This year's FAA Drone and Advanced Air Mobility (AAM) Symposium will focus on how the FAA continues to safely integrate these aircraft while creating a framework to accelerate advanced operations.

The event, which runs from July 30 – Aug 1 at the Baltimore Convention Center in Maryland, will bring together representatives from the FAA, other government agencies, international aviation experts, industry leaders and academia. 

The presenters and panelists will discuss the latest information and advancements related to the diverse uses of drones and the safe integration of Advanced Air Mobility aircraft, like air taxis, into the National Airspace System.

This year’s theme is Connected Skies / Connected Communities. Sessions and workshops will focus on how the FAA continues to safely integrate drones while creating a regulatory and operational framework to accelerate advanced operations such as beyond visual line of sight and UAS Traffic Management (UTM). AAM sessions and workshops will focus on how air taxis and electric vertical take-off, and landing (eVTOL) aircraft will change aviation as we know it. 

FAA panelists and speakers will highlight the agency’s ongoing work to enable safe, efficient and secure operations that meet the high safety standards the public expects and deserves.

To register and get updates on event programming, visit the FAA Drone and AAM Symposium website. 
 "
FAA to Accept New Applications for Drone Airspace Service Suppliers,"Friday, April 5, 2024",https://www.faa.gov/newsroom/faa-accept-new-applications-drone-airspace-service-suppliers,"WASHINGTON—The Federal Aviation Administration (FAA) will open the application period to become a service supplier for the Low Altitude Authorization and Notification Capability (LAANC) on May 1, 2024.  

LAANC is a collaboration between the FAA and the drone industry that enables the safe integration of drones into the nation’s airspace. FAA-approved LAANC Service Suppliers help drone pilots obtain FAA airspace authorizations to operate in controlled airspace below 400 feet.  
 
This year, for the first time, new LAANC Service Suppliers may apply to become approved providers of the B4UFLY Service. LAANC does not grant Service Suppliers the authority to regulate the airspace or grant access without FAA approval.  
 
The schedule is as follows:  

Applicants must have a mature product when they submit their applications. Information on requirements and the onboarding process can be found on FAA.gov.   "
FAA Drone Safety Day Quickly Approaching,"Tuesday, March 19, 2024",https://www.faa.gov/newsroom/faa-drone-safety-day-quickly-approaching,"WASHINGTON —The Federal Aviation Administration (FAA) is inviting the drone community to be part of its 2024 Drone Safety Day on Saturday, April 27. 

This one-day national event encourages drone pilots and recreational flyers to “Fly RIGHT” by focusing on five safety elements:

The FAA launched the annual campaign in 2019 to bring attention to drone safety and best practices. Safety is a shared responsibility that requires the community and the FAA to work together.

For additional information about virtual and in-person events near you, visit the FAA’s Drone Safety Day webpage. Follow the FAA on X, Facebook and Instagram for the latest Drone Safety Day news. 
 "
FAA Ends Discretionary Enforcement Policy on Drone Remote Identification,"Friday, March 15, 2024",https://www.faa.gov/newsroom/faa-ends-discretionary-enforcement-policy-drone-remote-identification,"WASHINGTON - Pilots who operate drones that are required to be registered must comply with the Remote ID Rule. 

In September 2023, the FAA issued a policy for exercising discretion in determining whether to take enforcement action for drone operators who were not able to comply with the Remote ID rule. That policy ends on March 16, 2024. Operators who do not comply after that date could face fines and suspension or revocation of their drone pilot certificates.

Congress directed the FAA to develop standards for remotely identifying operators and owners of drones and issue regulations or guidance based on those standards.

Remote ID lays the foundation of the safety and security groundwork needed for more complex drone operations. It acts like a digital license plate and will help the FAA, law enforcement and other federal agencies locate the control station when a drone appears to be flying in an unsafe manner or where it isn’t allowed to fly. 

This video and this webpage provide additional information."
FAA designates Las Vegas Area a ‘No Drone Zone’ for Super Bowl LVIII,"Friday, February 2, 2024",https://www.faa.gov/newsroom/faa-designates-las-vegas-area-no-drone-zone-super-bowl-lviii,"WASHINGTON – Allegiant Stadium in Las Vegas is a ‘No Drone Zone’ for Super Bowl LVIII. Drones also are prohibited around several additional locations during the days leading up to the event. Drones will be restricted during the following times and days:

Game Day, Sunday, Feb. 11

Before Game Day, Feb. 5-9

Additional details are available in the Super Bowl LVIII Flight Advisory. 

Drone operators who enter the TFRs without permission could face drone confiscation, fines that exceed $30,000 and potential criminal prosecution. 

Detailed information for general aviation and drone pilots is available on the FAA’s Super Bowl LVIII webpage.  "
FAA Expands B4UFLY Services for Drone Pilots,"Thursday, February 1, 2024",https://www.faa.gov/newsroom/faa-expands-b4ufly-services-drone-pilots,"WASHINGTON – The FAA is now partnering with several companies to offer drone pilots more places to receive official airspace awareness information.  

The FAA’s B4UFLY service shows recreational drone flyers where they can and cannot fly.  

The FAA has approved four companies to provide B4UFLY services through desktop and mobile applications. Approved companies will offer multiple ways to access B4UFLY and bring recreational flyers the latest airspace awareness information directly from the agency.  

Drone pilots can also find FAA approved partners who provide near-real time airspace authorizations and information here.  "
FAA Launches 2023 Holiday “12 Days of Drones” Safety Campaign,"Monday, December 4, 2023",https://www.faa.gov/newsroom/faa-launches-2023-holiday-12-days-drones-safety-campaign,"WASHINGTON – If you are considering a drone as a holiday gift, the Federal Aviation Administration (FAA) wants you and your loved ones to understand how to fly it safely. 

The FAA is launching its 12 Days of Drones campaign to educate people about the rules, regulations and best practices of operating a drone. This December, the agency will share important drone-safety information and resources that will help future pilots stay up to date with the latest rules. All of the campaign’s safety messages will be posted on the FAA’s DroneZone Twitter and Facebook accounts throughout the month. 

The campaign will run each weekday from December 7 – 22 with each day dedicated to a specific drone safety topic.

The FAA also released a new video reminding everyone of the rules and regulations that drone pilots must follow.

Additional information about safely flying a drone is available on the FAA website. 
 "
"FAA Authorizes Zipline International, Inc. to Deliver Commercial Packages Using Drones That Fly Beyond Operator's Line of Sight","Monday, September 18, 2023",https://www.faa.gov/newsroom/faa-authorizes-zipline-deliver-commercial-packages-beyond-line-sight,"The FAA authorized Zipline International, Inc., to deliver commercial packages around Salt Lake City using drones that fly beyond the operator’s visual line of sight without visual observers. Read the approval letters here and here. Zipline will use its Sparrow drone to release the payload via parachute. Data collected from these operations will inform the FAA’s ongoing policy and rulemaking activities. 

The FAA is focused on developing standard rules to make BVLOS operations routine, scalable and economically viable. The agency chartered the Beyond Visual Line of Sight Aviation Rulemaking Committee on June 9, 2021 to provide safety recommendations to the FAA. We are reviewing their final report.
  
The FAA’s long-term goal is to safely integrate drones into the National Airspace System rather than set aside separate airspace exclusively for drones. This approach is consistent with the FAA Modernization and Reform Act of 2012 and the FAA Extension, Safety, and Security Act of 2016. The 2016 Act directed the FAA, in conjunction with NASA, to continue developing a plan for Unmanned Aircraft System Traffic Management (UTM), which will assist in integration efforts.
 
Learn more here and here."
FAA Extends Remote ID Enforcement Date Six Months,"Wednesday, September 13, 2023",https://www.faa.gov/newsroom/faa-extends-remote-id-enforcement-date-six-months,"Drone pilots who are unable to comply with the broadcast requirement of the Remote ID Rule will now have until March 16, 2024, to equip their aircraft. After that date, operators could face fines and suspension or revocation of pilot certificates. 

In making this decision, the FAA recognizes the unanticipated issues that some operators are experiencing finding some remote identification broadcast modules. 

Drone pilots can meet this deadline by purchasing a standard Remote ID equipped drone from a manufacturer or purchasing a Remote ID broadcast module which can be affixed to existing drones that do not have Remote ID equipment.

Remote ID acts like a digital license plate and will help the FAA, law enforcement, and other federal agencies find the control station when a drone appears to be flying in an unsafe manner or where it is not allowed to fly. 

Learn more here."
It’s Not Too Late to Register for the 2023 FAA Drone Symposium and Advanced Air Mobility Summit,"Thursday, July 13, 2023",https://www.faa.gov/newsroom/its-not-too-late-register-2023-faa-drone-symposium-and-advanced-air-mobility-summit,"WASHINGTON — Don’t wait! There’s still time to register for the 8th annual Drone Symposium and the first-ever Advanced Air Mobility Summit in August. 

The two events held by the FAA and the Association for Uncrewed Vehicle Systems International (AUVSI) will take place from Aug. 1-3 at the Baltimore Convention Center.  

The back-to-back conferences will focus on how the FAA continues to safely integrate drones into the national airspace and how electric vertical take-off and landing (eVTOL) aircraft are changing the future of aviation and much more.   

These events bring industry experts and representatives from the FAA and other government agencies together to discuss future technologies and advancements related to drones and advanced air mobility aircraft.  

The Drone Symposium sessions will include: 

The AAM Summit sessions will include: 

Don’t miss a chance to learn and network - register here! "
FAA Seeks Public Input on Drone Operations,"Tuesday, May 23, 2023",https://www.faa.gov/newsroom/faa-seeks-public-input-drone-operations,"WASHINGTON— The FAA is seeking public input on four requests to conduct beyond visual line-of-sight (BVLOS) drone operations at or below 400 feet. If granted, Phoenix Air Unmanned, uAvionix, Zipline, and UPS Flight Forward will continue to expand the envelope of FAA-approved BVLOS drone operations. Data collected from these operations will inform the FAA’s ongoing policy and rulemaking activities.
 
The 20-day public comment period opens May 25, 2023.
 
The FAA anticipates making a decision this summer. "
Mark Your Calendar: 2023 FAA Drone Symposium and Advanced Air Mobility Summit,"Friday, May 5, 2023",https://www.faa.gov/newsroom/mark-your-calendar-2023-faa-drone-symposium-and-advanced-air-mobility-summit,"WASHINGTON— The Federal Aviation Administration (FAA) and the Association for Uncrewed Vehicle Systems International (AUVSI) will co-host the 8th Annual FAA Drone Symposium and the first-ever Advanced Air Mobility Summit this summer.

The two events, from Aug. 1-3 at the Baltimore Convention Center in Maryland, will bring together representatives from the FAA, other government agencies, international aviation experts, industry leaders and academia. The presenters and panelists will discuss the latest information and advancements related to the diverse uses of drones and the safe integration of Advanced Air Mobility (AAM) aircraft, like air taxis, into the National Airspace System.

This year’s Drone Symposium theme is “Time to Accelerate.” Sessions and workshops will focus on how the FAA continues to safely integrate drones while creating a regulatory framework to accelerate advanced operations such as beyond visual line of sight and UAS Traffic Management (UTM).

The first-ever FAA AAM Summit theme is “Leveraging the Skies.” Sessions and workshops will focus on how air taxis and electric vertical take-off, and landing (eVTOL) aircraft will change the future of aviation. FAA panelists and speakers will highlight the FAA’s ongoing work to enable safe, efficient and secure operations that meet the high safety standards the public expects and deserves.

To register and get updates on event programming, visit:
•    AAM Summit: https://aamsummit.org/home
•    Drone Symposium: https://faadronesymposium.org/home "
Schools Nationwide Receive $10 Million in FAA Grants to Develop the Next Generation of Aviation Professionals,"Thursday, March 2, 2023",https://www.faa.gov/newsroom/schools-nationwide-receive-10-million-faa-grants-develop-next-generation-aviation,"WASHINGTON— Twenty-three schools will receive $10 million in grants from the Federal Aviation Administration (FAA) to help attract and train students for careers as pilots and aviation maintenance technicians. 
 
Twelve of the schools will receive $5 million from the FAA’s Aircraft Pilots Aviation Workforce Development Grants program. The schools can use the funding to create and deliver curriculums designed to prepare students to become pilots, aerospace engineers or drone operators. 

Grant recipients include: 

 
The other $5 million will go to 11 schools as part of the FAA’s Aviation Maintenance Technical Workers Workforce Development program. These grants will help build back the pipeline of maintenance professionals; approximately 20,000 fewer people are working in the aircraft maintenance sector than before the pandemic. 

Grant recipients include: 

 
Recipients can use the funding to establish new educational programs; provide scholarships or apprenticeships; conduct outreach about careers in the aviation maintenance industry; and support educational opportunities related to aviation maintenance in economically disadvantaged areas.  

Visit the FAA website for additional details about the grant recipients."
Drone Pilots: Mark Your Calendars,"Wednesday, March 1, 2023",https://www.faa.gov/newsroom/drone-pilots-mark-your-calendars,"WASHINGTON—The Federal Aviation Administration (FAA) is inviting the drone community to be part of its 2023 Drone Safety Day on Saturday, April 29. 

This one-day national event encourages drone pilots and recreational flyers to “Fly RIGHT” by focusing on five safety elements:

The FAA launched the annual campaign in 2019 to bring attention to drone safety and best practices. Safety is a shared responsibility that requires the community and the FAA to work together.

For additional information about virtual and in-person events near you, visit the FAA’s Drone Safety Day webpage. Follow the FAA on Twitter, Facebook and Instagram for the latest Drone Safety Day news. "
Super Bowl Fans: Leave Your Drone at Home,"Wednesday, February 1, 2023",https://www.faa.gov/newsroom/super-bowl-fans-leave-your-drone-home,"FAA designates Phoenix Area a ‘No Drone Zone’ for Super Bowl LVII.

WASHINGTON – State Farm Stadium in Glendale, Ariz., is a “No Drone Zone” for Super Bowl LVII. Drones will be restricted during the following times and days:

Game Day, Sunday, Feb. 12

Before Game Day

Additional details are available in the Super Bowl LVII Flight Advisory. 

Drone operators who enter the TFRs without permission could face drone confiscation, fines that exceed $30,000 and potential criminal prosecution. 

Detailed information for general aviation and drone pilots is available on the FAA’s Super Bowl LVII webpage.  "
FAA Updates Recreational Drone Flying Guidance,"Monday, October 24, 2022",https://www.faa.gov/newsroom/faa-updates-recreational-drone-flying-guidance,"WASHINGTON— The U.S. Department of Transportation’s Federal Aviation Administration (FAA) today issued guidance on how to become an FAA-recognized community-based organization for recreational drone flying.

Under federal law, recreational drone flyers must follow the safety guidelines of a FAA-recognized community-based organization. The organization is required to develop its safety guidelines in coordination with the FAA and an applicant may wish to tailor them to a particular type of unmanned aviation. 

The FAA’s guidance, Advisory Circular 91-57C, provides a comprehensive list of recommended safety guidelines that applicants may consider using in their application. Organizations that meet the legal definition of a community-based organization may apply for FAA recognition through the FAADroneZone website.

The updated guidance also provides information on applying for recreational flying fixed sites, hosting sponsored events and educational use requirements."
U.S. DOT Announces New Members to the  Advanced Aviation Advisory Committee,"Wednesday, October 19, 2022",https://www.faa.gov/newsroom/us-dot-announces-new-members-advanced-aviation-advisory-committee,"WASHINGTON – The U.S. Transportation Department today announced 12 new appointments to the Federal Aviation Administration Advanced Aviation Advisory Committee (AAAC). The committee provides advice on key drone and Advanced Air Mobility issues. 

Members are executives and stakeholders who represent a variety of drone and AAM interests, including industry, research, academia, retail, technology and state and local government. In addition, for the first time, the AAAC will include members able to raise awareness of potential impacts to communities, and advise on approaches that advance emerging aviation models while respecting neighboring communities.

The new members are:

The FAA plans to livestream the next AAAC meeting on Oct. 20, 2022.

Morning session:  https://youtu.be/fyw2LtaSE5U
Afternoon session:  https://youtu.be/_uKXv_G7zs0
 "
FAA Seeks Additional Administrators for Recreational Drone Test,"Monday, October 3, 2022",https://www.faa.gov/newsroom/faa-seeks-additional-administrators-recreational-drone-test,"WASHINGTON – The U.S. Department of Transportation’s Federal Aviation Administration (FAA) today opened the second application period for entities interested in serving as administrators for The Recreational UAS Safety Test (TRUST). Potential test administrators must submit their applications by Nov. 11, 2022.

As drones become more popular and accessible, the FAA is committed to ensuring that the public is aware of regulations and how to operate safely in the nation’s airspace. Designated test administrators play a key role, making the test accessible to all recreational drone flyers.

Entities involved with recreational pilots such as educational institutions, manufacturers and aeromodelling organizations are encouraged to apply.

Interested parties should review the selection criteria on the FAA website. The FAA will announce selected test administrators in March 2023 and expects them to begin offering the test to recreational drone pilots at that time.

TRUST provides recreational drone flyers with information on best practices and educational resources to ensure safe operations.

The FAA Reauthorization Act of 2018  required the agency to develop a test to demonstrate a recreational flyer's understanding of aeronautical safety knowledge and rules for operating drones. "
"FAA Awards $231,000 in Grants to Expand Outreach to Under-Represented Students in STEM","Monday, August 29, 2022",https://www.faa.gov/newsroom/faa-awards-231000-grants-expand-outreach-under-represented-students-stem,"WASHINGTON – The U.S. Department of Transportation’s Federal Aviation Administration (FAA) awarded $231,000 in grants to support Science, Technology, Engineering and Math (STEM) outreach.  

“If kids can dream it, they can do it. It’s up to us to light the path for them,” said FAA Deputy Administrator Bradley Mims.

Three grants are for universities to facilitate STEM outreach to students, especially those who are under-represented in STEM and aviation fields. The schools will design and conduct drone-centered immersion programs, summer camps, after-school programs and community outreach efforts that will educate and inspire youth from elementary, middle, and high schools. 

The STEM outreach grants are awarded to the following universities:

Today’s grants build on the FAA’s efforts to inspire the next generation of aviators. Specific initiatives include the FAA Adopt-A-School Program, Airport Design Challenge where students in K-12 design airports using the video game Minecraft, the Aviation Career Education (ACE) Academies and the Youth in Aviation Task Force. Earlier this year, the FAA awarded $5 million in grants to fund aviation classes at higher-education institutions, high schools, state and local governments and flight schools to develop the next generation of pilots.
 "
"FAA Awards $2.7M in Drone Research to Support Disaster Preparedness, Emergency Response","Thursday, August 18, 2022",https://www.faa.gov/newsroom/faa-awards-27m-drone-research-support-disaster-preparedness-emergency-response,"WASHINGTON – The U.S. Department of Transportation’s Federal Aviation Administration (FAA) awarded $2.7 million to support research on how drones can assist in disaster preparedness and in emergencies. 

“Every second counts in an emergency, and this funding will allow drones to safely and more quickly deploy in moments when minutes matter,” said Acting FAA Administrator Billy Nolen.

The research will explore the use of drones in providing effective and efficient responses to different natural and human-made disasters. It will address coordination procedures among drone operators from federal agencies as well as state and local disaster preparedness and emergency response organizations. The five universities and their award amounts are: 

Today’s announcement is the third round of Alliance for System Safety of UAS through Research Excellence (ASSURE) grants, which brings the total to 20 grants valued at $21 million for Fiscal Year 2022. 

The ASSURE Center of Excellence is one of six that the agency has established to help advance technology and educate the next generation of aviation professionals. Research conducted through ASSURE is focused on helping the drone community safely grow and integrate into the nation’s airspace.   

Earlier in 2022, Secretary Buttigieg outlined six key Innovation Principles the Department of Transportation will apply when fostering transportation technologies. Specifically, while continuing to commit to the highest standards of safety across technologies, these awards demonstrate the Department’s commitment to exploring ways to leverage innovation to help communities and public sector partners through experimentation.

More than 850,000 recreational and commercial drones are in the active drone fleet, and that number is expected to grow."
Join the FAA for Drone Safety Day,"Tuesday, April 26, 2022",https://www.faa.gov/newsroom/join-faa-drone-safety-day,"WASHINGTON—The Federal Aviation Administration (FAA) is inviting the drone community to be part of its 2022 Drone Safety Day campaign on Saturday, June 18. This year’s campaign will be a one-day national event, to encourage drone pilots and recreational flyers to “Fly RIGHT.” This year’s safety messages will focus on: 

•    Register your drone 
•    Interact with others
•    Gain knowledge
•    Have a safety plan
•    TRUST and Train

Since 2019, the FAA has hosted the annual campaign dedicated to drone safety and best practices. Safety is a shared responsibility that requires the community and the FAA to work together.           

For additional information and to find virtual and in-person events near you, visit faa.gov. Follow the FAA on Twitter, Facebook and Instagram for the latest Drone Safety Day news. 
 "
FAA Awards $4.4 Million in Drone Research Grants to Seven Universities,"Friday, April 15, 2022",https://www.faa.gov/newsroom/faa-awards-44-million-drone-research-grants-seven-universities,"WASHINGTON – The U.S. Department of Transportation’s Federal Aviation Administration (FAA) today announced $4.4 million in drone research, education and training grants to seven universities. Research will focus on three areas: electromagnetic compatibility, detect and avoid classifications, and cybersecurity oversight. 

The universities receiving grants are University of North Dakota, University of Kansas, Drexel University, The Ohio State University, Embry-Riddle Aeronautical University, Mississippi State University and Oregon State University.  
 
“This funding and our ongoing partnerships with these universities will allow the FAA to safely integrate the airspace that has a growing number of diverse aircraft users,” said FAA Acting Administrator Billy Nolen. 
 
The research initiatives and grant awardees include:
 
Evaluate Unmanned Aircraft Systems (UAS) Electromagnetic Compatibility
This research will assess the risks, identify drone design vulnerabilities, identify material and procedural mitigations, and propose guidance for safer electromagnetic compatibility with emitted and static fields. 
 
•    University of North Dakota           $325,042
•    University of Kansas                    $325,000
•    Drexel University                         $325,830

Investigate Detect and Avoid Track Classification and Filtering 
This research will provide proposed metrics, guidance, and test methods to assess the effects of false or misleading information on detect and avoid capabilities. The findings will support Beyond Visual Line of Sight operations.    
 
•    The Ohio State University                          $732,441
•    Embry-Riddle Aeronautical University       $371,000
•    Mississippi State University                       $330,000
•    University of North Dakota                        $80,000
 
Illustrate the Need for UAS Cybersecurity Oversight and Risk Management
This research will address UAS Cybersecurity Oversight and Risk Management as it pertains to the National Airspace System and other FAA systems.
  
•    University of Kansas                    $651,982
•    Oregon State University               $609,226
•    Drexel University                          $608,783  

Today’s announcement is the second round of Alliance for System Safety of UAS through Research Excellence (ASSURE) grants, which brings the total of 15 grants valued at $18.3 million for Fiscal Year 2022.The ASSURE Center of Excellence is one of six that the agency has established to help advance technology and educate the next generation of aviation professionals. Research conducted through ASSURE is focused on helping the drone market safely grow and integrate into the nation’s airspace.   
 
More than 800,000 recreational and commercial drones are in the active drone fleet, and that number is expected to grow.  
 "
Register for the FAA Drone Symposium,"Thursday, April 7, 2022",https://www.faa.gov/newsroom/register-faa-drone-symposium,"There’s still time to register and make your travel plans for the annual Federal Aviation Administration (FAA) Drone Symposium on April 28, 2022 in Orlando, Fla.

The FAA and the Association for Uncrewed Vehicle Systems International (AUVSI) will co-host the in-person event, which will focus on how drones are advancing how businesses do business.  

The symposium will feature a keynote presentation and expert panels to discuss the recent report from the Beyond Visual Line Of Sight Aviation Rulemaking Committee’s (BVLOS ARC), remote identification requirements, UAS Traffic Management, and regulations that promote global harmonization.

This year’s sessions:

Don’t miss out on this exciting opportunity to learn and network–register now!"
Register NOW for the 2022 FAA Drone Symposium,"Tuesday, March 15, 2022",https://www.faa.gov/newsroom/register-now-2022-faa-drone-symposium,"Registration is now open for this year’s Federal Aviation Administration (FAA) Drone Symposium, which will be held on April 28, 2022. The in-person event will be held at the Orange County Convention Center in Orlando, Florida. 

In keeping with this year’s theme “Arise,” the symposium will focus on the expansion and advancement of how drones are helping businesses do business. Sessions at the Symposium will include discussions about the Beyond Visual Line Of Sight (BVLOS) Aviation Rulemaking Committee’s recent report, remote identification requirements, UAS Traffic Management, and regulations that promote global harmonization. 

The FAA and the Association for Uncrewed Vehicle Systems International (AUVSI) are co-hosts of the symposium. To register for the Symposium and get updates on event programming, visit the symposium website. 
 "
FAA Announces Application Period for LAANC Service Suppliers,"Wednesday, March 9, 2022",https://www.faa.gov/newsroom/faa-announces-application-period-laanc-service-suppliers,"The Federal Aviation Administration will open the application period to become an FAA Approved Unmanned Aircraft Systems (UAS) Service Supplier for the FAA’s Low Altitude Authorization and Notification Capability (LAANC) on May 2, 2022.

LAANC is a collaboration between the FAA and the drone industry that enables the safe integration of drones into the nation’s airspace. LAANC Service Suppliers help drone pilots obtain FAA airspace authorizations to operate in controlled airspace below 400 feet. 

Since its launch in 2017, the system now covers 542 air traffic facilities serving approximately 735 airports. In February, the FAA issued its millionth airspace authorization through LAANC. 

LAANC does not grant Service Suppliers the authority to regulate the airspace or grant access without FAA approval.

The schedule is as follows:

The FAA is announcing the application date more than two months in advance to help applicants prepare, as they must have a mature product at the time of application. Information on requirements and the onboarding process can be found on FAA.gov. "
FAA Begins New Phase of Testing to Safely Integrate Drones into the National Airspace,"Friday, February 11, 2022",https://www.faa.gov/newsroom/faa-begins-new-phase-testing-safely-integrate-drones-national-airspace,"The Federal Aviation Administration (FAA) will begin field-testing new drone-traffic-management capabilities to further integrate these aircraft into the National Airspace System.  

The Unmanned Aircraft System Traffic Management (UTM) Field Test, which will start in the spring of 2022, will allow the government and the drone community to continue improving standards, data-exchange methods and cybersecurity capabilities.   

UTM includes a set of services that are complementary to, but separate from, Air Traffic Management services for manned aircraft. It is targeted toward small unmanned aircraft operations in airspace, generally flying below 400 feet, and builds on current rules and capabilities that enable airspace access and authorization.

The test outcomes will provide the FAA with critical information to support the development of new policies and for industry development of updated standards to allow drones to routinely fly beyond visual line of sight of the operators. 

The FAA and its industry partners will conduct multiple drone flights in realistic test scenarios to learn more about how to manage drone traffic in varying environments. The flight tests will examine how the latest capabilities and standards will work to support the operations in the real world. "
FAA Reaches One Million Airspace Authorization for Drone Pilots,"Friday, February 4, 2022",https://www.faa.gov/newsroom/faa-reaches-one-million-airspace-authorization-drone-pilots,"WASHINGTON – This week, the Federal Aviation Administration (FAA) issued its millionth airspace authorization for drone pilots to use busy airspace safely. The Low Altitude Authorization and Notification Capability (LAANC) automates the process for drone pilots to quickly gain authorization and provides Air Traffic professionals with awareness of where drones may be operating. 

“This system has allowed drone pilots to gain timely access to busy airspace without sacrificing safety,” said Teri L. Bristol, the chief operating officer of the FAA’s Air Traffic Organization. “We are grateful to everyone who helped us reach this milestone safely.”

Under Part 107 of the Federal Aviation Regulations, drone operators need to secure approval from the FAA to operate in any airspace controlled by an air traffic facility. Prior to LAANC, airspace authorizations were done manually, which could take drone pilots weeks to get approved. In 2017, the FAA recognized that the manual system delayed the agency’s goal to support routine drone operations and launched LAANC as a prototype for automatic airspace approvals.   

Since becoming an official program in 2018, LAANC has provided an automated system for drone pilots– both commercial pilots and recreational pilots - requesting to fly below 400 feet in controlled airspace. Drone pilots are able to request airspace authorizations through any of the FAA-Approved LAANC Service Suppliers up to 90 days before they plan to fly. The system now covers 542 air traffic facilities serving approximately 735 airports. LAANC also allows the agency to provide drone pilots with information and guidance on where they can and cannot fly a drone. 

In 2021, the LAANC capability expanded to provide night authorizations to Part 107 Remote Pilots. 

Drone pilots can also request airspace authorizations using the FAADroneZone, including for areas not covered by LAANC or when the operator holds a Part 107 waiver.

For additional information on LAANC, visit the FAA website. For general inquiries on these new regulations and other UAS inquiries, please call 844-FLY-MY-UA or email the FAA."
FAA designates Los Angeles Area a ‘No Drone Zone’ For Super Bowl LVI,"Wednesday, February 2, 2022",https://www.faa.gov/newsroom/faa-designates-los-angeles-area-no-drone-zone-super-bowl-lvi,"WASHINGTON – SoFi Stadium in Inglewood, Calif., is a “No Drone Zone” for Super Bowl LVI. The Federal Aviation Administration (FAA) will prohibit drones within a 30-nautical-mile radius of the stadium up to 18,000 feet in altitude. The Temporary Flight Restriction (TFR) goes into effect from 2:30 p.m. to 8:30 p.m. PST on Feb. 13, 2022. 

Drones are also prohibited for one nautical mile and up to 3,000 feet in altitude around SoFi Stadium on Feb. 13 from 10 a.m. until the TFR for the game takes effect. Further details are available in this Super Bowl LVI Flight Advisory.

Drone operators who enter the TFRs without permission could face drone confiscation, civil penalties that exceed $30,000 and potential criminal prosecution. 

Detailed information for general aviation and drone pilots is available on the FAA's Super Bowl LVI web page.
 "
FAA Announces Super Bowl LVI Safety Plan,"Wednesday, January 26, 2022",https://www.faa.gov/newsroom/faa-announces-super-bowl-lvi-safety-plan,"WASHINGTON – The Federal Aviation Administration (FAA) is working with law enforcement, the aviation community and the National Football League to ensure safe, secure and efficient aircraft operations for Super Bowl LVI. The Super Bowl will be held Feb. 13, 2022, at SoFi Stadium in Inglewood, California.

The agency is planning for hundreds of additional take-offs and landings and aircraft parked at Los Angeles-area airports during Super Bowl week. Special procedures, including Temporary Flight Restrictions (TFR) and a No Drone Zone, will limit flights around SoFi Stadium before, during and after the game. 

The game-day TFR will go into effect at approximately 2:30 p.m. PST. It will cover a ring of 30 nautical miles (34.5 miles), centered over the stadium and from the ground up to 18,000 feet in altitude. It will expire at 8:30 p.m. PST, but may be extended if conditions warrant. Drones also are prohibited inside the TFR. 

Pilots must be aware of the latest flight advisories and check Notices to Air Missions (NOTAM) before flying. Pilots and drone operators who enter the TFRs without permission could face civil penalties that exceed $30,000 and potential criminal prosecution. 

The TFR will not affect regularly scheduled commercial flights at Los Angeles International Airport (LAX). Emergency, medical, public safety and military operations may fly in the TFR while it is in place, in coordination with air traffic control.

The North American Aerospace Defense Command (NORAD) enforces TFRs in real time."
Super Bowl LVI Flight Requirements for GA Pilots,"Monday, January 10, 2022",https://www.faa.gov/newsroom/super-bowl-lvi-flight-requirements-ga-pilots,"WASHINGTON – General aviation pilots who want to fly in Los Angeles airspace between Feb. 6 – 14, 2022, must follow special air traffic procedures, temporary flight restrictions and other operational requirements that will be in effect for Super Bowl LVI. 

The FAA will issue a Notice to Air Missions (NOTAM) about the procedures for the game and specific arrival and departure route requirements for jet and turboprop aircraft.

Pilots can familiarize themselves with a number of Los Angeles-area airports through the FAA’s From the Flight Deck video series. These videos show actual runway approach and airport taxiway footage captured with flight deck mounted cameras, combined with diagrams and visual graphics to clearly identify hot spots and other safety-sensitive items.

The FAA published a webpage with information for Los Angeles-area airspace and airports, and will update this page as additional information becomes available.  

A reservation program to facilitate aircraft parking at the following Los Angeles-area airports will be in effect from Feb. 6 through Feb. 14. Pilots should contact the Fixed Base Operator (FBO) at their airport to obtain reservations and additional information.  

Special air traffic procedures to minimize air traffic delays and enhance safety will be in effect for the following airports:

Special Event TFR for Super Bowl Sunday – February 13, 2022
The FAA will publish a Temporary Flight Restriction (TFR) for Super Bowl LVI centered on SoFi Stadium. The TFR is expected to be active from 2:30 p.m. PST (2230z) until 8:30 p.m. PST (0430z) on Sunday, Feb. 13. The TFR will have a 10 nautical-mile inner core and a 30 nautical-mile outer ring.

The game will take place at SoFi Stadium in Inglewood beginning at approximately 3:30 p.m. PST on Feb. 13.

The TFR will not affect regularly scheduled commercial flights in and out of Los Angeles International Airport (LAX). Emergency medical, public safety and military aircraft may enter the TFR in coordination with air traffic control.

Super Bowl LVI is a No Drone Zone. As a designated National Security Special Event, additional unmanned aircraft restrictions will be in place before, during and after the Super Bowl. 

The FAA will post the full text and graphic depiction of the Super Bowl LVI TFR later in January. "
FAA Launches 2021 Holiday ‘12 Days of Drones’ Safety Campaign,"Monday, November 29, 2021",https://www.faa.gov/newsroom/faa-launches-2021-holiday-12-days-drones-safety-campaign,"If you are considering buying a drone as a holiday gift, the Federal Aviation Administration (FAA) wants you and your loved ones to understand how to fly it safely. 

The FAA is launching its 12 Days of Drones campaign to educate the public about the rules, regulations and best practices of operating a drone. This December, the agency will share important drone-safety information and resources that will help future pilots stay up to date with the latest rules. All of the campaign’s safety messages will be posted on the FAA Drone Zone Twitter and Facebook accounts throughout the week. 

The campaign will run each weekday from December 2 – 17 with each day dedicated to a specific drone safety topic.

The FAA also released a new video reminding everyone of the rules and regulations that drone pilots must follow.

Additional information about safely flying a drone is available on the FAA website. 
 "
Night Authorization Available for Part 107 Drone Pilots,"Monday, October 4, 2021",https://www.faa.gov/newsroom/night-authorization-available-part-107-drone-pilots,"Drone pilots with current Part 107 Remote Pilot Certificates may now obtain near real-time authorizations to fly at night through FAA-approved providers of Low Altitude Authorization and Notification Capability (LAANC) services. LAANC is an automated system for drone pilots requesting to fly below 400 feet in controlled airspace often found around airports. Drone pilots need FAA approval prior to flying in controlled airspace.

In addition to the near real-time night authorizations, drone pilots will have more areas they can fly in since the FAA has divided the airspace into smaller segments. 

Since April 2021, while LAANC providers updated their software, Part 107 pilots were able to operate in controlled airspace at night with a valid LAANC daytime authorization and an authorization letter from the FAA which expires on September 30. Today’s announcement provides a permanent solution for Part 107 drone pilots to operate in controlled airspace at night.

For more information on night authorizations and additional LAANC announcements, visit the FAA website. For general inquiries on these new regulations and other UAS inquiries, please call 844-FLY-MY-UA or email the FAA.  "
FAA Awards $2.8 Million in Drone Research Grants to Five Universities,"Monday, September 27, 2021",https://www.faa.gov/newsroom/faa-awards-28-million-drone-research-grants-five-universities,"WASHINGTON – The U.S. Department of Transportation’s Federal Aviation Administration (FAA) today announced $2.8 million in drone research, education and training grants to five universities. Research will focus on three areas: Advanced material, right-of-way rules, and flight data recorder requirements. 
 
The universities receiving grants are Mississippi State University, Wichita State University, Embry-Riddle Aeronautical University, the University of Kansas and the University of North Dakota.  
 
“This funding and our ongoing partnerships with these universities will allow the FAA to safely integrate the airspace that has a growing number of diverse aircraft users,” said FAA Administrator Steve Dickson. 
 
The grant awardees are summarized as follows:

Conduct Advanced Materials Investigation - Composite Material Analysis for Unmanned Aircraft System (UAS)
 
This research aims to identify, assess, and understand the types of composites and other advanced materials used in drones and Advanced Air Mobility. These activities will be critical for developing standards and regulations to use these advanced materials in aircraft.  
 

Propose Right-of-Way Rules for UAS Operations and Safety Recommendations

Right-of-way rules keep aircraft safely separated. This research will explore right-of-way rules for a wide variety of drone operations. It will provide safety-based recommendations for the FAA and drone industry standards organizations to consider in establishing drone detect-and-avoid requirements.  
 

 
Identify Flight Recorder Requirements for UAS Integration into the NAS

Flight recorders can provide valuable data when drone incidents occur. This research will explore flight-recorder requirements for drones, including remotely piloted advance air mobility aircraft. The universities will share the findings with the European Organization for Civil Aviation Equipment. 
  

Today’s announcement is the third round of Alliance for System Safety of UAS through Research Excellence (ASSURE) grants, which brings the total of 57 grants valued at $19.1 million for Fiscal Year 2021. The ASSURE Center of Excellence is one of six that the agency has established to help advance technology and educate the next generation of aviation professionals. Research conducted through ASSURE is focused on helping the drone market safely grow and integrate into the nation’s airspace.   
 
More than 800,000 recreational and commercial drones are in the active drone fleet, and that number is expected to grow.  
 "
FAA Drone Safety Awareness Week Starts Today,"Monday, September 13, 2021",https://www.faa.gov/newsroom/faa-drone-safety-awareness-week-starts-today,"Safely integrating drones into the National Airspace System is a key priority for the Federal Aviation Administration (FAA), and our third-annual Drone Safety Awareness Week helps ensure drone operators understand that they are pilots who must fly safely.

As part of the agency’s education efforts, FAA Administrator Steve Dickson will participate in an Instagram Live event with Keith Rosentreter, owner of Alien Drones YouTube Channel, Eno Umoh, Co-Founder Global Air Drone Academy, and Dawn Zoldi, president of UAS Colorado. They will discuss The Recreational UAS Safety Test (TRUST), how to properly register and mark your drone, the importance of joining a community of drone operators, and how drones are used in science, technology, engineering, and mathematics (STEM) to inspire young people. The event will take place on Wednesday from 1:00-1:30 p.m. EDT. 

The week also will feature drone pilots, recreational flyers, and experts discussing their commitment to safety, and sharing tips and information. Several organizations and FAA Safety Team (FAAST) volunteers are hosting virtual events to engage and educate the public about drone safety. If you are new to the drone community, this is a great opportunity to understand how to fly safely.

Each day of the week is dedicated to a specific educational theme:

Please tag your social media stories with #DroneWeek to let us know you’re participating in National Drone Safety Awareness Week. 

For additional information, visit faa.gov/go/DroneWeek.  "
Join the FAA for Drone Safety Awareness Week,"Friday, August 27, 2021",https://www.faa.gov/newsroom/join-faa-drone-safety-awareness-week,"The Federal Aviation Administration (FAA) encourages the drone community to participate in the third annual National Drone Safety Awareness Week from Sept. 13 – 19, 2021.

A key pillar of the FAA’s work to safely integrate drones into the National Airspace System, ensuring that drone pilots understand their responsibility to fly safely, and what that entails. 

During this weeklong campaign, drone pilots and recreational flyers will talk about their passion and commitment to drone safety, and industry experts will share important drone safety educational topics. The event will also highlight new requirements and best practices for the drone community. 

Each day of the week is dedicated to a specific educational theme:

Graphics and resources are available for you to participate in National Drone Safety Awareness Week:

For additional information, visit faa.gov/go/DroneWeek."
Time to Register for Episode IV of the 2021 FAA UAS Symposium,"Tuesday, August 17, 2021",https://www.faa.gov/newsroom/time-register-episode-iv-2021-faa-uas-symposium,"If you enjoyed Episode III of the virtual FAA Unmanned Aircraft Systems (UAS) Symposium – Remotely Piloted Edition, don’t miss out on attending Episode IV on September 14-15, 2021.

The Federal Aviation Administration (FAA) and the Association for Unmanned Vehicle Systems International (AUVSI) are cohosting the symposium. The annual event is an opportunity to have your drone questions answered from the FAA, other government agencies and industry leaders, who discuss future technologies and regulations that support the safe integration of drones into the national airspace system.

Episode III launched this year’s event theme, “Above and Beyond,” and focused on international, public safety, recreational, and commercial drone operations, as well as science, technology, engineering and mathematics (STEM).

Episode IV will focus on operational advancements, international developments, and Beyond Visual Line of Sight (BVLOS) operations. Episode IV also will include keynote presentations, expert panels, informational sessions with live Q&A, roundtable discussions, and one-on-one meetings with experts from the FAA UAS Support Center. The full agenda and session descriptions for Episode IV are available on the symposium website.

This is the last episode of the year, register now!"
Don't Forget to Register for the 2021 FAA UAS Symposium,"Tuesday, June 1, 2021",https://www.faa.gov/newsroom/dont-forget-register-2021-faa-uas-symposium,"There is still time to register for Episodes III and IV of the virtual FAA Unmanned Aircraft Systems (UAS) Symposium.

The theme for this year’s event is “Above and Beyond” and it will take place on June 9-10, 2021 and Sept. 14-15, 2021. This is a unique opportunity to have your drone questions answered from leaders in the industry, who will discuss future technologies and regulations that support the safe integration of drones into the national airspace system.

The Federal Aviation Administration (FAA) and the Association for Unmanned Vehicle Systems International (AUVSI) are co-hosting the symposium. Each episode will feature keynote presentations, expert panels, informational sessions with live Q&A, roundtable discussions and one-on-one meetings with experts from the FAA UAS Support Center. The full agenda and session descriptions for Episode III are available on the symposium website. The agenda for Episode IV will be posted in the summer.

Episode III keynote speakers:

Episode III (June 9-10) sessions will focus on:

Episode IV (September 14-15) sessions will focus on:

Don’t miss out on this exciting opportunity to learn and network–register now!"
Mark Your Calendar: 2021 FAA UAS Symposium,"Tuesday, May 4, 2021",https://www.faa.gov/newsroom/mark-your-calendar-2021-faa-uas-symposium,"The Federal Aviation Administration (FAA) and the Association for Unmanned Vehicle Systems International (AUVSI) will co-host Episodes III and IV of the virtual FAA Unmanned Aircraft Systems (UAS) Symposium – Remotely Piloted Edition. The theme for this year’s virtual event is “Above and Beyond” and will take place on June 9-10, 2021, and September 14-15, 2021.

Register now to  join the conversation as experts from industry, academia, international aviation authorities, and the U.S. government discuss key areas for the future of the drone community – including the operations over people rule, remote identification, airspace authorizations, waivers, the part 107 small UAS rule, changes in hobbyists’ drone operations, and other policies and regulations.

Last year, the symposium went virtual with a two-part event – “Drones. Here for Good.” Episodes I and II focused on UAS traffic management, global harmonization, the UAS Integration Pilot Program and public safety operations.

This year Episode III, scheduled for June 9-10, will concentrate on international operations, STEM, public safety operations, recreational drone operations, and commercial drone operations. Episode IV is scheduled for September 14-15 with a focus on UAS traffic management, technology, the BEYOND program, advanced air mobility, and international operations. Each episode will feature keynote presentations, expert panels, guided and non-guided networking discussions, one-on-one meetings with experts in the FAA UAS Support Center, and informational sessions with live Q&A.

Visit the symposium website to get updates on event programming and registration."
New Drone Rules Take Effect Today,"Wednesday, April 21, 2021",https://www.faa.gov/newsroom/new-drone-rules-take-effect-today,"WASHINGTON –Final rules take effect today for remotely identifying drones and allowing operators of small drones to fly over people and at night under certain conditions.

“Today’s rules are an important first step in safely and securely managing the growing use of drones in our airspace, though more work remains on the journey to full integration of Unmanned Aircraft Systems (UAS),” said U.S. Secretary of Transportation Pete Buttigieg. “The Department looks forward to working with stakeholders to ensure that our UAS policies keep pace with innovation, ensure the safety and security of our communities, and foster the economic competitiveness of our country.”

“Drones can provide virtually limitless benefits, and these new rules will ensure these important operations can grow safely and securely,” said FAA Administrator Steve Dickson. “The FAA will continue to work closely with other Department of Transportation offices and stakeholders from across the drone community to take meaningful steps to integrate emerging technologies that safely support increased opportunities for more complex drone use.”

The Remote Identification (Remote ID) rule provides for identifying drones in flight and the location of their control stations, reducing the risk of them interfering with other aircraft or posing a risk to people and property on the ground. The rule provides crucial information to our national security and law enforcement partners and other agencies charged with ensuring public safety. It applies to all drones that require FAA registration.

The Operations Over People rule applies to pilots who fly under Part 107 of the Federal Aviation Regulations. Under this rule, the ability to fly over people and over moving vehicles varies depending on the level of risk a small drone poses to people on the ground. Additionally, this rule allows operations at night under certain conditions provided pilots complete certain training or pass knowledge tests.

The public can review both the Remote ID (PDF) and Operations Over People Rule (PDF) in the Federal Register."
Recurrent Training Courses for Drone Pilots Available Online,"Thursday, April 8, 2021",https://www.faa.gov/newsroom/recurrent-training-courses-drone-pilots-available-online,"Drone pilots who have Part 107 Remote Pilot Certification can now take their required training courses online. The training ensures that they have the knowledge necessary to operate in accordance with the Operations Over People rule when it becomes effective on April 21, 2021.

The training is free and available on the FAA Safety Team (FAASTeam) website. There are three courses:

Drone pilots who do not hold a Remote Pilot Certificate and want to operate under Part 107 must take the Unmanned Aircraft System (UAS) Initial Aeronautical Knowledge Test at an FAA-Approved Knowledge Testing Center. Knowledge tests may be scheduled on the Airman Certificate Testing Service (ACTS) website.  The test has a fee associated with it and is valid for 24 calendar months.

After the new rule takes effect on April 21, Part 107 remote pilots who have completed the training will be allowed to operate at night without a waiver under certain conditions. The FAA will accept airspace authorization requests from remote pilots to operate in controlled airspace at night as long as they have completed the updated testing or training requirements. An overview of the Operations Over People rule is available on the FAA website.

The FAA is expecting an increase in traffic to the FAASTeam site with the release of this training.  As such, remote pilots may experience technical difficulties while accessing the online courses and are encouraged to access the training outside of regular business days. For general inquiries on these new regulations and other UAS inquiries, please call 844-FLY-MY-UA or email the FAA."
FAA Task Force Focuses on Youth Access to Jobs,"Thursday, April 1, 2021",https://www.faa.gov/newsroom/faa-task-force-focuses-youth-access-jobs,"The Youth Access to American Jobs in Aviation Task Force held its second public meeting on March 31, 2021, hearing from guest speakers from Black Girls Who Drone and the Civil Air Patrol. Ernanda White, founder of Black Girls Who Drone spoke on exploring other entry points to engage underrepresented women and girls in aviation, while Dr. Jeffrey Montgomery with the Civil Air Patrol addressed additional areas of aviation education and outreach.

“The FAA wants to attract the best, brightest and most diverse group of people to be part of the aviation and aerospace industry. We need to reach kids and young people in an inclusive and equitable way,” said FAA Deputy Administrator Bradley Mims.

The Task Force, comprised of aviation leaders from industry and academia, are charged with providing independent recommendations and strategies to the Federal Aviation Administration (FAA) to educate youth on career opportunities in aviation. In addition, the Task Force will identify and recommend opportunities for apprenticeships, workforce development programs and careers in the aviation for students.

Focusing on U.S. high school students, these recommendations and strategies will be used to facilitate and encourage students to enroll in aviation career and technical education courses. These include aviation manufacturing and maintenance and science, technology, engineering, and mathematics (STEM).

The Task Force will submit recommendations and strategies from their meetings to the FAA Administrator and the appropriate Congressional committees. To learn more about the Task Force, comment or get answers to your questions, please contact us at S602YouthTaskForce@faa.gov or visit the Task Force website."
FAA Announces Effective Dates for Final Drone Rules,"Friday, March 12, 2021",https://www.faa.gov/newsroom/faa-announces-effective-dates-final-drone-rules,"The final rules requiring remote identification of drones and allowing some flights over people, over moving vehicles and at night under certain conditions will go into effect on April 21, 2021.

Remote identification (Remote ID) requires identification of drones in flight as well as the location of their control stations or takeoff point. It provides crucial information to our national security and law enforcement partners, and other officials charged with ensuring public safety. Airspace awareness reduces the risk of drone interference with other aircraft, people and property on the ground.

The Operations Over People rule applies to pilots who fly under Part 107 of the Federal Aviation Regulations. The ability to fly over people and over moving vehicles varies depending on the level of risk a small drone operation presents to people on the ground. The rule allows operations based on four categories, which can be found in the rule’s Executive Summary. Additionally, this rule allows operations at night under certain conditions. Prior to flying under the new provisions, a remote pilot must pass the updated initial knowledge test or complete the appropriate updated online training course, which will be available on April 6, 2021. 

Part 107 currently prohibits drone operations over people, over moving vehicles and at night unless the operator obtains a waiver from the FAA. The new FAA regulations jointly provide increased flexibility to conduct certain small drone operations without obtaining a waiver.

The Operations Over People rule requires that remote pilots have their remote pilot certificate and identification in their physical possession when flying. It also expands the class of authorities who may request these documents from a remote pilot. The final rule replaces the 24 calendar month requirement to complete a recurrent aeronautical knowledge test with the requirement to complete updated online recurrent training that includes the rule’s new provisions.

The public can review both the Remote ID and Operations Over People Rule in the Federal Register.

For general inquiries on these new regulations and other UAS inquiries, please call 844-FLY-MY-UA or email the FAA."
FAA Announces Application Period for LAANC,"Wednesday, February 24, 2021",https://www.faa.gov/newsroom/faa-announces-application-period-laanc,"The FAA announced the application period for entities to become FAA Approved UAS Service Suppliers of the Low Altitude Authorization and Notification Capability (LAANC). The application period opens on May 3, 2021.

LAANC is a collaboration between the FAA and the drone industry that directly supports the safe integration of drones into the nation’s airspace. Launched in 2017, the capability covers 80 percent of controlled National Airspace at 400 feet or below and expedites the time it takes for drone pilots to receive near real-time authorizations to fly in this space. All drone pilots operating in LAANC-enabled areas under the FAA’s small drone rule or under the exception for limited recreational operations can access the capability through FAA Approved LAANC Service Suppliers.

LAANC provides drone pilots with industry developed applications to obtain near real-time airspace authorizations for operations in a controlled airspace below 400 feet. LAANC does not provide entities with the authority to regulate the airspace or grant access without FAA approval.

The Schedule is:

The FAA is announcing the application date more than two months in advance to help applicants prepare, as they must have a mature product at time of application. Information on requirements and the onboarding process can be found on FAA.gov."
FAA Seeks TRUST Administrators for Drone Pilot Test,"Monday, February 22, 2021",https://www.faa.gov/newsroom/faa-seeks-trust-administrators-drone-pilot-test,"The Federal Aviation Administration (FAA) today opened the application period for entities interested in serving as test administrators for The Recreational UAS Safety Test (TRUST). Potential test administrators must submit their applications by March 31, 2021.

The FAA will designate qualified third parties to administer the test and make it accessible to all recreational drone flyers. Entities involved with recreational pilots such as educational institutions, manufacturers and aeromodelling organizations are encouraged to apply.

Interested parties are encouraged to review the selection criteria on the FAA website. The FAA will announce selected test administrators in June 2021 and expects selected test administrators to begin offering the test to recreational drone pilots at that time.

TRUST will provide recreational drone flyers with information on best practices and educational resources to ensure safe drone operations.

The test was developed with input from the drone community in response to requirements included in the FAA Reauthorization Act of 2018 that required development of a test to demonstrate a recreational flyer's understanding of aeronautical safety knowledge and rules for operating unmanned aircraft. 

As drones become more popular and accessible, the FAA is committed to ensuring that the public is aware of regulations and how to operate safely in the nation’s airspace."
The FAA Announces Season 2 of Its Podcast The Air Up There!,"Tuesday, February 9, 2021",https://www.faa.gov/newsroom/faa-announces-season-2-its-podcast-air-there,"Washington, DC --- The Federal Aviation Administration (FAA) kicks off the second season of its The Air Up There podcast with a bonus episode discussing the FAA’s role in the transportation of the COVID-19 vaccine. During the new season, which runs through the summer of 2021, the agency will cover topics including commercial space transportation, drone package delivery, and how to start a career in aviation and aerospace.

The Air Up There first aired last fall with three of the season’s seven episodes highlighting the important role of aviation in responding to the global pandemic. Another episode focused on how the nation’s air traffic control system works, the role of aviation in wildfires and another on how drones can be used for the good of others. The season’s final podcast episode, FAA Administrator Steve Dickson talked about the path that led him to aviation.

In addition to the bonus episode, the upcoming season of The Air Up There will be packed with stories on drone package deliveries and what’s next on the horizon for commercial space in the near future. We’ll also look at how the FAA works with conservation specialists to make sure the agency is taking the right steps to keep the National Airspace System safe, whether it’s by avoiding a bird strike or keeping alligators off the runway. 

Listen to season one and stay tuned for season two here, as well as on popular podcast apps."
FAA Announces Super Bowl LV Safety Plan,"Thursday, January 28, 2021",https://www.faa.gov/newsroom/faa-announces-super-bowl-lv-safety-plan,"The Federal Aviation Administration (FAA) is working with federal, state and local law enforcement agencies, the aviation community, and the National Football League to ensure safe, secure and efficient operations before, during and after Super Bowl LV. The Super Bowl will be held Feb. 7, 2021, at Raymond James Stadium in Tampa, Fla.

The agency is planning for hundreds of additional take-offs and landings and aircraft parked at Tampa Bay airports during Super Bowl week. Special procedures, including Temporary Flight Restrictions (TFR) and a No Drone Zone will limit flights around Raymond James Stadium before, during and after the game. 

The game day TFR will go into effect at approximately 5:30 p.m. EST. It will cover a 30 nautical mile (34.5 mile) ring, centered over the stadium and from the ground up to 18,000 feet in altitude. It will expire at 11:59 p.m. EST, but may be extended if conditions warrant. Drones also are prohibited inside the TFR. 

The FAA has established additional TFRs to restrict drone flights for two nautical miles (2.3 miles) around Julian B. Lane Riverfront Park and Curtis Hixon Waterfront Park from the ground to an altitude of 2,000 feet from Friday, January 29, through Saturday, February 6, during event hours.

Pilots must be aware of the latest TFRs and check Notices to Airmen (NOTAM) before flying. Pilots and drone operators who enter the TFRs without permission could face civil penalties that exceed $30,000 and potential criminal prosecution for flying drones in the TFR. The FAA encourages drone operators to check all notices (PDF) to determine where drones may fly.

Drone pilots should check the FAA’s B4UFly app to determine when and where they may fly.

The TFR will not affect regularly scheduled commercial flights at Tampa International Airport (TPA). Emergency, medical, public safety and military operations may fly in the TFR while it is in place, in coordination with air traffic control.

The North American Aerospace Defense Command (NORAD) enforces TFRs in real time. "
"Tampa Bay is a ""No Drone Zone"" During Super Bowl LV","Thursday, January 21, 2021",https://www.faa.gov/newsroom/tampa-bay-no-drone-zone-during-super-bowl-lv,"TAMPA, Fla., – Raymond James Stadium in Tampa is a “No Drone Zone” for Super Bowl LV on Feb. 7, 2021. Drones also are prohibited around the Tampa Riverwalk for the NFL Super Bowl Experience during the days leading up to the event.

The Federal Aviation Administration (FAA) will establish a Temporary Flight Restriction (TFR) on game day that will prohibit drones within a 30-nautical-mile radius of the stadium up to 18,000 feet in altitude. The TFR will be in place from 5:30 p.m. to 11:59 p.m. EST.

Drones are also prohibited for one nautical mile around Raymond James Stadium on February 7 from 10 a.m. until the TFR for the game takes effect.  Further details are available in the drone TFR (PDF).

The FAA will restrict drone flights for roughly two nautical miles around Julian B. Lane Riverfront Park and Curtis Hixon Waterfront Park up to an altitude of 2,000 feet from January 29 to February 6 during event hours.

Pilots and drone operators who enter the TFRs without permission could face civil penalties that exceed $30,000 and potential criminal prosecution for flying drones in the TFR. 

Detailed information for general aviation and drone pilots is available on the FAA's Super Bowl LV web page.

Drone pilots should check the FAA’s B4UFly app to determine when and where they may fly. To highlight the “No Drone Zone,” watch the FAA’s video encouraging fans to enjoy the game and leave their drones at home."
Super Bowl LV Flight Requirements for GA Pilots,"Thursday, January 14, 2021",https://www.faa.gov/newsroom/super-bowl-lv-flight-requirements-ga-pilots,"General Aviation pilots who want to fly around Tampa, Fla., Feb. 3 – 9, 2021 will need to check out the FAA’s Notice to Airmen (NOTAM) for air traffic procedures for the area. Super Bowl LV is Sunday, Feb. 7, at Raymond James Stadium. Game time will be at approximately 6:30 p.m. EST.

The FAA has published a webpage with information for Tampa, Fla. area airspace and airports. The Agency will update the webpage as additional information becomes available.

As a designated National Security Special Event, additional unmanned aircraft restrictions will be in place before, during and after the Super Bowl. Learn more here: Super Bowl LV is a No Drone Zone.

A reservation program to facilitate ground services at the following Tampa Bay area airports will be in effect Feb. 3 – 9, 2021. Pilots should contact the Fixed Base Operator (FBO) at their airport to obtain reservations and additional information.

Special air traffic procedures to minimize air traffic delays and enhance safety will be in effect for the following airports:

Arrival and Departure Route Requirements:The NOTAM includes specific arrival and departure route requirements for jet and turboprop aircraft.

FAA ATC Air Traffic Management InitiativesAir traffic management initiatives may include:

Arrival and Departure Route Requirements:The NOTAM includes specific arrival and departure route requirements for jet and turboprop aircraft.

FAA ATC Air Traffic Management InitiativesAir traffic management initiatives may include:

Special Event TFR for Super Bowl Sunday – February 7, 2021The FAA will publish a Temporary Flight Restriction (TFR) for Super Bowl LV centered on Raymond James Stadium. At this time, the TFR is expected to be active from 5:30 p.m. EST (2130z) until 11:59 p.m. EST (0459z) on Sunday, February 7. The TFR will have a 10 nautical mile inner core and a 30 nautical mile outer ring.

The TFR is for general aviation and drone pilots. Pilots should continually check https://tfr.faa.gov/ for updated information on the time and details of this TFR.

The TFR will not affect regularly scheduled commercial flights flying in and out of Tampa International Airport (TPA). Emergency medical, public safety and military aircraft may enter the TFR in coordination with air traffic control.

The FAA will post the full text and graphic depiction of the Super Bowl LV TFR later in January."
New Members Appointed to the Drone Advisory Committee,"Tuesday, January 5, 2021",https://www.faa.gov/newsroom/new-members-appointed-drone-advisory-committee-0,"WASHINGTON – U.S. Department of Transportation Secretary Elaine L. Chao today announced new appointments to the Federal Aviation Administration’s (FAA) Drone Advisory Committee or DAC.

“The Drone Advisory Committee is key to helping the FAA keep pace with innovation while protecting safety,” said U.S. Transportation Secretary Elaine L. Chao.

Members are executives who represent a variety of unmanned aircraft systems (UAS) interests, including industry, research, academia, retail, technology, and state and local government.

The DAC is a broad-based, long-term federal advisory committee that provides the FAA advice on key UAS integration issues by helping to identify challenges and prioritize improvements. The committee helps to create a broad strategy for the safe integration of UAS into the National Airspace System.

“As the UAS industry continues to evolve, it is important to have DAC members who mirror the many facets of this fast-growing industry. We know the members will help the FAA ensure the highest level of safety while keeping pace with the new and innovative technology for UAS,” said FAA Administrator Steve Dickson.

The DAC is chartered to have up to 35 members and today’s announcement will fill 12 vacancies. The new members listed below will serve a two-year term and join DAC Chairman Michael Chasen, Chairman of the Advisory Board for PrecisionHawk USA, Inc.

The new members are:

For more information on the Drone Advisory Committee, visit our website."
FAA Issues Restrictions on UAS Operations at DOD Facilities,"Tuesday, December 29, 2020",https://www.faa.gov/newsroom/faa-issues-restrictions-uas-operations-dod-facilities,"Washington –The Federal Aviation Administration (FAA) today announced Unmanned Aircraft Systems(UAS) airspace restrictions over additional national security sensitive locations, effective December 30.

In cooperation with its federal partners, the FAA will restrict UAS operations in the airspace over two locations. The first facility is Rock Island Arsenal located between Davenport, Iowa and Rocks Island, Illinois. The second facility is Biometric Technology Center in Clarksburg, West Virginia. Restrictions on these Department of Defense facilities are to address concerns about drone activity over security sensitive facilities. Information on the FAA Notice to Airmen (NOTAM), FDC 0/5116, can be found on the FAA’s UAS Data Delivery System (UDDS) website. This website contains the text of FDC 0/5116 (click on “UAS NOTAM FDC 0/5116” on scroll bar along the top of the page).

UAS operators are strongly advised to review these NOTAMs on FAA’s UDDS website, which defines these restrictions, and all of the currently covered locations. Further down the page is an interactive map (“Map of FAA UAS Data”) displaying restricted airspace throughout the U.S. Zooming in will enable viewers to click on the new DOD locations and see the specific restrictions. Each of the locations are in yellow since the restrictions are pending until the Dec. 30 effective date, at which point they will become red.

The restrictions will also be included in the FAA’s B4UFLY mobile app.

UAS operators who violate these flight restrictions may be subject to enforcement action, including potential civil penalties and criminal charges.

The FAA considers requests by eligible federal security agencies for UAS-specific flight restrictions using its authority under 14 CFR § 99.7. The agency will announce any future changes, including additional locations, as appropriate."
U.S. Department of Transportation Issues Two Much-Anticipated Drone Rules to Advance Safety and Innovation in the United States,"Monday, December 28, 2020",https://www.faa.gov/newsroom/us-department-transportation-issues-two-much-anticipated-drone-rules-advance-safety-and,"WASHINGTON — The U.S. Department of Transportation’s Federal Aviation Administration (FAA) today announced final rules for Unmanned Aircraft (UA), commonly known as drones. The new rules will require Remote Identification (Remote ID) of drones and allow operators of small drones to fly over people and at night under certain conditions. These rules come at a time when drones represent the fastest-growing segment in the entire transportation sector – with currently over 1.7 million drone registrations and 203,000 FAA-certificated remote pilots.

Remote ID will help mitigate risks associated with expanded drone operations, such as flights over people and at night, and both rules support technological and operational innovation and advancements.

“These final rules carefully address safety, security and privacy concerns while advancing opportunities for innovation and utilization of drone technology,” said U.S. Secretary of Transportation Elaine L. Chao.

Remote ID is a major step toward the full integration of drones into the national airspace system. Remote ID provides identification of drones in flight as well as the location of their control stations, providing crucial information to our national security agencies and law enforcement partners, and other officials charged with ensuring public safety. Airspace awareness reduces the risk of drone interference with other aircraft and people and property on the ground.

Equipping drones with Remote ID technology builds on previous steps taken by the FAA and the drone industry to integrate operations safely into the national airspace system. Part 107 of the federal aviation regulations currently prohibits covered drone operations over people and at night unless the operator obtains a waiver from the FAA. The new FAA regulations jointly provide increased flexibility to conduct certain small UAS without obtaining waiver.

“The new rules make way for the further integration of drones into our airspace by addressing safety and security concerns,” said FAA Administrator Steve Dickson. “They get us closer to the day when we will more routinely see drone operations such as the delivery of packages.”

The Remote ID rule applies to all operators of drones that require FAA registration. There are three ways to comply with the operational requirements:

1. Operate a standard Remote ID drone that broadcasts identification and location information of the drone and control station;

2. Operate a drone with a Remote ID broadcast module (may be a separate device attached to the drone), which broadcasts identification, location, and take-off information; or

3. Operate a drone without Remote ID but at specific FAA-recognized identification areas.

The Operations Over People and at Night rule applies to Part 107 operators. The ability to fly over people and moving vehicles varies depending on the level of risk a small drone operation presents to people on the ground. Operations are permitted based on four categories, which can be found in the executive summary accompanying the rule. Additionally, this rule allows for operations at night under certain conditions.

The final rule requires that small drone operators have their remote pilot certificate and identification in their physical possession when operating, ready to present to authorities if needed. This rule also expands the class of authorities who may request these forms from a remote pilot. The final rule replaces the requirement to complete a recurrent test every 24 calendar months with the requirement to complete updated recurrent training that includes operating at night in identified subject areas. 

Both rules will become effective 60 days after publication in the Federal Register. The Remote ID rule includes two compliance dates. Drone manufacturers will have 18 months to begin producing drones with Remote ID, with operators having an additional year to start using drones with Remote ID.

For general inquiries on these new regulations and other UAS inquiries, please call 844-FLY-MY-UA or email the FAA."
DOT Issues Two New Drone Rules to Advance Safety and Innovation in the U.S.,"Monday, December 28, 2020",https://www.faa.gov/newsroom/dot-issues-two-new-drone-rules-advance-safety-and-innovation-us,
FAA Grants Santa Claus Special Flight and Launch Permissions,"Wednesday, December 23, 2020",https://www.faa.gov/newsroom/faa-grants-santa-claus-special-flight-and-launch-permissions,"WASHINGTON —The Federal Aviation Administration (FAA) today announced it has granted Santa Claus and his reindeer-powered sleigh special operating authority to engage in interstate air-cargo-delivery services directly to rooftops throughout the United States on Christmas Eve. 

In addition, for the first time ever, the FAA issued Santa a special commercial space license for a crewed mission to the International Space Station using his StarSleigh-1 space capsule powered by the Rudolph Rocket. The mission license includes both launch and reentry operations and will occur from a U.S.-based spaceport.

“We are pleased to help Santa safely navigate through the National Airspace System to bring his unique and universal brand of good will and joy to children and adults of all ages—even to those orbiting the Earth,” said FAA Administrator Steve Dickson.  “Let’s face it, 2020 was a difficult year and we all could use some special holiday cheer that only Santa can deliver.”  

Being a world humanitarian, Santa knows this Christmas is different from other years and he wholeheartedly agrees with the FAA decision to give priority to flights carrying COVID-19 vaccines and other cargo critical to the nation’s response to the ongoing public health emergency.

Nonetheless, with the aid of a flight plan that takes advantage of simplified air routes and NextGen satellite navigation, Santa is confident he will deliver all his gifts by Christmas morning as he has done for centuries. 

In addition, Santa has informed the FAA he will FlyHealthy during his journey by wearing a face mask on his flight to set a good example for everyone who is traveling by air this holiday season.

To ensure Santa and all other pilots have a safe trip, the FAA is asking the public for assistance and avoid creating a serious safety risk with drones and lasers. Sending up a drone to take a picture or video of an aircraft or sleigh is distracting to the pilots and will scare the reindeer, while holiday laser-light displays aimed into the sky can temporarily blind pilots.

Follow Santa’s progress as he travels across the U.S. by visiting the North American Aerospace Defense Command (NORAD) website, where NORAD tracks Santa’s Christmas Eve voyage."
FAA Moving Forward to Enable Safe Integration of Drones,"Monday, November 23, 2020",https://www.faa.gov/newsroom/faa-moving-forward-enable-safe-integration-drones,"WASHINGTON – The FAA published airworthiness criteria for the proposed certification of 10 different Unmanned Aircraft Systems (UAS) or drones as special class aircraft. This is a crucial step to enabling more complex drone operations beyond what is allowed under the small unmanned aircraft rule (Part 107), including package delivery.

“The development of airworthy, durable, and reliable unmanned aircraft is a crucial step forward for this innovative sector,” said Dr. Michael C. Romanowski, director of Aircraft Certification Service Policy and Innovation. “Type certification will help increase both public and regulatory confidence in drone technology as operations become more advanced.”

The airworthiness criteria provide a level of safety equivalent to that provided by existing airworthiness standards applicable to other categories of aircraft, and establish a defined path to type certification for specific drones. Each applicant seeking a type certificate must follow FAA’s requirements and safety objectives.

Airworthiness criteria notices are published in the Federal Register for the following applicants:

The applicants’ drones range from five to 89 pounds and include several types of vehicle designs, including both fixed wing and rotorcraft, and are all electric powered. Each notice outlines the applicant’s proposed UAS for certification and the airworthiness criteria proposed by the FAA.

This is a step in the certification process and does not imply these applicants have earned type certificates. Final determination of whether a specific drone meets FAA safety requirements will occur after the applicant demonstrates they have complied with these requirements.

The public has 30 days to comment on each applicant’s airworthiness criteria, and deadlines are specified in each individual notice. The FAA will consider the comments as it establishes criteria for type certifying each UAS and will publish final airworthiness criteria after the comment period closes."
FAA and NASA Complete Drone Demonstrations,"Tuesday, November 17, 2020",https://www.faa.gov/newsroom/faa-and-nasa-complete-drone-demonstrations,"WASHINGTON – The Federal Aviation Administration (FAA) has concluded the second phase of its Unmanned Aircraft System (UAS) Traffic Management Pilot Program (UTM/UPP).

The agency ended the phase with virtual demonstrations in partnership with the National Aeronautics and Space Administration (NASA) and two UAS Test Sites: the Virginia Tech Mid-Atlantic Aviation Partnership (MAAP) and the New York UAS Test Site(NYUASTS).

The UPP results will provide a proof of concept for UTM capabilities and serve as the basis for policy considerations, standards development and the implementation of a UTM system.

“The demonstrations will help move us closer to safe beyond-visual-line-of-sight drone operations,” said Pamela Whitley, the FAA’s acting assistant administrator for NextGen. “Flight testing UTM capabilities in high-density airspace will help us develop policy for safely and efficiently integrating drones into our national airspace while benefiting and serving communities.”  

The demonstrations showcased emerging UTM capabilities that will support beyond-visual-line-of-sight (BVLOS) operations:

Check out the demonstrations in action

Each event attracted more than 100 participants and included local and state elected officials and representatives from international civil aviation authorities. Both test sites collaborated with drone operators and local public safety agencies to demonstrate scenarios that featured various complex UTM capabilities working together to support BVLOS operations with increasing volumes and densities.

MAAP hosted an event on Oct. 28 in partnership with UAS Service Suppliers (USS) AirMap, AiRXOS, ANRA Technologies, and Wing. On Nov. 9, NYUASTS hosted its showcase in coordination with the Griffiss International Airport, Northeast UAS Airspace Integration Research Alliance (NUAIR), and USS partners AiRXOS, ANRA Technologies, AX Enterprize, and OneSky.

The FAA has worked closely with NASA, industry and other stakeholders since 2017 to identify the initial set of capabilities needed to support small drone operations and advance UTM. The FAA Reauthorization Act of 2018 extended the objectives of the program to further enable safe BVLOS drone operations, paving the way for the program.

Stay tuned for more updates on how emerging technologies are being field tested to support the growing UAS industry."
Initial Drone Registrations About to Expire,"Tuesday, November 17, 2020",https://www.faa.gov/newsroom/initial-drone-registrations-about-expire,"The Federal Aviation Administration (FAA) is reminding everyone whose drone registrations expire in December that the FAADroneZone is the FAA’s official website for registration.

If you completed your drone registration directly with the FAA before the FAADroneZone was established in January 2018, a FAADroneZone account was created for you using the information you provided. Access your account by entering the same email address you used when you first registered, and by using the “forgot password” tool to establish a new password.

If you registered using a third-party service, contact that company to request your FAADroneZone login credentials. Otherwise, you will have to create a new account in the FAADroneZone and get a new registration.

Registration on the FAADroneZone is fast and easy and the fee is only $5 for a three-year period. All drones must be registered, except those that weigh .55 pounds or less (less than 250 grams) and are flown exclusively under the Exception for Recreational Flyers. Please do your part to keep the skies safe and renew your registration today."
Drone Safety Week is Here!,"Monday, November 16, 2020",https://www.faa.gov/newsroom/drone-safety-week-here,"Calling all drone enthusiasts!

Join the Federal Aviation Administration (FAA) for virtual events during its second annual National Drone Safety Awareness Week from Nov. 16–22, 2020. Learn about the latest drone technology and how the FAA is working to safely integrate drones into the National Airspace System. Throughout the week, you also will hear from drone pilots and recreational flyers about their passion and commitment to drone safety, and stakeholders will highlight important drone safety educational topics.

FAA Administrator Steve Dickson will kick off the week by participating in a live virtual event with middle- and high-school students from Baltimore, Md., who are interested in Science, Technology, Engineering and Math through the Global Air Drone Academy, a virtual drone club where they learn about careers and flying safely. The event will take place from 4 to 5 p.m. EST Monday. You can view the livestreamed video on FAA social media platforms Instagram, Twitter, Facebook and YouTube. 

Throughout the week you can learn about the latest drone technology and how the FAA is working to safely integrating drones into the National Airspace System. You also will hear from drone operators about their passion and commitment to drone safety, and stakeholders will highlight important drone safety educational topics. 

This year, the FAA will offer activities just for students, including a Virtual Art Gallery where they can share their artistic talents and submit drone-inspired drawings. Lesson plans and other resources for teachers, parents and caregivers are posted on FAA.gov to help young people learn about drones, aviation and science.

Please share your drone related safety stories on your social media platforms using the following hashtags–#DroneWeek, and follow the FAA at @FAADroneZone."
"U.S. Transportation Secretary Elaine L. Chao Announces Successful Completion of Drone Pilot Program, Announces New Program Called BEYOND","Friday, October 30, 2020",https://www.faa.gov/newsroom/us-transportation-secretary-elaine-l-chao-announces-successful-completion-drone-pilot,"WASHINGTON – U.S. Secretary of Transportation Elaine L. Chao today announced the three-year Unmanned Aircraft Systems (UAS) Integration Pilot Program (IPP) successfully concluded on Oct. 25. Eight of the nine state, local and tribal governments that participated in the program have signed new agreements with the Federal Aviation Administration (FAA) to continue to tackle remaining UAS integration challenges.

“The three years of information gathered under the drone Integration Pilot Program will be applied to a new initiative called BEYOND, which will further advance the safe integration of drones into our national air space,” said U.S. Transportation Secretary Elaine L. Chao.

“The IPP propelled the American drone industry forward, allowing for unprecedented expansions in testing and operations through innovative private-public partnerships across the country. Now, the BEYOND program will build upon this success, tackling the next big challenges facing drone integration. The Trump Administration remains committed to the safe and innovative development of drone technologies for the benefit of the American people,” said U.S. Chief Technology Officer Michael Kratsios.

A Presidential Memorandum launched the IPP in October 2017, setting off a competitive selection process from 149 applicants. Using innovative strategies, the IPP participants and their industry partners crafted successful safety cases to operate under the FAA’s existing regulations. Participants used the regulations to conduct package delivery, inspect pipelines and power lines, assess flood damage, count cattle, respond to 911 calls, inspect aircraft and many other missions. The data from these flights has informed ongoing rulemaking, policy and guidance, and will continue to support future efforts.

“At the onset of the public health emergency, many of the IPP participants were able to pivot from their original missions to support the COVID-19 response and recovery, demonstrating the increasing value of drone operations in this new environment,” said FAA Administrator Steve Dickson.

Eight of the nine participants selected for IPP will participate in BEYOND, including:

Visit our website for additional information on BEYOND."
FAA Launches Drone Safety Week,"Monday, October 26, 2020",https://www.faa.gov/newsroom/faa-launches-drone-safety-week,"The Federal Aviation Administration (FAA) will hold its second annual National Drone Safety Awareness Week, Nov. 16 to 22, 2020. The FAA is committed to ensuring the safety of the National Airspace System as we continue to integrate drones and other new technologies. Drone Safety Awareness Week is an opportunity for others to share their commitment to drone safety.

During this virtual campaign, the FAA and stakeholders will highlight important drone safety educational topics.  

Use #DroneWeek to share your safety story.

For additional information, visit faa.gov."
Access to Controlled Airspaces Advances Drone and Overall Aviation Safety,"Thursday, September 24, 2020",https://www.faa.gov/newsroom/access-controlled-airspaces-advances-drone-and-overall-aviation-safety,"WASHINGTON—The Federal Aviation Administration (FAA) today made it easier for drone pilots to quickly and safely access controlled airspace by adding 133 air traffic facilities to the Low Altitude Authorization and Notification Capability (LAANC) system. LAANC is an automated application and approval system for drone pilots requesting to fly below 400 feet in controlled airspace.

As the FAA continues to modernize the national airspace to accommodate more users, the agency made LAANC accessible for 726 airports and 537 facilities, covering 81 percent of eligible airspace.

This expansion is based on feedback from the drone community. LAANC is a collaboration between the FAA and the Unmanned Aircraft Systems industry which directly supports the safe integration of drones into the nation’s airspace. The service is accessible to all pilots who operate under the FAA’s small drone rule.

For updates to LAANC capabilities, visit our website."
FAA to Test and Evaluate Unmanned Aircraft Detection & Mitigation Equipment at Airports,"Tuesday, September 8, 2020",https://www.faa.gov/newsroom/faa-test-and-evaluate-unmanned-aircraft-detection-mitigation-equipment-airports,"The Federal Aviation Administration (FAA) announced August 21, 2020, that it plans to evaluate technologies and systems that could detect and mitigate potential safety risks posed by unmanned aircraft. The effort will be part of the agency’s Airport Unmanned Aircraft Systems Detection and Mitigation Research Program.

The FAA plans to test and evaluate at least 10 technologies or systems. The evaluations are expected to begin later this year and will initially occur at the FAA’s William J. Hughes Technical Center, located adjacent to the Atlantic City International Airport in New Jersey.

After the initial testing and evaluation in New Jersey, the agency expects to expand the effort to four additional U.S. airports.

Interested manufacturers, vendors, and integrators of drone detection and/or mitigation technologies/systems have until October 5, 2020 to respond to the FAA’s announcement.

Airport operators interested in hosting this test and evaluation effort should respond to the FAA’s solicitation before October 22, 2020.  

The FAA Reauthorization Act of 2018 requires the agency to ensure that technologies used to detect or mitigate potential risks posed by unmanned aircraft do not interfere with safe airport operations."
FAA Takes Drone Safety to Spanish-speaking Community,"Thursday, August 20, 2020",https://www.faa.gov/newsroom/faa-takes-drone-safety-spanish-speaking-community,"The Federal Aviation Administration has launched a pilot program to translate into Spanish select web content for users of Unmanned Aircraft Systems (UAS commonly referred to as drones).

The program is expected to reach the nearly 25.6 million people living in the United States with Limited English Proficiency (LEP) and will focus on Spanish, the most widely spoken language in the U.S. other than English.

The FAA seeks to remove barriers for this segment of the U.S. population interested in drones. The FAA website will have basic drone safety information for recreational flyers with a selection of existing webpages translated into Spanish.

There are regulatory and legal requirements for commercial airline pilots to speak, read, and understand English. There are no similar requirements for recreational drone flyers. The FAA will analyze the results of this outreach effort and may consider additional project phases in other languages in the future."
FAA Continues Drone Integration Initiatives,"Tuesday, August 18, 2020",https://www.faa.gov/newsroom/faa-continues-drone-integration-initiatives-0,"The Federal Aviation Administration (FAA) announced 26 schools have been selected so far to participate in the Unmanned Aircraft Systems Collegiate Training Initiative (UAS-CTI). 

The FAA’s Collegiate Training Initiative (CTI) program allows educational institutions to collaborate with the FAA to help students pursue their aviation career goals. The UAS-CTI program recognizes institutions that prepare students for careers in unmanned aircraft systems (UAS), commonly referred to as drones.

The following schools meet the eligibility guidelines and have been selected to participate in the program: 

The FAA launched the UAS-CTI program in April. Participating institutions will engage with the FAA, other participants, general industry, local governments, law enforcement, and regional economic development entities to address labor force needs.  This collaboration will ensure that UAS-CTI school graduates have the knowledge and skills needed to pursue a successful career in a UAS-related field.

Post-secondary institutions with UAS curriculums seeking recognition as UAS-CTI partners may still apply for this distinction. Program guidelines are posted on our website.

The FAA Reauthorization Act of 2018 (Public Law 115-254) required the FAA to establish a collegiate training initiative program relating to unmanned aircraft and to establish a process to designate consortia of public, two-year institutions of higher education as Community and Technical College Centers of Excellence in Small Unmanned Aircraft System Technology Training.  "
"No Drone Zone Announced for RNC in Charlotte, NC on August 24","Friday, August 14, 2020",https://www.faa.gov/newsroom/no-drone-zone-announced-rnc-charlotte-nc-august-24,"To ensure the safety of convention attendees and the residents of Charlotte, The U.S. Secret Service, the Federal Bureau of Investigation, the Federal Aviation Administration (FAA), and the Charlotte-Mecklenburg Police Department announce a “No Drone Zone” during the Republican National Convention (RNC) in Charlotte, N.C., August 24, 2020. Read the full announcement from the U.S. Secret Service."
U.S. Transportation Secretary Elaine L. Chao Announces $3.3 Million in Seven Drone Grants to Universities,"Thursday, August 6, 2020",https://www.faa.gov/newsroom/us-transportation-secretary-elaine-l-chao-announces-33-million-seven-drone-grants,"WASHINGTON – U.S. Transportation Secretary Elaine L. Chao today announced that the Federal Aviation Administration (FAA) is awarding $3.3 million in research, education and training grants to universities that comprise FAA’s Air Transportation Center of Excellence (COE) for Unmanned Aircraft Systems (UAS), also known as the Alliance for System Safety of UAS through Research Excellence (ASSURE).

“These grants will help develop a greater array of innovative strategies to more effectively deploy drones during emergency response situations,” said U.S. Transportation Secretary Elaine L. Chao.

The FAA’s COE program, authorized by Congress, is a long-term, cost-sharing partnership between academia, industry, and government. The program enables the FAA to work with center members and affiliates to conduct research in airspace and airport planning and design, environment and aviation safety. The COE also allows the FAA to engage other transportation-related activities.

There are currently 1.65 million recreational and commercial drones in the active UAS fleet. That number is expected to grow to as high as 2.31 million by 2024. The ASSURE grants are aimed at continuing the safe and successful integration of drones into the nation’s airspace.

FAA Administrator Steve Dickson said, “Collaboration is hugely important as we work to safely integrate UAS into the aerospace system.” “These important grants fund the research which allows us to learn and implement the safety measures associated with UAS operations in the airspace.”  

Alliance for System Safety of UAS through ASSURE Program Management
This grant is for the ASSURE lead university to provide overall program management. This program management will include tracking of financial information for all core university project activities; reviewing and vetting of all project related documentation prior to submission to the FAA; hosting and facilitating all FAA-required meetings; and outreach to government, industry, and academia.

Disaster Preparedness and Response (Phase I of II, as directed by Congress)
This research will provide insight into the safe integration of UAS into the disaster preparedness and response areas. This research will look at how UAS can aid in disaster preparedness and response to different natural and human-made disasters. It will focus on procedures to coordinate with the Department of Interior, the Department of Homeland Security, the Federal Emergency Management Agency, and other federal, local and state organizations to ensure proper coordination during those emergencies.

The COE universities received a total of $3.3 million to advance specific goals and projects. This is the second round of ASSURE grants. The grants announced today bring the Fiscal Year 2020 total for this COE to $5.8 million."
U.S.–Swiss Drone Agreement,"Wednesday, July 8, 2020",https://www.faa.gov/newsroom/us-swiss-drone-agreement,"WASHINGTON –The U.S. Federal Aviation Administration (FAA) and the Switzerland Federal Office of Civil Aviation today announced that they have reached an agreement in harmonizing domestic and international safety standards for Unmanned Aircraft Systems (UAS).

This agreement builds on U.S and Swiss efforts to ensure that the fastest growing and broadest segment of aviation is integrated safely, efficiently and seamlessly around the world. 

“UAS activities are now accepted worldwide as a vital sector of aviation,” said Jay Merkle, executive director of the FAA's UAS Integration Office. “This U.S./Swiss agreement continues the move forward of the safe, efficient, and internationally harmonized integration of these vehicles into the world’s airspace.”

The participants intend to collaborate under a Declaration of Intent (DOI) on UAS issues of mutual interest and benefit. The primary objectives of the DOI are to provide opportunities to engage in research and development; exchange ideas, personnel, and information; provide coordination with other government entities and stakeholders; and to collaborate on other initiatives and projects determined to be of mutual interest and benefit in relation to UAS operations.

Specifically, the participants handle the oversight and regulations of UAS in their nations’ airspace.

The Innovation and Digitalization Unit of Switzerland’s Federal Office of Civil Aviation (FOCA) is the primary authority and point of contact designated by the Swiss Confederation under this agreement to develop regulations covering UAS activities, including certification and surveillance of drone designers, manufacturers and operators. FOCA leads Swiss efforts on UAS and is the designated authority in charge of facilitating the integration of drones into Swiss airspace. FOCA also promotes technological and operational research in the field and the development of all aspects related to these aircraft.

The FAA's UAS Integration Office, the Agency’s technical point of contact under this agreement, coordinates the development of drone-centric operating concepts, policies, requirements, criteria, and procedures for new system evaluations. The office is responsible for leading the Agency’s innovation agenda to support UAS integration and the implementation of emerging technologies, drone-related research and development priorities, and the development of international and domestic operating standards."
"View the Virtual Drone Advisory Committee Meeting on Friday, June 19","Wednesday, June 17, 2020",https://www.faa.gov/newsroom/view-virtual-drone-advisory-committee-meeting-friday-june-19,"The Federal Aviation Administration (FAA) will hold a virtual Drone Advisory Committee (DAC) meeting from noon to 3 p.m. EDT on Friday, June 19.

The agency will livestream the meeting on its social media platforms: Facebook, Twitter and YouTube.

The DAC will continue a public conversation about how to collaborate on important issues like Remote Identification, technical challenges, security, recreational operations and waivers. The committee is a broad-based, long-term federal advisory committee that provides the FAA with advice on key drone integration issues by helping to identify challenges and prioritize improvements.

If you have questions following the meeting, send an email to Tammy.L.Jones@FAA.gov and Marcia.Adams@FAA.gov."
U.S. Department of Transportation Announces Technology Partners for Remote ID Development,"Tuesday, May 5, 2020",https://www.faa.gov/newsroom/us-department-transportation-announces-technology-partners-remote-id-development,"WASHINGTON – The U.S. Department of Transportation’s Federal Aviation Administration (FAA) today announced the eight companies that will assist the Federal government in establishing requirements for future suppliers of Remote Identification (Remote ID). Remote ID will enable Unmanned Aircraft Systems (UAS), commonly called drones, to provide identification and location information while operating in the nation’s airspace.

The FAA selected the following companies to develop technology requirements for future Remote ID UAS Service Suppliers (USS): Airbus, AirMap, Amazon, Intel, One Sky, Skyward, T-Mobile, and Wing. These companies were selected through a Request for Information process in December 2018.

“The FAA will be able to advance the safe integration of drones into our nation’s airspace from these technology companies’ knowledge and expertise on remote identification,” said U.S. Transportation Secretary Elaine L. Chao.

This initial group will support the FAA in developing technology requirements for other companies to develop applications needed for Remote ID. The applications will provide drone identification and location information to safety and security authorities while in flight.

The technology is being developed simultaneously with the proposed Remote ID rule. Application requirements will be announced when the final rule is published. The FAA will then begin accepting applications for entities to become Remote ID suppliers. The FAA will provide updates when other entities can apply to become qualified Remote ID USS on FAA.gov.

Drones are a fast-growing segment of the transportation sector with nearly 1.5 million drones and 160,000 remote pilots now registered with the FAA. The agency’s ability to develop Remote ID technology simultaneously with the rule enables the FAA to continue to build on a UAS Traffic Management (UTM) system that has demonstrated global leadership through the small UAS rule and the implementation of the Low Altitude Authorization and Notification Capability (LAANC), which automates the application and approval process for most UAS operators to obtain airspace authorizations."
FAA Advances Drone Integration Initiatives,"Thursday, April 30, 2020",https://www.faa.gov/newsroom/faa-advances-drone-integration-initiatives,"WASHINGON–The Federal Aviation Administration (FAA) today announced a new Unmanned Aircraft Systems Collegiate Training Initiative (UAS-CTI) that allows educational institutions and the agency to work collaboratively with students who pursue careers in UAS.

“Providing our nation’s youth with educational opportunities is a major commitment of this administration,” said FAA Administrator Stephen M. Dickson. “We see these institutions opening doors for students seeking careers in this exciting, growing field of aviation.”

The FAA Reauthorization Act of 2018 required the agency to establish a UAS collegiate training initiative program. It also called for a process to designate an association of public, two-year institutions of higher education as Community and Technical College Centers of Excellence in Small UAS System Technology Training.

The eligibility guidelines for the institutions to participate are: 

Post-secondary institutions with UAS curricula seeking recognition as a UAS-CTI can now apply for this distinction. Once requests for participation are received, the FAA will send potential applicants an initial questionnaire to further evaluate their eligibility for the program. Review information on how institutions can apply.

Participating institutions will work with the FAA, other participants, general industry, local governments, law enforcement, and regional economic development entities to address labor force needs. This collaboration will ensure that UAS-CTI school graduates have the knowledge and skills needed to pursue a successful career in a UAS-related field.

In addition to advancing the FAA-UAS goals, these new UAS-CTIs move forward the agency’s Science Technology Engineering and Math (STEM) efforts for students. The program also builds on the FAA’s efforts to expand the aviation workforce."
FAA Continues Drone Integration Initiatives,"Friday, April 10, 2020",https://www.faa.gov/newsroom/faa-continues-drone-integration-initiatives,"The Federal Aviation Administration (FAA) today announced two new participants for the unmanned aircraft Traffic Management Pilot Program (UPP).

The FAA’s NextGen program selected Virginia Tech Mid-Atlantic Aviation Partnership in Blacksburg, Va., and Griffiss International Airport in Rome, N.Y., as test site participants for Phase 2 of the pilot program.

UPP Phase 2 will showcase capabilities and services that support high-density Unmanned Aircraft Systems (UAS) operations, including remote identification (Remote ID) services and public safety operations. Data collected from Phase 2 test activities will help inform a cross-agency Unmanned Traffic Management (UTM) Implementation Plan.

UPP Phase 1 was completed in August 2019 in collaboration with NASA, FAA UAS test sites and their industry partners. Phase 1 tested capabilities such as the exchange of flight intent data among UAS operators. Participants also generated UAS Volume Reservations (UVRs), which are notifications to operators about inbound priority operations.

The FAA Reauthorization Act of 2018 extended the objectives of the UPP to include testing Remote ID technologies and operations with increasing volumes and density to enable safe beyond-visual-line-of-sight UAS operations.

The FAA and NASA held a UPP Phase 2 Industry Workshop in December 2019. Among other things, the workshop outlined the sample-use cases for validating and demonstrating Remote ID technologies. Following the workshop, the FAA issued a Screening Information Request to FAA UAS Test Sites and received proposals on Jan. 29, 2020. The next steps include kick-off meetings to begin planning activities."
U.S. Transportation Secretary Elaine L. Chao Announces $2.6 Million in 14 Drone Grants to Universities,"Friday, April 3, 2020",https://www.faa.gov/newsroom/us-transportation-secretary-elaine-l-chao-announces-26-million-14-drone-grants,"WASHINGTON – U.S. Transportation Secretary Elaine L. Chao today announced the Federal Aviation Administration (FAA) is awarding $2.6 million in research, education, and training grants to universities that comprise the agency’s Air Transportation Center of Excellence (COE) for Unmanned Aircraft Systems (UAS) also known as Alliance for System Safety of UAS through Research Excellence (ASSURE).

There are currently 1.7 million drones in the active UAS fleet. That number is expected to grow to 2.2 million by 2023. The grants are aimed at continuing and enhancing the safe and successful integration of drones into the nation’s airspace.

“The research funded by these grants will provide valuable data as the Department leads the way to chart a course for the safe integration of drones into our national airspace,” said Secretary Chao. “In addition to providing grants, we are also supporting activities that provide operational experience like the Unmanned Aircraft Systems Integration Pilot Program, all of which move us more quickly toward full integration.”

The grants are to advance specific goals and projects. The COE universities to receive a total of $2,578,071 for all four grants the awards include: 

Research Project: UAS Flight Data Collection and Analysis Phase II 
Implementation of the Data Collection System from Phase I for the Information Sets that are not focused on hazards and mitigations.

Research Project: UAS Safety Case Development, Process Improvement, and Data Collection
Develop system to capture/categorize test objectives; Analyze data captured to inform development of regulatory products; Facilitate query and reporting of data in consistent format across UAS Test Sites.

Research Project: Develop Risk-Based Training and Standards for Operational Approval and Issuance
Develop and evaluate the risk-based framework throughout the waiver review process, and document gaps/shortfalls of the framework as it applies to UAS operations review process for Beyond Visual Line of Sight Operations with a Visual Observer.

Research Project:   Establish UAS Pilot Proficiency Requirements  
Inform FAA regulations and industry standards addressing single pilot and multiple UAS operations.

TOTAL for all four grants:  $2,578,071

The FAA's COE program is a long-term, cost-sharing partnership between academia, industry and government. Authorized by Congress under the FAA’s Research, Engineering and Development Authorization Act of 1990, this legislation enables the FAA to work with center members and affiliates to conduct research in airspace and airport planning and design, environment and aviation safety, as well as to engage in other activities to assure a safe and efficient air transportation system.

The FAA has established 12 Centers of Excellence in critical topic areas focusing on: unmanned aircraft systems, alternative jet fuels and environment, general aviation safety, commercial space transportation, airliner cabin environment, aircraft noise and aviation emissions mitigation, advanced materials, general aviation research, airworthiness assurance, operations research, airport pavement and technology, and computational modeling of aircraft structures.

“The Centers program provides a unique opportunity for focusing education, research and technology transfer resources in an unprecedented manner, and to substantially promote, upgrade and expand transportation education and research opportunities in America,” said Chao."
New Members Join the Drone Advisory Committee,"Friday, February 21, 2020",https://www.faa.gov/newsroom/new-members-join-drone-advisory-committee,"WASHINGTON – The U.S. Department of Transportation (DOT) has appointed two new members to the Federal Aviation Administration’s (FAA) Drone Advisory Committee (DAC). 

The new members are Christian Ramsey, President of uAvionix Corp., headquartered in Bigfork, MT, and Lee Moak, founder and Chief Executive Officer of The Moak Group in Washington, D.C. They were appointed on February 5, 2020.

The DAC is a broad-based, long-term federal advisory committee that provides the FAA advice on key unmanned aircraft systems (UAS) integration issues by helping to identify challenges and prioritize improvements. The committee helps to create broad support for an overall integration strategy and vision.

Members of the DAC are executives who represent a variety of UAS interests, including industry, research, academia, retail, technology and state and local government.

The DAC is chartered to have up to 35 members. Twelve members were previously added to the DAC on May 20, 2019, to fill open vacancies."
Mark Your Calendar for the 2020 UAS Symposium,"Wednesday, February 12, 2020",https://www.faa.gov/newsroom/mark-your-calendar-2020-uas-symposium,"WASHINGTON – The Federal Aviation Administration (FAA) and the Association for Unmanned Vehicle Systems International (AUVSI) will co-host the 5th Annual FAA Unmanned Aircraft Systems (UAS) Symposium on June 16-18, 2020, at the Baltimore Convention Center, Baltimore, MD.

The Symposium will bring together representatives from the FAA, other government agencies, industry, and academia. The presenters and panelists will discuss the latest information and advancements related to the diverse uses of unmanned aircraft, and how these new entrants are being safely integrated into the National Airspace System.

Like in previous years, the FAA will operate an on-site resource center to respond to questions from UAS owners and operators. Subject matter experts will be on hand to answer questions about airspace authorizations, waivers, the Part 107 small UAS rule, changes in hobbyists’ drone operations, the Remote Identification rulemaking, and other policies and regulations.

With interest in UAS technology, uses and operations at an all-time high, the Symposium is an opportunity for commercial remote pilots and drone enthusiasts to get the latest information on the burgeoning industry from leading experts in the field.

To receive updates on event programming and registration please visit the symposium website.

FAA Contact: Marcia Alexander-Adams; Email: marcia.adams@faa.gov; Phone: 202-267-3488AUVSI Contact: Tom McMahon; Email: tmcmahon@auvsi.org; Phone: 571-255-7786"
FAA Announces Super Bowl LIV Safety Plan,"Tuesday, January 28, 2020",https://www.faa.gov/newsroom/faa-announces-super-bowl-liv-safety-plan,"The Federal Aviation Administration (FAA) is working with federal, state and local law enforcement agencies, the aviation community and the National Football League to ensure safe, secure, and efficient operations before, during and after Super Bowl LIV, on Feb 2, 2020, at Hard Rock Stadium in Miami Gardens, FL.

The agency expects more than 2,500 additional take-offs and landings and nearly 1,300 additional aircraft parked at South Florida airports during Super Bowl week. Special procedures, including Temporary Flight Restrictions (TFR) and a No Drone Zone will limit flights around Hard Rock Stadium before, during and after the game. 

The game day TFR will go into effect at approximately 5:30 p.m. EST. It will cover a 30-nautical mile (34.5 miles) ring, centered over the stadium and from the ground up to 18,000 feet in altitude, before expiring at approximately 11:59 p.m. EST. Drones are also prohibited inside the TFR. The FAA has established additional TFRs to restrict drone flights for roughly one nautical mile around the Miami Beach Convention Center and Bayfront Park up to an altitude of 2,000 feet from January 25 to February 1 during daytime hours.

Pilots must be aware of the latest TFRs and check Notices to Airmen (NOTAM) before flying. Pilots and drone operators who enter the TFRs without permission could face civil penalties that exceed $30,000 and potential criminal prosecution for flying drones in the TFR. The FAA encourages drone operators to check all notices to determine where drones may fly.

The TFR will not affect regularly scheduled commercial flights at Miami International Airport (MIA) and Fort Lauderdale–Hollywood International Airport (FLL). Emergency, medical, public safety and military operations may fly in the TFR while it is in place, in coordination with air traffic control.

The North American Aerospace Defense Command (NORAD) enforces TFRs in real time, but the FAA may also take enforcement action against drone or aircraft pilots who violates the TFR."
"South Florida is a ""No Drone Zone"" During Super Bowl LIV","Monday, January 27, 2020",https://www.faa.gov/newsroom/south-florida-no-drone-zone-during-super-bowl-liv,"Miami–Hard Rock Stadium near Miami is a “No Drone Zone” for Super Bowl LIV on Feb. 2, 2020. Drones also are prohibited around the Miami Beach Convention Center for the NFL Super Bowl Experience and Bayfront Park for Super Bowl Live during the days leading up to the event.

The Federal Aviation Administration (FAA) will establish a Temporary Flight Restriction (TFR) on game day that will prohibit drones within a 30-nautical-mile radius of the stadium up to 18,000 feet in altitude. The TFR will be in place from 5:30 p.m. to 11:59 p.m. EST. Drones are also prohibited for one nautical mile around Hard Rock Stadium on February 2 from 9 a.m. until the TFR for the game takes effect.  Further details are available in the drone TFRs.

The FAA will restrict drone flights for roughly one nautical mile around the Miami Beach Convention Center and Bayfront Park up to an altitude of 2,000 feet from January 25 to February 1 during daytime hours. Pilots and drone operators who enter the TFRs without permission could face civil penalties that exceed $30,000 and potential criminal prosecution for flying drones in the TFR. 

Detailed information for general aviation and drone pilots is available on the FAA's Super Bowl LIV web page.

Drone pilots should check the FAA’s B4UFly app to determine when and where they may fly. To highlight the “No Drone Zone,” watch the FAA’s videos in English and Spanish encouraging fans to enjoy the game and leave their drones at home."
Super Bowl LIV Flight Requirements for GA Pilots,"Thursday, January 2, 2020",https://www.faa.gov/newsroom/super-bowl-liv-flight-requirements-ga-pilots,"General Aviation pilots who want to fly around Miami or Fort Lauderdale between Jan. 27 and Feb. 4, 2020, will need to check out the FAA’s Notice to Airmen (NOTAM) for air traffic procedures for the area. Super Bowl LIV is Sunday, Feb. 2, at Hard Rock Stadium. Game time will be at approximately 6 p.m. EST.

The FAA has published a web page with information for South Florida-area airspace and airports. The agency will update the webpage as additional information becomes available.

As a designated National Security Special Event, additional unmanned aircraft restrictions will be in place before, during and after the Super Bowl. Learn more here: Super Bowl LIV is a No Drone Zone.

A reservation program to facilitate ground services at the following South Florida airports will be in effect from January 27 through February 4. Pilots should contact the Fixed Base Operator (FBO) at their airport to obtain reservations and additional information.

Special air traffic procedures to minimize air traffic delays and enhance safety will be in effect for the following airports:

Arrival and Departure Route Requirements: The NOTAM includes specific arrival and departure route requirements for jet and turboprop aircraft. 

FAA ATC Air Traffic Management InitiativesAir traffic management initiatives may include:

Special Event TFR for Super Bowl Sunday – February 2, 2020The FAA will publish a Temporary Flight Restriction (TFR) for Super Bowl LIV centered on Hard Rock Stadium. At this time, we expect the TFR will be active from 4 p.m. EST (2100z) until 11:59 p.m. EST (0459z) on Sunday, February 2. The TFR will have a 10-nautical- mile inner core and a 30-nautical-mile outer ring.

The TFR will not affect regularly scheduled commercial flights flying in and out of Miami International Airport (MIA) or Fort Lauderdale-Hollywood International Airport (FLL). Emergency medical, public safety and military aircraft may enter the TFR in coordination with air traffic control.

The FAA will post the full text and graphic depiction of the Super Bowl LIV TFR later in January."
U.S. Department of Transportation Issues Proposed Rule on Remote ID for Drones,"Thursday, December 26, 2019",https://www.faa.gov/newsroom/us-department-transportation-issues-proposed-rule-remote-id-drones,"WASHINGTON – The U.S. Department of Transportation’s Federal Aviation Administration (FAA) today announced a proposed rule that would continue the safe integration of Unmanned Aircraft Systems (UAS), commonly called drones, into the nation’s airspace by requiring them to be identifiable remotely.

“Remote ID technologies will enhance safety and security by allowing the FAA, law enforcement, and Federal security agencies to identify drones flying in their jurisdiction,” said U.S. Transportation Secretary Elaine L. Chao.

The FAA seeks input on the Notice of Proposed Rulemaking (NPRM) for Remote Identification (Remote ID) of UAS that today was published in the Federal Register. It is accompanied by comment period that closes March 2, 2020, to receive public feedback and help the FAA develop a final rule to enhance safety in the skies over the U.S.

“As a pilot, my eye is always on safety first,” said FAA Administrator Steve Dickson. “Safety is a joint responsibility between government, pilots, the drone community, the general public and many others who make our nation so creative and innovative.”

Drones are a fast-growing segment of the entire transportation sector – nearly 1.5 million drones and 160,000 remote pilots are registered with the FAA. Equipping drones with remote identification technologies would build on previous steps taken by the FAA and the UAS industry to safely integrate operations, including the small UAS rule, which covers drones weighing less than 55 pounds, and the Low Altitude Authorization and Notification Capability (LAANC), which automates the application and approval process for most UAS operators to obtain airspace authorizations.

These efforts lay the foundation for more complex operations, such as those beyond visual line of sight at low altitudes, as the FAA and the drone industry move toward a traffic management ecosystem for UAS flights separate from, but complementary to, the air traffic management system.

The proposed Remote ID rule would apply to all drones that are required to register with the FAA (recreational drones weighing under 0.55 pounds are not required to register), as well as to persons operating foreign civil UAS in the U.S."
Recreational Drone Flying Aeronautical Test Moves Forward,"Monday, December 9, 2019",https://www.faa.gov/newsroom/recreational-drone-flying-aeronautical-test-moves-forward,"WASHINGTON – To advance public safety of the largest segment of drone operations, the Federal Aviation Administration (FAA) today announced the organizations selected to advise the agency in developing test administration requirements for the recreational Unmanned Aircraft Systems (UAS) aeronautical knowledge and safety test.

A law passed in 2018 requires that recreational drone flyers pass an online aeronautical knowledge and safety test and carry proof of test passage with them while operating a drone. There are more than one million FAA registered recreational drone flyers. To ensure that flight operations are conducted safely, the FAA is developing a test to increase the aeronautical knowledge of recreational drone flyers.

On September 17, the FAA issued a Request for Information (RFI) seeking to work with stakeholders on the administration of a new aeronautical knowledge test for recreational drone flyers. Based on their responses to the RFI, the organizations below were selected to advise the agency in developing the test administration process.

The above organizations will make recommendations to the FAA on the safety test administration requirements. From these recommendations, the FAA will develop the final requirements that potential test administrators must meet. These requirements, and any associated selection criteria for test administrators will be announced on FAA.gov.

The test must be administered electronically by the FAA, community-based organizations, or others designated by the FAA. The FAA’s objective is to work with third party entities to allow them to administer the knowledge training and test content on various platforms for the recreational flyer community.

Section 44809 of the FAA Reauthorization Act of 2018 (PDF) requires new conditions to operate recreational drones. Many drones can be flown today with minimal training or knowledge of aviation rules or safety practices. The statute provided an opportunity to educate recreational flyers on UAS safety and to bring new flyers into the existing aviation safety culture."
LAANC Drone Program Expansion Continues,"Thursday, November 21, 2019",https://www.faa.gov/newsroom/laanc-drone-program-expansion-continues,"WASHINGTON – The Federal Aviation Administration (FAA) today announced two important expansions of the Low Altitude Authorization and Notification Capability (LAANC), which automates the application and approval process for drone operators to obtain airspace authorizations.

Four airports – Baltimore/Washington International Thurgood Marshall Airport, Dulles International Airport, William P. Hobby Airport in Houston and Newark Liberty International Airport – joined the list of approximately 400 air traffic facilities covering about 600 airports where LAANC is available.  

Access to the service is provided through one of the FAA-approved UAS Service Suppliers. The seven companies listed below are the latest to enter into partnerships with the agency, bringing the total to 21.

LAANC, a collaboration between the FAA and the Unmanned Aircraft Systems (UAS) industry that directly supports the safe integration of UAS into the nation’s airspace, expedites the time it takes for drone pilots to receive authorizations to fly under 400 feet in controlled airspace. The service is accessible to all pilots who operate under the FAA’s small drone rule (Part 107).

LAANC began as a prototype in 2017. To date, there have been more than 170,000 approved authorizations through LAANC. The program was expanded in July to provide near real-time airspace authorizations to recreational flyers.

The program’s continued expansion further increases the ability of drone pilots to gain safe and efficient access to controlled airspace nationwide.

For updates to LAANC capabilities, visit our website."
FAA and NASA Drone Industry Workshop,"Tuesday, November 12, 2019",https://www.faa.gov/newsroom/faa-and-nasa-drone-industry-workshop,"WASHINGTON—The Federal Aviation Administration (FAA) and NASA will hold the Unmanned Aircraft Systems (UAS) Traffic Management (UTM) Pilot Program (UPP) Phase 2 Industry Workshop in December. Building on UPP Phase 1, UPP Phase 2 will showcase additional technologies, including Remote Identification (ID) and operations with increasing volumes and density. The UPP’s success is dependent upon the ability to work with industry, various FAA Test Sites and IPP participants.

What: FAA/NASA UTM Pilot Program Phase 2 December Industry Workshop 

When: Monday, December 9, 2019, 1:00 p.m.–5:00 p.m. Pacific Standard Time 

Where: NASA Ames Conference Center, Mountain View, CA

During this half-day workshop, the FAA and NASA will provide participants with an in-depth view of UPP Phase 2, including a walk-through of the Concept of Use, Architecture, Technical and Functional Requirements, and a detailed timeline. UPP Phase 2 partners should be able to support the following capabilities:

Those interested in more details surrounding the agencies’ plan for partnering with industry for UPP can go to the registration website.

Registration will be on a first-come, first-served basis and limited to the first 150 registrants. Only two participants from the same organization may register. The registration deadlines are:

For any questions on the workshop, email: FAAUTM@FAA.gov."
Notice to Airmen Data Optimization Summit on November 18,"Friday, November 8, 2019",https://www.faa.gov/newsroom/conferences-events/past-events/notice-airmen-data-optimization-summit-november-18,"WASHINGTON – On November 18, the Federal Aviation Administration (FAA) will hold a Notice to Airmen (NOTAM) Data Optimization Summit to modernize aeronautical information and NOTAM data. The FAA and the aviation community will discuss ways to improve the collection and dissemination of vital aeronautical information provided primarily to airspace users, with a focus on general aviation pilots and the growing drone community.

The FAA will livestream the event on FAA social media channels throughout the day and welcomes public feedback."
Reminder Drone Safety Week Starts Today,"Monday, November 4, 2019",https://www.faa.gov/newsroom/reminder-drone-safety-week-starts-today,"Today, the Federal Aviation Administration (FAA) kicks off its first National Drone Safety Awareness Week, Nov. 4-10, 2019.The FAA’s highest priority is to ensure the safety of the National Airspace System (NAS) as we continue to safely integrate drones into the NAS. This is an opportunity to share your commitment to drone safety.

During this weeklong campaign, the FAA will be highlighting how key sectors use drones for good. Many of our stakeholder communities are planning local events that engage and educate the general public about drone safety.  

Key sectors have a specific day of the week to focus on an area of interest or expertise:

Use #DroneWeek to share your safety story.For additional information, visit faa.gov/go/DroneWeek or email DroneSafetyWeek@faa.gov"
New York City Marathon Declared No Drone Zone,"Friday, November 1, 2019",https://www.faa.gov/newsroom/new-york-city-marathon-declared-no-drone-zone,"WASHINGTON – The skies above the New York City Marathon on Sunday, November 3, will be a No Drone Zone, the Federal Aviation Administration (FAA) announced today.

The FAA, working in close coordination with its federal partners, said Unmanned Aircraft Systems (UAS) will be prohibited within a two nautical-mile radius of the start line, which is located at the western end of the Verrazano-Narrows Bridge on Staten Island. The No Drone Zone, detailed in Notice to Airmen (NOTAM) FDC 9/6103, will be in effect from 5 a.m. until 1 p.m. Eastern Daylight Time (EDT).

A No Drone Zone for the end of the race will cover all of Central Park to a mile south of the park, encompassing airspace above the finish line. The restricted area, detailed in NOTAM FDC 9/5935, will be in effect from 9:30 a.m. until 9:30 p.m. EDT.

Both restricted areas extend 1,000 feet above ground level.

The restrictions will also be included in the FAA’s B4UFLY mobile app.

Drone operators are reminded to check the FAA’s NOTAM webpage for other airspace restrictions in New York.

UAS operators who violate these flight restrictions may be subject to enforcement action, including potential civil penalties and criminal charges."
UAS Operations Restricted At More Federal Facilities,"Tuesday, October 29, 2019",https://www.faa.gov/newsroom/uas-operations-restricted-more-federal-facilities,"WASHINGTON – The Federal Aviation Administration (FAA) today announced Unmanned Aircraft Systems (UAS) airspace restrictions over additional national security sensitive locations, effective November 7.In cooperation with its federal partners, the FAA will restrict UAS operations in the airspace over 60 additional Department of Defense and Department of Justice facilities to address concerns about malicious drone activity. An FAA Notice to Airmen (NOTAM), FDC 9/7752, defines these special security instructions. The FAA has published a new NOTAM, FDC 9/1278, which alerts UAS operators and others in the aviation community to this change and points to FDC 9/7752.

UAS operators are strongly advised to review these NOTAMs, as well as important supporting information provided by the FAA’s UAS Data Delivery System (UDDS) website. This website contains the text of FDC 9/7752 (click on “UAS NOTAM FDC 9/7752” on scroll bar along the top of the page).

Further down the page is an interactive map (“Map of FAA UAS Data”) displaying restricted airspace throughout the U.S. Zooming in will enable viewers to click on each of the 60 new DOD and DOJ locations and see the specific restrictions. Each of the 60 locations are in yellow since the restrictions are pending until the Nov. 7 effective date, at which point they will become red.

The restrictions will also be included in the FAA’s B4UFLY mobile app.

UAS operators who violate these flight restrictions may be subject to enforcement action, including potential civil penalties and criminal charges.

The FAA considers requests by eligible federal security agencies for UAS-specific flight restrictions using its authority under 14 CFR § 99.7. The agency will announce any future changes, including additional locations, as appropriate. 

The 60 locations:"
Take Me-Not My Drone-Out to the Ballgame!,"Tuesday, October 22, 2019",https://www.faa.gov/newsroom/take-me-not-my-drone-out-ballgame,"WASHINGTON – For the safety of baseball fans attending the World Series, the Federal Aviation Administration has established a No Drone Zone for all games played at Minute Maid Park in Houston.

The airspace above Nationals Park in Washington, D.C., is already off limits to drones since it is within the Flight-Restricted Zone, which has been in place since Sept. 11, 2001.

The No Drone Zone in Houston is a three-nautical-mile ring with the stadium in the center, rising from the ground up to 1,000 feet. It will be in effect from one hour before to one hour after all games at Minute Maid Park.

The FAA, in partnership with local, state and federal law enforcement, will actively look for illegal drone operators at and around both stadiums. Violators could face civil penalties exceeding $30,000 and potential criminal prosecution.  

Drone pilots should check the FAA’s B4UFLY app to determine when and where they can safely fly. 

Learn more at the FAA’s Unmanned Aircraft Systems website."
Attend the Drone Advisory Committee (DAC) on October 17,"Tuesday, October 15, 2019",https://www.faa.gov/newsroom/attend-drone-advisory-committee-dac-october-17,"The FAA will hold a Drone Advisory Committee (DAC) meeting on October 17, 2019 in Washington, D.C. 

If you can’t join us in person, we’ll stream it live on the FAA’s social media platforms: Twitter @FAANews, Facebook @FAA and YouTube beginning at 9:00 am ET.

The DAC will continue our public conversation about how we can collaborate on important issues like remote i.d., technical challenges, security, recreational operations, and waivers. It’s a broad-based, long-term federal advisory committee that provides the FAA with advice on key drone integration issues by helping us identify challenges and prioritize improvements."
Drone Advisory Committee Meeting,"Friday, October 11, 2019",https://www.faa.gov/newsroom/drone-advisory-committee-meeting,"Media Contact: Tammy L. Jones /Nyarre HudsonPhone: (202) 267-3476Email: tammy.l.jones@faa.gov

WASHINGTON, D.C. – The Federal Aviation Administration (FAA) will hold a Drone Advisory Committee (DAC) meeting on Oct. 17, 2019. The DAC is a broad-based, long-term federal advisory committee that provides the FAA with advice on key Unmanned Aircraft Systems (UAS) integration issues by helping to identify challenges and prioritize improvements.

The FAA will livestream the event across its social media platforms, YouTube, Twitter @FAANews, and Facebook @FAA.

WHO: Executives from the Aviation Industry, U.S. Dept. of Transportation, and FAAWHEN: Thursday, Oct. 17, 2019, 9:00 a.m. to 4:00 p.m.WHERE: National Transportation Safety Board Conference Center 420 10th Street, SW, Washington, DC 20594

NOTE: Meeting attendees should allow time for security screening and have their government-issued identification. Credentialed media only.

Please RSVP if you plan to attend as space is limited."
"Enjoy the Balloon Fiesta, Leave Your Drone at Home!","Wednesday, October 2, 2019",https://www.faa.gov/newsroom/enjoy-balloon-fiesta-leave-your-drone-home,"For the safety of the balloon operators and spectators, the Federal Aviation Administration (FAA) has established a Temporary Flight Restriction (TFR) area that will make the October 4-13 Albuquerque International Balloon Fiesta a No Drone Zone.

The TFR prohibits drones within a 4 nautical-mile-radius of Balloon Fiesta Park up to 2,700 feet in altitude from 5:30 a.m. to 12 p.m. local time each day. During these times, you cannot fly your drone without FAA authorization. Further details are available in the drone TFR. Please see NOTAM number 9/8221.

The FAA, in partnership with local, state and federal law enforcement, will actively look for illegal drone operations at and around Balloon Fiesta Park. If you fly your drone within the restricted area without permission, you could face civil penalties that exceed $30,000 and potential criminal prosecution.  

Balloon operators and spectators at the Albuquerque Balloon Fiesta who see a drone flying, can report it to event staff, local law enforcement, or call the event command center directly.

Drone pilots should check the FAA’s B4UFLY app to determine when and where they can safely fly. 

Learn more on our UAS website."
U.S. Transportation Secretary Elaine L. Chao Announces FAA Certification of UPS Flight Forward as an Air Carrier,"Tuesday, October 1, 2019",https://www.faa.gov/newsroom/us-transportation-secretary-elaine-l-chao-announces-faa-certification-ups-flight-forward,"WASHINGTON – U.S. Department of Transportation Secretary Elaine L. Chao today announced the Federal Aviation Administration (FAA) awarded air carrier and operator certification to an unmanned aircraft system (UAS, or drone) delivery company, UPS Flight Forward.

“This is a big step forward in safely integrating unmanned aircraft systems into our airspace, expanding access to healthcare in North Carolina and building on the success of the national UAS Integration Pilot Program to maintain American leadership in unmanned aviation,” said U.S. Secretary of Transportation Elaine L. Chao.     

Through the Department’s Unmanned Aircraft Systems (UAS) Integration Pilot Program (IPP), the FAA has now approved a Part 135 operating certificate for UPS Flight Forward. This allows the company to perform revenue-generating package delivery activities within federal regulations. UPS Flight Forward may now operate multiple drones under one certificate. Under Part 135, the company can deliver vital healthcare supplies including by flying beyond visual line of sight.

As a participant in the U.S. Transportation Department’s Unmanned Aircraft Systems Integration Pilot Program, the North Carolina Department of Transportation (NCDOT) partnered with UPS Flight Forward. As the operator, they have been engaged in delivery of healthcare supplies around a major hospital campus in Raleigh, North Carolina. The flights have focused on the delivery of blood for potentially life-saving transfusions, as well as other medical samples for lab work.

The company demonstrated that its operations met the FAA’s rigorous safety requirements to qualify for an air carrier certificate. This is based on extensive data and documentation, as well as test flights. Visit our website for more information about the UAS IPP."
Think Drone Safety As We Share the Sky,"Monday, September 23, 2019",https://www.faa.gov/newsroom/think-drone-safety-we-share-sky,"The Federal Aviation Administration (FAA) is encouraging the drone community to help spread the word on drone safety with the first National Drone Safety Awareness Week  taking place, Nov. 4-10, 2019. The FAA’s highest priority is to ensure the safety of the National Airspace System (NAS), and during National Drone Safety Awareness Week, the FAA reminds drone pilots and stakeholders that airspace safety is everyone’s responsibility.

During this weeklong campaign, key sectors of the drone community – local governments, municipalities and recreational flyers – will highlight their work on drones, engage the public in activities related to drones, and kick off new safety initiatives. As we integrate drones into the NAS, the FAA wants to do all that it can to ensure that these new operators are familiar with and adhere to the safety culture. Leading up to National Drone Safety Awareness Week, the FAA will provide leadership and support with downloadable materials from the FAA website.

Stakeholders will do their part by holding events that engage and educate the general community about drones.

Key sectors have a specific day of the week to focus on their area of interest or expertise:

The FAA has provided guidance in the form of a Stakeholder Playbook for participants of National Drone Safety Awareness Week and graphics designed for each key sector:

For additional information, visit faa.gov/go/DroneWeek or email DroneSafetyWeek@faa.gov."
New York City Flight Restrictions September 21-29 During UN General Assembly,"Friday, September 20, 2019",https://www.faa.gov/newsroom/new-york-city-flight-restrictions-september-21-29-during-un-general-assembly,"General aviation pilots who are planning to fly in the New York/New Jersey Metropolitan Area between September 21 and September 29 should check frequently and before every flight to make sure they are aware of the flight restrictions that will be in place for the 74thSession of the United Nations General Assembly.

Knowing the rules will help operators avoid airspace violations.  

The FAA is also advising drone pilots that the airspace within the Temporary Flight Restriction (TFR) area will be a No DroneZone at the same time. Operators may not fly their drones within that airspace while the TFR is in effect. The FAA, federal law enforcement agencies and the Department of Defense will closely monitor the airspace for unauthorized operations. They may take action against drones operating in the No DroneZone that are deemed a credible safety or security threat. Pilots who operate drones within the TFR also will be subject to possible enforcement action.

The TFR starts at 8 a.m. Eastern Daylight Time (EDT) on Saturday, September 21, and ends at 5 p.m. EDT on Sunday, September 29. The FAA strongly advises pilots to check regularly for Notices to Airmen (NOTAMs) since the FAA expects to issue numerous notices at different times during the period that the TFR is in effect. It is essential for pilots to check regularly in order to have the most current information before their flights.

During this period, no pilot may operate an aircraft within the TFR unless authorized by FAA air traffic control, except for law enforcement, air ambulance and aircraft that are directly supporting the Secret Service and regularly scheduled commercial passenger and cargo carriers operating under an approved Transportation Security Administration security program.

General aviation aircraft cannot operate within the center or inner ring of the TFR. Aircraft operating under instrument flight rules or visual flight rules may operate within the outer ring of the TFR as long as they are on a flight plan, displaying an aircraft identifier code and are in two-way communication with air traffic control.

Pilots should check NOTAMS frequently, especially before their flights. Drone operators must stay away from the No DroneZone."
"FAA, UAS Partners Complete Successful Demos","Wednesday, September 4, 2019",https://www.faa.gov/newsroom/faa-uas-partners-complete-successful-demos,"The Federal Aviation Administration (FAA), NASA and their partners in a pilot program that is laying the groundwork for an Unmanned Aircraft Systems (UAS) traffic management system successfully demonstrated how such a system can work in the future.

The demonstrations, conducted at three separate test sites selected by the FAA for the UAS Traffic Management Pilot Program (UPP), showed that multiple, Beyond Visual Line of Sight (BVLOS) drone operations can be safely conducted at low altitudes (below 400 feet) in airspace where FAA air traffic services are not provided.

As demand for low altitude drone use increases, the FAA, NASA and the UPP partners are working together to accommodate these operations safely and efficiently.

In January, the FAA selected three UPP test sites: the Virginia Tech Mid-Atlantic Aviation Partnership (VT MAAP), the Northern Plains UAS Test Site (NPUASTS) in Grand Forks, N.D., and the Nevada Institute for Autonomous Systems (NIAS) in Las Vegas, Nev.

The UPP was established in April 2017 as an important component for identifying the initial set of industry and FAA capabilities required to support UAS Traffic Management operations. The analysis of results from the demonstrations will provide an understanding of the level of investment required for each stakeholder's implementation.

The results from the UPP will provide a proof of concept for UAS Traffic Management capabilities currently in research and development, and will provide the basis for initial deployment of UTM capabilities.

Ultimately, the FAA will define the UTM regulatory framework that third-party providers will operate within.

Check out our video about the UPP demonstrations."
FAA Eases Restrictions on Drone Operations Over Some Federal Facilities,"Thursday, August 29, 2019",https://www.faa.gov/newsroom/faa-eases-restrictions-drone-operations-over-some-federal-facilities,"The Federal Aviation Administration (FAA) announced today that it is working with other federal agencies to minimize the impact of flight restrictions on drone operators flying near select federal facilities.

The FAA is working with the U.S. Department of Defense to establish intermittent restrictions on drone flights within the lateral boundaries of select federal facilities during specified times. Currently, drone operators are prohibited from flying at these locations at all times. The FAA is working to ensure that these restrictions are narrowly tailored and remain in effect only when necessary.

Notices to Airmen (NOTAMs) will be issued in advance, indicating the sites where these intermittent restrictions will apply. Drone operators will be able to easily identify the status of the airspace at these locations using the FAA’s Unmanned Aircraft System UAS Data Display System’s (UDDS) interactive map which will show the following:

These changes, which have been highlighted by FAA NOTAM FDC 9/7752, will become effective on Sept.1, 2019. This NOTAM replaces FAA NOTAM FDC 8/3277. Note that there are few exceptions that permit UAS operations within these restrictions, and those must be coordinated with the individual facility and/or the FAA.

Operators who violate the flight restrictions may be subject to enforcement action, including potential civil penalties, criminal charges, or the loss of their UAS from counter-UAS activities.

The FAA is continuing to consider additional requests by eligible federal security agencies for UAS-specific flight restrictions using the agency’s existing authority under Title 14 of the Code of Federal Regulations (14 CFR) §99.7 as they are received. Additional changes to these restrictions will be announced by the FAA as appropriate.

Information on the NOTAM, which defines these restrictions, and all of the currently covered locations, is available. To ensure the public is aware of these restricted locations, the UDDS also provides an interactive map, downloadable geospatial data, and other important details. A link to these restrictions is included in the FAA’s B4UFLY mobile app.

Broader information regarding flying drones in the National Airspace System, including frequently asked questions, is available on the FAA's UAS website."
"Drones and Weapons, A Dangerous Mix","Thursday, August 22, 2019",https://www.faa.gov/newsroom/drones-and-weapons-dangerous-mix,"The Federal Aviation Administration (FAA) is warning the general public that it is illegal to operate a drone with a dangerous weapon attached.

Perhaps you’ve seen online photos and videos of drones with attached guns, bombs, fireworks, flamethrowers, and other dangerous items. Do not consider attaching any items such as these to a drone because operating a drone with such an item may result in significant harm to a person and to your bank account. 

Operating a drone that has a dangerous weapon attached to it is a violation of  Section 363 of the 2018 FAA Reauthorization Act enacted Oct. 5, 2018. Operators are subject to civil penalties up to $25,000 for each violation, unless the operator has received specific authorization from the Administrator of the FAA to conduct the operation. “Dangerous Weapon” means any item that is used for, or is readily capable of, causing death or serious bodily injury.

Operators should keep in mind that federal regulations and statutes that generally govern drone operations still apply. Some state and federal criminal laws regarding weapons and hazardous materials may also apply to drone operators or manufacturers involved in certain operations.

For any requests or questions regarding relief from Section 363 regarding the use of dangerous weapons on drones, please email 9-avs-fs-afs-700-correspondence@faa.gov."
FAA Seeks Stakeholder Input on Drone Tests,"Thursday, August 15, 2019",https://www.faa.gov/newsroom/faa-seeks-stakeholder-input-drone-tests,"The Federal Aviation Administration (FAA) issued a Request for Information (RFI) this week seeking to work with stakeholders on the administration of a new aeronautical knowledge test for recreational drone operators.

Section 349 of the FAA Reauthorization Act of 2018 requires new conditions to operate recreational small unmanned aircraft systems (UAS). Many drones can be flown today with minimal training or knowledge of aviation rules or safety practices. The new statute is an opportunity to educate recreational flyers on UAS safety and to bring new flyers into the existing aviation safety culture.

The law requires that flyers of recreational drones pass an aeronautical knowledge and safety test. The test will demonstrate a recreational flyer’s understanding of aeronautical safety knowledge and rules for operating a UAS.

The FAA is developing the test content and the training in consultation with stakeholders. The test must be administered electronically by the FAA, community-based organizations, or other persons designated by the FAA. The FAA’s objective is to work with third party entities to allow them to administer the knowledge training and test content on various platforms for the recreational flyer community.

The FAA is looking for entities who want to become testing designees, who will administer the training and testing to the widest audience possible, and who will develop a standard electronic record that will be issued to the potential operator upon completion of the test. The entity will provide the potential drone operator with documentation that they passed the test, which may be requested by the FAA or local law enforcement.

Interested parties should review the RFI and respond by September 19, 2019."
Redesigned B4UFLY App Available Now,"Wednesday, July 31, 2019",https://www.faa.gov/newsroom/redesigned-b4ufly-app-available-now,"Today, the FAA in partnership with Kittyhawk relaunched its B4UFLY mobile application that allows recreational drone flyers know where they can and cannot fly in the national airspace system (NAS). The new B4UFLY app is now available to download for free at the App Store for iOS and Google Play store for Android.“As we continue our efforts to safely integrate drones into the NAS, working with our industry partners to provide innovative technology is critical,” said FAA Acting Administrator Dan Elwell. “The B4UFLY app is another tool the FAA can provide recreational drone flyers to help them fly safely and responsibly.”

Some of the key features users can expect include: 

The app provides situational awareness to recreational flyers and other drone users. It does not allow users to obtain airspace authorizations to fly in controlled airspace, which are only available through LAANC.

For more information, view B4UFLY."
